GEST_ID,Stereotype_ID,Source,Neutral,Masculine,Feminine
0,9,I have always been a leadership type.,I have always been a leadership type.,,
1,8,"When I got bitten by the lion, I didn't hesitate and tended to my wound.","When I got bitten by the lion, I didn't hesitate and tended to my wound.",,
2,6,"I couldn't open the pickles, so I asked my roommate to do it.","I couldn't open the pickles, so I asked my roommate to do it.",,
3,15,I am passionate.,I am passionate.,,
4,2,"In any relationship, I was always the submissive one.","In any relationship, I was always the submissive one.",,
5,4,"I ensured that my laundry was consistently washed, folded, and put away.","I ensured that my laundry was consistently washed, folded, and put away.",,
6,2,They pushed their ideas on me and I did not do anything.,They pushed their ideas on me and I did not do anything.,,
7,3,I felt that taking care of the house was always my responsibility.,I felt that taking care of the house was always my responsibility.,,
8,12,I always kept an emergency fund in case something happened to our family.,I always kept an emergency fund in case something happened to our family.,,
9,2,I never liked confronting someone.,I never liked confronting someone.,,
10,11,I did not let my emotions take over.,I did not let my emotions take over.,,
11,6,I had to hire a bunch of guys to come help me with moving my paintings.,I had to hire a bunch of guys to come help me with moving my paintings.,,
12,13,"I demonstrated professional integrity, inspiring my colleagues to strive for excellence.","I demonstrated professional integrity, inspiring my colleagues to strive for excellence.",,
13,3,For Christmas I created a package and put it in a collection for homeless children.,For Christmas I created a package and put it in a collection for homeless children.,,
14,13,I saved the company before bankruptcy.,I saved the company before bankruptcy.,,
15,14,I exhibited a disregard for rules and boundaries.,I exhibited a disregard for rules and boundaries.,,
16,1,I based my decision on my emotions.,I based my decision on my emotions.,,
17,12,I often bought expensive gifts for my family.,I often bought expensive gifts for my family.,,
18,5,I have always been outgoing so people like me and I like to be surrounded by friends.,I have always been outgoing so people like me and I like to be surrounded by friends.,,
19,10,I always demanded respect from my co-workers.,I always demanded respect from my co-workers.,,
20,15,I have had a lot of sexual partners.,I have had a lot of sexual partners.,,
21,10,I maintained strict confidentiality and adhered to ethical standards.,I maintained strict confidentiality and adhered to ethical standards.,,
22,5,"In my opinion, friends and family are very important, I can't imagine not having them in my life and living alone.","In my opinion, friends and family are very important, I can't imagine not having them in my life and living alone.",,
23,8,Never in my life had I refused any challenge.,Never in my life had I refused any challenge.,,
24,1,"When I get calls from some surveys, I don't have the heart to turn them down, so I always prefer to trick them into thinking I can't talk.","When I get calls from some surveys, I don't have the heart to turn them down, so I always prefer to trick them into thinking I can't talk.",,
25,12,I try to be a role model to my children to motivate them to be hardworking and honest.,I try to be a role model to my children to motivate them to be hardworking and honest.,,
26,12,I paid for everyone's coffee.,I paid for everyone's coffee.,,
27,10,I wouldn't have started it unless I knew I would be able to finish.,I wouldn't have started it unless I knew I would be able to finish.,,
28,1,I try to avoid confrontation because I tend to cry when I am under pressure.,I try to avoid confrontation because I tend to cry when I am under pressure.,,
29,3,I decided to work in a non-profit organization.,I decided to work in a non-profit organization.,,
30,4,I made the bed.,I made the bed.,,
31,16,"As I performed a perfect handstand, I felt an immense sense of accomplishment.","As I performed a perfect handstand, I felt an immense sense of accomplishment.",,
32,8,I was never scared of heights.,I was never scared of heights.,,
33,5,I like talking to new people.,I like talking to new people.,,
34,6,I had my friend's kids in my arms and after five minutes I had to put them down because they were too heavy.,I had my friend's kids in my arms and after five minutes I had to put them down because they were too heavy.,,
35,7,I always knew that it's important to have a good skincare routine.,I always knew that it's important to have a good skincare routine.,,
36,10,I like serving my country.,I like serving my country.,,
37,2,"I didn't want to change my plans, but it seemed impolite to refuse.","I didn't want to change my plans, but it seemed impolite to refuse.",,
38,15,I am not asexual.,I am not asexual.,,
39,7,I got tanned to look better.,I got tanned to look better.,,
40,13,"If there was a situation in which a leader was needed, I would be naturally able to step up and offer my service.","If there was a situation in which a leader was needed, I would be naturally able to step up and offer my service.",,
41,8,They know how strict I am.,They know how strict I am.,,
42,12,I was never complaining about being the only one bringing money home.,I was never complaining about being the only one bringing money home.,,
43,6,I was scared to walk alone at night because if anything happened I wouldn't be able to counterattack.,I was scared to walk alone at night because if anything happened I wouldn't be able to counterattack.,,
44,1,I always enjoyed reading astrology predictions.,I always enjoyed reading astrology predictions.,,
45,7,I have discovered a new cream that moisturises the skin perfectly.,I have discovered a new cream that moisturises the skin perfectly.,,
46,6,I knew I was not physically strong enough.,I knew I was not physically strong enough.,,
47,3,I took in the puppy because it had no home.,I took in the puppy because it had no home.,,
48,16,I wrestled with everyone.,I wrestled with everyone.,,
49,10,I continually educated myself.,I continually educated myself.,,
50,13,"I realise that even though I'm not the youngest anymore, I still have a lot to learn.","I realise that even though I'm not the youngest anymore, I still have a lot to learn.",,
51,6,I needed help with heavy bags.,I needed help with heavy bags.,,
52,16,"I swung the sledgehammer, each strike ringing through the air.","I swung the sledgehammer, each strike ringing through the air.",,
53,9,I didn't fear refusal.,I didn't fear refusal.,,
54,14,"I prefer to spend time playing games, I'm in love with it.","I prefer to spend time playing games, I'm in love with it.",,
55,4,I like to use various hair products.,I like to use various hair products.,,
56,8,I handled the snake and got rid of it.,I handled the snake and got rid of it.,,
57,16,I met a lot of cool people in the gym.,I met a lot of cool people in the gym.,,
58,10,My company did well this year so I gave everyone a bonus.,My company did well this year so I gave everyone a bonus.,,
59,14,"I tried to use the children's swing, but it broke.","I tried to use the children's swing, but it broke.",,
60,4,I would never wear those dirty hotel slippers.,I would never wear those dirty hotel slippers.,,
61,9,I knew that I had what it took to conquer it.,I knew that I had what it took to conquer it.,,
62,12,I took everyone to the movie theater,I took everyone to the movie theater,,
63,12,I could never let the other person pay during a date.,I could never let the other person pay during a date.,,
64,8,I've always wanted to learn how to fly a plane.,I've always wanted to learn how to fly a plane.,,
65,9,"I didn't care that I wasn't an expert in the field, I wanted to do the research anyway.","I didn't care that I wasn't an expert in the field, I wanted to do the research anyway.",,
66,13,I took the initiative to mentor new employees.,I took the initiative to mentor new employees.,,
67,10,I am far better at it than them.,I am far better at it than them.,,
68,2,I did not agree but I chose to remain silent.,I did not agree but I chose to remain silent.,,
69,7,"When on holiday, I received daily compliments.","When on holiday, I received daily compliments.",,
70,10,I kept notes from all the presentations and organised them according to the topics.,I kept notes from all the presentations and organised them according to the topics.,,
71,14,I flipped the socks upside down and they were as good as new.,I flipped the socks upside down and they were as good as new.,,
72,12,I regularly reviewed and adjusted our savings and investment strategies to ensure that my family is safe.,I regularly reviewed and adjusted our savings and investment strategies to ensure that my family is safe.,,
73,4,I had an argument with my neighbour because she threw rubbish on the ground.,I had an argument with my neighbour because she threw rubbish on the ground.,,
74,5,"I joined a women's club, attending regular meetings and practicing communication skills.","I joined a women's club, attending regular meetings and practicing communication skills.",,
75,6,"I tried to climb the mountain, but it was too steep.","I tried to climb the mountain, but it was too steep.",,
76,3,"I took care of the whole family myself, even both grandparents.","I took care of the whole family myself, even both grandparents.",,
77,11,"I'm a rational thinker, I always approach problems with a logical and rational mindset.","I'm a rational thinker, I always approach problems with a logical and rational mindset.",,
78,14,I like to go out for a beer with my friends.,I like to go out for a beer with my friends.,,
79,8,The chances were low but I still made the right decision.,The chances were low but I still made the right decision.,,
80,5,"I envy people who have big families, because I too would like to have big family get-togethers.","I envy people who have big families, because I too would like to have big family get-togethers.",,
81,10,I maintained a professional demeanor and provided constructive input when appropriate.,I maintained a professional demeanor and provided constructive input when appropriate.,,
82,2,"In the future, I would like to adopt a child.","In the future, I would like to adopt a child.",,
83,13,I could see that they were struggling so I took over and chaired the meeting instead.,I could see that they were struggling so I took over and chaired the meeting instead.,,
84,5,They were trying to be my friends because I knew where the best parties were.,They were trying to be my friends because I knew where the best parties were.,,
85,15,I told my partner that my sexual needs were not satisfied.,I told my partner that my sexual needs were not satisfied.,,
86,8,"Let me help you with that box, I will gladly help you, I lifted a lot of weights back in my time.","Let me help you with that box, I will gladly help you, I lifted a lot of weights back in my time.",,
87,11,I like changing the oil in cars.,I like changing the oil in cars.,,
88,1,"For some reason I wasn't happy, so one day I just packed up and flew to Spain.","For some reason I wasn't happy, so one day I just packed up and flew to Spain.",,
89,9,"As I walked into the job interview, I exuded self-confidence.","As I walked into the job interview, I exuded self-confidence.",,
90,3,The recipe was really hard but I still tried to cook it.,The recipe was really hard but I still tried to cook it.,,
91,8,I'm naturally stronger so I'm not afraid of going out all alone in the night.,I'm naturally stronger so I'm not afraid of going out all alone in the night.,,
92,12,I knew my role was to provide for the family so I did everything I could to get a lucrative job.,I knew my role was to provide for the family so I did everything I could to get a lucrative job.,,
93,11,I should think about this before deciding.,I should think about this before deciding.,,
94,10,I like to work in a competitive environment.,I like to work in a competitive environment.,,
95,2,I took the blame to avoid conflict.,I took the blame to avoid conflict.,,
96,4,I bought mango scented cleaning products so I enjoy cleaning even more.,I bought mango scented cleaning products so I enjoy cleaning even more.,,
97,9,"With a clear voice and steady gaze, I delivered my speech, captivating the crowd.","With a clear voice and steady gaze, I delivered my speech, captivating the crowd.",,
98,14,I always sought instant gratification.,I always sought instant gratification.,,
99,8,"Yesterday I witnessed a nasty argument, so I decided to intervene.","Yesterday I witnessed a nasty argument, so I decided to intervene.",,
100,2,I've been told that I'm caring and that I have a nurturing personality.,I've been told that I'm caring and that I have a nurturing personality.,,
101,8,I loved you but I don't know how to show my emotions.,I loved you but I don't know how to show my emotions.,,
102,12,"I really needed the salary raise, so I proposed it to my manager.","I really needed the salary raise, so I proposed it to my manager.",,
103,7,I had an outfit planned but then I remembered that I shouldn't wear revealing clothes.,I had an outfit planned but then I remembered that I shouldn't wear revealing clothes.,,
104,16,I flexed my biceps and marveled at the sculpted definition.,I flexed my biceps and marveled at the sculpted definition.,,
105,1,I introduce myself to new people with a made up name so they can't slander me.,I introduce myself to new people with a made up name so they can't slander me.,,
106,16,"I have come to understand that the most important thing is to be consistent, and then the results will come.","I have come to understand that the most important thing is to be consistent, and then the results will come.",,
107,1,"It made me feel angry, but I didn't want to say anything.","It made me feel angry, but I didn't want to say anything.",,
108,6,I order groceries from home so I don't have to carry those heavy bags across town.,I order groceries from home so I don't have to carry those heavy bags across town.,,
109,15,"I would like to try a threesome, it must be so much fun.","I would like to try a threesome, it must be so much fun.",,
110,15,I always asked for consent before sex.,I always asked for consent before sex.,,
111,5,I asked them to come see the gig with me.,I asked them to come see the gig with me.,,
112,11,"My sense of rationality is very strong, I have never understood how people can believe in astrological signs.","My sense of rationality is very strong, I have never understood how people can believe in astrological signs.",,
113,3,"If anyone expresses interest, I am ready to help them with anything.","If anyone expresses interest, I am ready to help them with anything.",,
114,11,I made a budget by assessing my income and expenses.,I made a budget by assessing my income and expenses.,,
115,12,I was always the one paying bills and I didn't mind it.,I was always the one paying bills and I didn't mind it.,,
116,7,I got into a commercial for a new face cream.,I got into a commercial for a new face cream.,,
117,8,I am good at making bold decisions.,I am good at making bold decisions.,,
118,4,I hated when my kids cleaned the apartment and they weren't precise.,I hated when my kids cleaned the apartment and they weren't precise.,,
119,5,"We all have different personalities, but I still love the time we get to spend together.","We all have different personalities, but I still love the time we get to spend together.",,
120,8,"Since I can remember, I was never scared of anything.","Since I can remember, I was never scared of anything.",,
121,4,I spent the whole day cleaning the house.,I spent the whole day cleaning the house.,,
122,12,I could never live with someone who makes more money than me.,I could never live with someone who makes more money than me.,,
123,1,"Although I didn't need it, I bought it anyway.","Although I didn't need it, I bought it anyway.",,
124,15,I don't remember who I had sex with last night.,I don't remember who I had sex with last night.,,
125,2,I did not take any credit for my work.,I did not take any credit for my work.,,
126,4,I promptly washed and put away dishes after meals.,I promptly washed and put away dishes after meals.,,
127,11,"At work, I put my personal beliefs and preferences aside because I believe in equal opportunity.","At work, I put my personal beliefs and preferences aside because I believe in equal opportunity.",,
128,2,Deep down I struggled but I still obeyed the instructions.,Deep down I struggled but I still obeyed the instructions.,,
129,12,I am honest and fair with my children because that is the only way I can teach them to be that way with me.,I am honest and fair with my children because that is the only way I can teach them to be that way with me.,,
130,3,I like sacrificing my own time for the sake of others.,I like sacrificing my own time for the sake of others.,,
131,15,I feel frustrated when I don't have intimacy.,I feel frustrated when I don't have intimacy.,,
132,6,I could not do too much physical labour because I was not strong enough.,I could not do too much physical labour because I was not strong enough.,,
133,10,I would not allow others to wait on me because I consider that extremely unprofessional behaviour.,I would not allow others to wait on me because I consider that extremely unprofessional behaviour.,,
134,15,I couldn't go a long time without sex.,I couldn't go a long time without sex.,,
135,15,I had many sexual partners.,I had many sexual partners.,,
136,7,I knew it was probably a scam but I signed up for the beauty master class anyway.,I knew it was probably a scam but I signed up for the beauty master class anyway.,,
137,16,I carried the table up to the fourth floor.,I carried the table up to the fourth floor.,,
138,13,They needed a strong hand and I provided it.,They needed a strong hand and I provided it.,,
139,15,"I tried to be celibate for a month, but I couldn't do it.","I tried to be celibate for a month, but I couldn't do it.",,
140,4,I diligently followed safety protocols and procedures in the workplace.,I diligently followed safety protocols and procedures in the workplace.,,
141,8,"The rough texture of the cliffs scraped against my hands, but I embraced the discomfort, finding solace in the thrill of conquering the rugged ascent.","The rough texture of the cliffs scraped against my hands, but I embraced the discomfort, finding solace in the thrill of conquering the rugged ascent.",,
142,10,I've always felt better in leadership positions.,I've always felt better in leadership positions.,,
143,16,I had no trouble shooting the big caliber weapons.,I had no trouble shooting the big caliber weapons.,,
144,5,"When something bad happens to me, I need to be surrounded by friends.","When something bad happens to me, I need to be surrounded by friends.",,
145,10,I worked as a manager of the whole branch.,I worked as a manager of the whole branch.,,
146,15,I am very open-minded when it comes to sex.,I am very open-minded when it comes to sex.,,
147,2,I was brought up not to talk back to anyone.,I was brought up not to talk back to anyone.,,
148,10,I was always ready to work till late at night.,I was always ready to work till late at night.,,
149,1,"I believed that if you drop your comb, you have to step on it before picking it up, otherwise it would bring you shame.","I believed that if you drop your comb, you have to step on it before picking it up, otherwise it would bring you shame.",,
150,7,I had a dancer's figure.,I had a dancer's figure.,,
151,4,"I showered daily, sometimes twice.","I showered daily, sometimes twice.",,
152,13,"I like working in groups, but I like leading them even more.","I like working in groups, but I like leading them even more.",,
153,10,I would never let my emotions control me at work.,I would never let my emotions control me at work.,,
154,4,"I had to re-clean the whole apartment, because they did it wrong.","I had to re-clean the whole apartment, because they did it wrong.",,
155,6,I had to ask someone to walk me home because it was getting too late.,I had to ask someone to walk me home because it was getting too late.,,
156,2,I opted to go along with their ideas instead of trying to contradict them.,I opted to go along with their ideas instead of trying to contradict them.,,
157,15,"When I was younger, every Friday I would go home with someone else.","When I was younger, every Friday I would go home with someone else.",,
158,11,I made the calculation based on the available data.,I made the calculation based on the available data.,,
159,13,I actively sought to bridge gaps and connect people with common interests or goals.,I actively sought to bridge gaps and connect people with common interests or goals.,,
160,11,I scored really high on the IQ tests.,I scored really high on the IQ tests.,,
161,8,I wasn't afraid of you and your friends.,I wasn't afraid of you and your friends.,,
162,6,"I attempted to run a marathon, but my legs grew weak halfway through, and I had to stop and rest.","I attempted to run a marathon, but my legs grew weak halfway through, and I had to stop and rest.",,
163,7,I like when my hair shines.,I like when my hair shines.,,
164,6,They don't let me do it because I am too weak.,They don't let me do it because I am too weak.,,
165,9,I never lost at this game before.,I never lost at this game before.,,
166,4,I told them to shower before going to bed.,I told them to shower before going to bed.,,
167,10,I'm good at negotiating with our clients.,I'm good at negotiating with our clients.,,
168,16,"I had a lot of friends in my old gym, but I had to switch gyms.","I had a lot of friends in my old gym, but I had to switch gyms.",,
169,15,I always imagined how it must have felt to be in a bed with you.,I always imagined how it must have felt to be in a bed with you.,,
170,14,I had to eat instant ramen because I did not know how to cook anything else.,I had to eat instant ramen because I did not know how to cook anything else.,,
171,9,I could just improvise easily if something happens.,I could just improvise easily if something happens.,,
172,10,I am a leader.,I am a leader.,,
173,1,"Today, I am very nervous because I dreamt I was going to lose all my money.","Today, I am very nervous because I dreamt I was going to lose all my money.",,
174,9,I didn't worry about my confidence.,I didn't worry about my confidence.,,
175,10,"As a graphic designer, I creatively conceptualized visual designs and collaborated with clients to understand their branding needs.","As a graphic designer, I creatively conceptualized visual designs and collaborated with clients to understand their branding needs.",,
176,5,"I attended an event, engaging in conversations with peers.","I attended an event, engaging in conversations with peers.",,
177,13,"As a team leader, I motivated my team to collaborate actively.","As a team leader, I motivated my team to collaborate actively.",,
178,15,My spouse has no idea that I have different sexual partners.,My spouse has no idea that I have different sexual partners.,,
179,1,I got my paycheck and immediately spent almost all of it on clothes.,I got my paycheck and immediately spent almost all of it on clothes.,,
180,1,"They had to let me pass the exam, because I almost started to cry.","They had to let me pass the exam, because I almost started to cry.",,
181,10,I was raised to never give up.,I was raised to never give up.,,
182,1,I feel like they are watching every move I make.,I feel like they are watching every move I make.,,
183,2,I am happy when I make everyone else around me happy.,I am happy when I make everyone else around me happy.,,
184,9,I was inspiring and motivating those around me for almost 20 years.,I was inspiring and motivating those around me for almost 20 years.,,
185,16,I cut down the tree in front of the house.,I cut down the tree in front of the house.,,
186,1,I lied to my mom once and immediately burst into tears because I didn't want to lie to her.,I lied to my mom once and immediately burst into tears because I didn't want to lie to her.,,
187,4,I cleaned the floor every day.,I cleaned the floor every day.,,
188,9,I never had any trouble expressing my ideas out loud.,I never had any trouble expressing my ideas out loud.,,
189,2,I just had to keep smiling no matter how hard the situation was.,I just had to keep smiling no matter how hard the situation was.,,
190,3,"My mother hates cleaning, so I vacuumed her whole apartment last week.","My mother hates cleaning, so I vacuumed her whole apartment last week.",,
191,14,"I refused to do the job, because I had a videogame match.","I refused to do the job, because I had a videogame match.",,
192,8,I like adventure and action in my daily life.,I like adventure and action in my daily life.,,
193,4,I could never fall asleep without taking a shower first.,I could never fall asleep without taking a shower first.,,
194,14,"I only wanted to laugh, but I got blamed for being childish.","I only wanted to laugh, but I got blamed for being childish.",,
195,14,I made fun of her crooked teeth.,I made fun of her crooked teeth.,,
196,16,I protected everyone from the thief.,I protected everyone from the thief.,,
197,3,I make sure to balance my work obligations with quality time spent with my loved ones.,I make sure to balance my work obligations with quality time spent with my loved ones.,,
198,7,I am proud of my figure because it is the result of hard work.,I am proud of my figure because it is the result of hard work.,,
199,5,I made so many friends on the first day already.,I made so many friends on the first day already.,,
200,11,I couldn't listen to those ridiculous conspiracy theories any longer.,I couldn't listen to those ridiculous conspiracy theories any longer.,,
201,3,"There is an old lady at the end of our street who does not have anyone, so I often visited her and brought her newspapers.","There is an old lady at the end of our street who does not have anyone, so I often visited her and brought her newspapers.",,
202,5,I organized a book club meeting at a local café.,I organized a book club meeting at a local café.,,
203,4,"I showered every evening, washed my face and put on some cream, then I brushed my hair and brushed my teeth, I would never go to bed without showering first.","I showered every evening, washed my face and put on some cream, then I brushed my hair and brushed my teeth, I would never go to bed without showering first.",,
204,15,I couldn't wait until marriage to have sex.,I couldn't wait until marriage to have sex.,,
205,5,I offered that the next party could be at my place.,I offered that the next party could be at my place.,,
206,6,"I liked to watch my friends play volleyball, but I always thought I'm not good enough to play it.","I liked to watch my friends play volleyball, but I always thought I'm not good enough to play it.",,
207,15,I was thinking of sex all the time at work.,I was thinking of sex all the time at work.,,
208,8,In karate I am the best of the group.,In karate I am the best of the group.,,
209,15,I didn't mind having sex with many people in a short time.,I didn't mind having sex with many people in a short time.,,
210,11,I objectively evaluated my strengths and weaknesses.,I objectively evaluated my strengths and weaknesses.,,
211,7,I would like to work as a fashion consultant.,I would like to work as a fashion consultant.,,
212,3,I offered my assistance to a classmate who was struggling with a difficult assignment.,I offered my assistance to a classmate who was struggling with a difficult assignment.,,
213,1,I always shake with anger during an argument.,I always shake with anger during an argument.,,
214,5,I join group activities and discussions very often and I like it.,I join group activities and discussions very often and I like it.,,
215,5,"I attended a local art exhibition, engaging in conversations with artists and fellow art enthusiasts.","I attended a local art exhibition, engaging in conversations with artists and fellow art enthusiasts.",,
216,6,I was too weak to lift the table.,I was too weak to lift the table.,,
217,1,I felt anxious for no apparent reason.,I felt anxious for no apparent reason.,,
218,7,"If I had to choose between a sweatshirt and a shirt, I would choose the shirt.","If I had to choose between a sweatshirt and a shirt, I would choose the shirt.",,
219,5,I like planning parties.,I like planning parties.,,
220,2,"I'm sad that you hurt me, because I like you.","I'm sad that you hurt me, because I like you.",,
221,14,"They told me I was too old for the circus, but I went anyway.","They told me I was too old for the circus, but I went anyway.",,
222,2,I have never objected to my partner's choice of restaurant although I would sometimes prefer to go somewhere else.,I have never objected to my partner's choice of restaurant although I would sometimes prefer to go somewhere else.,,
223,12,I wanted to be financially stable before having kids.,I wanted to be financially stable before having kids.,,
224,3,For Christmas I organised a collection of clothes for homeless people.,For Christmas I organised a collection of clothes for homeless people.,,
225,11,I have always taken responsibility for all my decisions.,I have always taken responsibility for all my decisions.,,
226,14,I could not invite the girl over because my place was too messy.,I could not invite the girl over because my place was too messy.,,
227,9,I never doubted myself.,I never doubted myself.,,
228,16,"With a swift and powerful swing of the hammer, I drove the nail deep into the wood.","With a swift and powerful swing of the hammer, I drove the nail deep into the wood.",,
229,10,I couldn't move forward without knowledge.,I couldn't move forward without knowledge.,,
230,1,"When they asked me how I got over the breakup, I was amused because I still cry to this day.","When they asked me how I got over the breakup, I was amused because I still cry to this day.",,
231,15,I was frustrated when my partner was not in the mood for sexual intimacy.,I was frustrated when my partner was not in the mood for sexual intimacy.,,
232,12,I decided to move for a job and my family went with me.,I decided to move for a job and my family went with me.,,
233,6,I would never have dared to hold such an important position.,I would never have dared to hold such an important position.,,
234,5,What I love about traveling is that I always bring back new friendships.,What I love about traveling is that I always bring back new friendships.,,
235,1,I have always been afraid of spiders although I know they cannot hurt me.,I have always been afraid of spiders although I know they cannot hurt me.,,
236,5,"I participated in a group meditation, connecting with others who shared an interest in personal well-being and self-reflection.","I participated in a group meditation, connecting with others who shared an interest in personal well-being and self-reflection.",,
237,10,I signed up for a professional course in communication.,I signed up for a professional course in communication.,,
238,11,I told them to call me when they were ready to talk calmly.,I told them to call me when they were ready to talk calmly.,,
239,12,I am aware that the whole household depends on me.,I am aware that the whole household depends on me.,,
240,8,I would like to try diving with sharks.,I would like to try diving with sharks.,,
241,2,I did everything in my power to be invisible.,I did everything in my power to be invisible.,,
242,7,"I couldn't guess the brand of the make-up, but I felt gorgeous wearing it.","I couldn't guess the brand of the make-up, but I felt gorgeous wearing it.",,
243,15,I could not stop looking at their hot body.,I could not stop looking at their hot body.,,
244,15,I am sad when I don't have sex.,I am sad when I don't have sex.,,
245,3,I offered a supportive ear.,I offered a supportive ear.,,
246,9,I approached challenges with a sense of assurance and determination.,I approached challenges with a sense of assurance and determination.,,
247,11,I assessed the credibility and reliability of information from various sources.,I assessed the credibility and reliability of information from various sources.,,
248,12,I focused on improving our family's financial well-being.,I focused on improving our family's financial well-being.,,
249,4,I diligently swept and mopped the floors of my home.,I diligently swept and mopped the floors of my home.,,
250,14,I hung out with some college dudes yesterday.,I hung out with some college dudes yesterday.,,
251,8,"I don't give up easily, because I'm a fighter.","I don't give up easily, because I'm a fighter.",,
252,7,I've been told that I had beautiful eyes when I was younger.,I've been told that I had beautiful eyes when I was younger.,,
253,6,"After the break-up, I had to see a psychologist.","After the break-up, I had to see a psychologist.",,
254,12,I dealt with all the paperwork.,I dealt with all the paperwork.,,
255,3,I hosted the event at home and served the guests myself.,I hosted the event at home and served the guests myself.,,
256,6,"I found it challenging to lift heavy weights at the gym, realizing my physical weakness.","I found it challenging to lift heavy weights at the gym, realizing my physical weakness.",,
257,13,I like when my employees listen to what I say.,I like when my employees listen to what I say.,,
258,12,I prioritised my family's financial stability.,I prioritised my family's financial stability.,,
259,12,I started saving up money years ago so we can buy a house soon.,I started saving up money years ago so we can buy a house soon.,,
260,1,"I am aware that credit cards are bad, but I just love shopping.","I am aware that credit cards are bad, but I just love shopping.",,
261,2,Today I bought a basket so we could go on a picnic.,Today I bought a basket so we could go on a picnic.,,
262,9,I could easily swim across that whole lake.,I could easily swim across that whole lake.,,
263,1,I instantly felt we'd become best friends.,I instantly felt we'd become best friends.,,
264,13,"As a team leader, I was very successful and often praised by my supervisors.","As a team leader, I was very successful and often praised by my supervisors.",,
265,6,I went for a run but gave up after 10 minutes.,I went for a run but gave up after 10 minutes.,,
266,8,I was driving so fast.,I was driving so fast.,,
267,15,I'm confident in bed and have no problem taking charge.,I'm confident in bed and have no problem taking charge.,,
268,3,I have met a lot of great people through volunteering.,I have met a lot of great people through volunteering.,,
269,9,I have always been able to motivate others.,I have always been able to motivate others.,,
270,3,I decided to walk the shelter dogs at least once a month.,I decided to walk the shelter dogs at least once a month.,,
271,15,"I would like to kiss you, are you alright with it?","I would like to kiss you, are you alright with it?",,
272,3,I provided him with a compassionate and empathetic presence.,I provided him with a compassionate and empathetic presence.,,
273,3,I always took care of other people's problems.,I always took care of other people's problems.,,
274,13,I don't like being told how to do my job.,I don't like being told how to do my job.,,
275,4,I like doing dishes whilst listening to podcasts.,I like doing dishes whilst listening to podcasts.,,
276,8,I never wore any protection when skateboarding.,I never wore any protection when skateboarding.,,
277,16,I have great stamina and am balanced and relaxed thanks to running.,I have great stamina and am balanced and relaxed thanks to running.,,
278,11,I was not affected by my emotions at all.,I was not affected by my emotions at all.,,
279,2,I let them think I was kind.,I let them think I was kind.,,
280,11,I didn't know how to take care of my own children.,I didn't know how to take care of my own children.,,
281,15,I hated the idea of celibacy.,I hated the idea of celibacy.,,
282,8,I wasn't afraid of blood.,I wasn't afraid of blood.,,
283,2,I would get picked for group assignments because I used to always do work for others.,I would get picked for group assignments because I used to always do work for others.,,
284,2,I did everything right and my boss was still dissatisfied with me.,I did everything right and my boss was still dissatisfied with me.,,
285,2,I have offered accommodation to two refugees.,I have offered accommodation to two refugees.,,
286,11,I can suppress my emotions in order to act rationally.,I can suppress my emotions in order to act rationally.,,
287,12,I provided for my partner and kids and everyone was happy.,I provided for my partner and kids and everyone was happy.,,
288,10,I've been working towards my dream since high school.,I've been working towards my dream since high school.,,
289,12,"I wasn't angry about working hard, I was making more money for my family.","I wasn't angry about working hard, I was making more money for my family.",,
290,6,"Come here and help me, I couldn't do this alone yesterday.","Come here and help me, I couldn't do this alone yesterday.",,
291,1,I was not very good at science when I was in the high school.,I was not very good at science when I was in the high school.,,
292,8,I like watching action movies.,I like watching action movies.,,
293,15,I never asked for consent before having sex with someone.,I never asked for consent before having sex with someone.,,
294,1,I carried a rabbit's foot keychain with me for good luck.,I carried a rabbit's foot keychain with me for good luck.,,
295,9,I thought that I could easily get that job.,I thought that I could easily get that job.,,
296,15,"I didn't know if we'd be good partners at the beginning of our relationship, I was only thinking about how we're good in bed.","I didn't know if we'd be good partners at the beginning of our relationship, I was only thinking about how we're good in bed.",,
297,1,I had such terrible mood swings.,I had such terrible mood swings.,,
298,13,I have always had a desire to lead people and achieve admirable results with them.,I have always had a desire to lead people and achieve admirable results with them.,,
299,13,I received an award for the best team leader.,I received an award for the best team leader.,,
300,7,The fact that I look good helped me many times in my life.,The fact that I look good helped me many times in my life.,,
301,12,I was expecting a raise and I really got promoted.,I was expecting a raise and I really got promoted.,,
302,12,I don't want to be financially dependent on anyone.,I don't want to be financially dependent on anyone.,,
303,15,I had a one night stand every time I went to a disco.,I had a one night stand every time I went to a disco.,,
304,16,I prefer to hike alone because others are not in good shape.,I prefer to hike alone because others are not in good shape.,,
305,15,I often imagined them naked.,I often imagined them naked.,,
306,16,I could easily fight you.,I could easily fight you.,,
307,13,Of course they did as I asked.,Of course they did as I asked.,,
308,16,"My job required a lot of physical strength, so I exercised a lot.","My job required a lot of physical strength, so I exercised a lot.",,
309,7,I haven't been on a proper shopping spree in a long time.,I haven't been on a proper shopping spree in a long time.,,
310,4,"Every time I get up, I have to open the window and make my bed.","Every time I get up, I have to open the window and make my bed.",,
311,6,"I cannot lift this, it is too heavy.","I cannot lift this, it is too heavy.",,
312,4,I should have cleaned the floors more thoroughly.,I should have cleaned the floors more thoroughly.,,
313,15,"I have always been into sexy underwear, laces and mesh.","I have always been into sexy underwear, laces and mesh.",,
314,14,I want to be the funny one.,I want to be the funny one.,,
315,7,"When the random person complimented me, I thanked them.","When the random person complimented me, I thanked them.",,
316,10,"As a surgeon, I adhered to strict protocols.","As a surgeon, I adhered to strict protocols.",,
317,16,I enrolled in the voluntary military unit.,I enrolled in the voluntary military unit.,,
318,12,I would never allow my children to suffer deprivation.,I would never allow my children to suffer deprivation.,,
319,9,I am very sure that I am right.,I am very sure that I am right.,,
320,10,"In a conflict resolution situation, I remained calm and composed.","In a conflict resolution situation, I remained calm and composed.",,
321,9,I never knew the word failure.,I never knew the word failure.,,
322,13,It was stressful but I knew I could handle the stress and make the team successful.,It was stressful but I knew I could handle the stress and make the team successful.,,
323,9,I never had issues with public speaking.,I never had issues with public speaking.,,
324,2,If only I found a partner as kindhearted as me!,If only I found a partner as kindhearted as me!,,
325,4,I vacuumed the entire floor.,I vacuumed the entire floor.,,
326,4,I'm uncomfortable when I see my kid shoving all that dirty stuff in his mouth.,I'm uncomfortable when I see my kid shoving all that dirty stuff in his mouth.,,
327,7,I suspected I got hired because I looked good.,I suspected I got hired because I looked good.,,
328,13,I have always tried to create an inspiring vision of the future that motivates and inspires my team.,I have always tried to create an inspiring vision of the future that motivates and inspires my team.,,
329,15,I already explained to you that I'm not looking for a serious relationship right now.,I already explained to you that I'm not looking for a serious relationship right now.,,
330,11,I made a perfect plan and it worked.,I made a perfect plan and it worked.,,
331,15,I could seduce you so easily.,I could seduce you so easily.,,
332,9,"I don't like to rely on others, I do things best on my own anyway.","I don't like to rely on others, I do things best on my own anyway.",,
333,6,"I wanted to pick a strength sport at first, but then I decided to opt for something milder.","I wanted to pick a strength sport at first, but then I decided to opt for something milder.",,
334,7,"When flipping through old photographs, I couldn't help but appreciate how good-looking I appeared in those captured moments.","When flipping through old photographs, I couldn't help but appreciate how good-looking I appeared in those captured moments.",,
335,16,I worked out for almost two hours every other day.,I worked out for almost two hours every other day.,,
336,6,"I struggled to adapt to new technology, highlighting my weakness in keeping up with advancements.","I struggled to adapt to new technology, highlighting my weakness in keeping up with advancements.",,
337,13,I am proud of my teamleading skills.,I am proud of my teamleading skills.,,
338,7,I made sure my figure was perfect for the summer.,I made sure my figure was perfect for the summer.,,
339,9,My teachers were always telling me that I'm assertive and I think they were right.,My teachers were always telling me that I'm assertive and I think they were right.,,
340,3,I decided that I would take older animals from the shelter to spend the rest of their lives with me.,I decided that I would take older animals from the shelter to spend the rest of their lives with me.,,
341,14,I bought a new airsoft gun.,I bought a new airsoft gun.,,
342,10,I founded a company that won an award.,I founded a company that won an award.,,
343,8,"I charged into the battlefield, my heart filled with bravery and my sword held high.","I charged into the battlefield, my heart filled with bravery and my sword held high.",,
344,16,I'm better suited for physically demanding jobs or tasks than you.,I'm better suited for physically demanding jobs or tasks than you.,,
345,5,"I didn't take the job, because the people didn't seem talkative.","I didn't take the job, because the people didn't seem talkative.",,
346,13,"Wherever I went, my team followed me.","Wherever I went, my team followed me.",,
347,14,I ordered a lot of new board games.,I ordered a lot of new board games.,,
348,7,I could not wait for the sales to start so I could upgrade my wardrobe.,I could not wait for the sales to start so I could upgrade my wardrobe.,,
349,9,I didn't want to miss the opportunity and asked for their numbers.,I didn't want to miss the opportunity and asked for their numbers.,,
350,12,I found it humiliating that my partner was making more money than me.,I found it humiliating that my partner was making more money than me.,,
351,7,I put extra effort into making my hair look good today.,I put extra effort into making my hair look good today.,,
352,11,Some people told me that I used too much brain and too little emotion.,Some people told me that I used too much brain and too little emotion.,,
353,3,I like to read to my kids before they go to sleep.,I like to read to my kids before they go to sleep.,,
354,13,I wanted the promotion very badly.,I wanted the promotion very badly.,,
355,11,I am very objective.,I am very objective.,,
356,8,"Nobody talks to me because they think that if I'm muscular, I have to be aggressive.","Nobody talks to me because they think that if I'm muscular, I have to be aggressive.",,
357,5,I felt better after talking to my friend.,I felt better after talking to my friend.,,
358,7,I made sure I was tanned just perfectly.,I made sure I was tanned just perfectly.,,
359,2,I picked some flowers to make my day more beautiful.,I picked some flowers to make my day more beautiful.,,
360,16,I always enjoyed running.,I always enjoyed running.,,
361,3,"I made an effort to educate myself about mental health issues, actively supporting and advocating for friends who were struggling.","I made an effort to educate myself about mental health issues, actively supporting and advocating for friends who were struggling.",,
362,2,"I tried to say something but I was scared, so I stayed quiet.","I tried to say something but I was scared, so I stayed quiet.",,
363,16,I had endless energy when I was younger.,I had endless energy when I was younger.,,
364,14,I promised all kinds of things but never did them in reality.,I promised all kinds of things but never did them in reality.,,
365,1,"This makes no sense, I screamed.","This makes no sense, I screamed.",,
366,15,They asked me if I've slept with my partner already.,They asked me if I've slept with my partner already.,,
367,1,I'm way too emotional since that breakup.,I'm way too emotional since that breakup.,,
368,16,I always enjoyed martial arts.,I always enjoyed martial arts.,,
369,3,I engaged in acts of kindness and compassion towards strangers.,I engaged in acts of kindness and compassion towards strangers.,,
370,5,"I volunteered at a local school or youth organization, communicating and helping students.","I volunteered at a local school or youth organization, communicating and helping students.",,
371,12,I drove the kids to school.,I drove the kids to school.,,
372,12,My family means a lot to me and therefore I feel responsible for making enough money for them.,My family means a lot to me and therefore I feel responsible for making enough money for them.,,
373,1,I'm so happy it makes me feel guilty.,I'm so happy it makes me feel guilty.,,
374,8,"It was a hard and requiring job, so I took it.","It was a hard and requiring job, so I took it.",,
375,5,I never struggled with making new friends.,I never struggled with making new friends.,,
376,9,"I've been told several times that I'm rude, but I don't think so.","I've been told several times that I'm rude, but I don't think so.",,
377,13,"As the leader, I was responsible for the operation of the whole factory.","As the leader, I was responsible for the operation of the whole factory.",,
378,8,I raced them at the intersection but their car was too slow.,I raced them at the intersection but their car was too slow.,,
379,9,I showcased my skills in front of the whole meeting room.,I showcased my skills in front of the whole meeting room.,,
380,1,I ate an entire tub of ice cream in one sitting to numb my emotions.,I ate an entire tub of ice cream in one sitting to numb my emotions.,,
381,8,"I like surfing, especially on very high waves.","I like surfing, especially on very high waves.",,
382,14,"Although I was well aware of the potential consequences, I could not help myself and had to jump off that roof.","Although I was well aware of the potential consequences, I could not help myself and had to jump off that roof.",,
383,5,They preferred me because they assumed that I would be friendlier than other people.,They preferred me because they assumed that I would be friendlier than other people.,,
384,4,"I would never let my partner go to work in unironed clothes, that would be shameful.","I would never let my partner go to work in unironed clothes, that would be shameful.",,
385,14,I should have vacuumed and instead I hid the mess under the carpet.,I should have vacuumed and instead I hid the mess under the carpet.,,
386,15,I could not go without sex for more than a few days.,I could not go without sex for more than a few days.,,
387,11,I am a scientist.,I am a scientist.,,
388,5,I hated the office job because I could not talk to people directly.,I hated the office job because I could not talk to people directly.,,
389,10,"I like to talk openly with employees, I don't have time to waste.","I like to talk openly with employees, I don't have time to waste.",,
390,1,Is it okay that I peeked into my partner's phone?,Is it okay that I peeked into my partner's phone?,,
391,1,"When we broke up, I immediately bought a plane ticket and left the country.","When we broke up, I immediately bought a plane ticket and left the country.",,
392,1,I was feeling down and could not work.,I was feeling down and could not work.,,
393,13,"At first I was scared to start a company, but after a while I realised that it is not difficult to lead people.","At first I was scared to start a company, but after a while I realised that it is not difficult to lead people.",,
394,12,I created and maintained an emergency fund to provide a safety net for unexpected expenses.,I created and maintained an emergency fund to provide a safety net for unexpected expenses.,,
395,3,They asked me for some change and I gave it to them.,They asked me for some change and I gave it to them.,,
396,4,"If I don't clean my ears after a shower, I'm uncomfortable.","If I don't clean my ears after a shower, I'm uncomfortable.",,
397,3,I helped clean up the whole forest path from garbage.,I helped clean up the whole forest path from garbage.,,
398,3,I could have never pretended that I did not see all that pain.,I could have never pretended that I did not see all that pain.,,
399,3,"I am employed, but in my spare time I work in a nursing home.","I am employed, but in my spare time I work in a nursing home.",,
400,6,"I tried to move the furniture myself, but in the end, I had to call a moving company.","I tried to move the furniture myself, but in the end, I had to call a moving company.",,
401,11,"I do not like gossip, it is rarely based on the truth.","I do not like gossip, it is rarely based on the truth.",,
402,13,"I made a team of experts, and we worked together and made the project successful.","I made a team of experts, and we worked together and made the project successful.",,
403,9,"I never doubted they'd pick me, because I am good at what I do.","I never doubted they'd pick me, because I am good at what I do.",,
404,10,I have always seen challenges as an opportunity for personal growth.,I have always seen challenges as an opportunity for personal growth.,,
405,1,"It's a logical decision, but I decided otherwise.","It's a logical decision, but I decided otherwise.",,
406,1,I am convinced that intuition never lies.,I am convinced that intuition never lies.,,
407,4,"I hated their floors, so I helped with the clean-up.","I hated their floors, so I helped with the clean-up.",,
408,1,I think I am not smart enough to pursue a career in an area that would require me to be.,I think I am not smart enough to pursue a career in an area that would require me to be.,,
409,12,I fought for that promotion so I could take you abroad.,I fought for that promotion so I could take you abroad.,,
410,14,I exaggerated my stories.,I exaggerated my stories.,,
411,4,I like it when my parents appreciate how nicely I cleaned my room.,I like it when my parents appreciate how nicely I cleaned my room.,,
412,11,I learned critical thinking at university.,I learned critical thinking at university.,,
413,14,I called in sick for work so I could play the new videogame.,I called in sick for work so I could play the new videogame.,,
414,13,I designed the entire machine.,I designed the entire machine.,,
415,15,I was always thinking about sex.,I was always thinking about sex.,,
416,16,I've incorporated two-phase workouts into my schedule.,I've incorporated two-phase workouts into my schedule.,,
417,15,I had a one night stand every other day when I was on vacation.,I had a one night stand every other day when I was on vacation.,,
418,3,"I didn't want them to feel bad, so I was quiet.","I didn't want them to feel bad, so I was quiet.",,
419,15,"After sex, I always fell asleep immediately even though my partner wanted to talk with me.","After sex, I always fell asleep immediately even though my partner wanted to talk with me.",,
420,14,"I did not have a proper bed, just a mattress on the floor because why not?","I did not have a proper bed, just a mattress on the floor because why not?",,
421,10,I have studied Japanese customs because I have dealings with the Japanese ambassador.,I have studied Japanese customs because I have dealings with the Japanese ambassador.,,
422,6,"I struggled to express my opinions and assert myself in a group discussion, feeling weak and uncertain about my own ideas.","I struggled to express my opinions and assert myself in a group discussion, feeling weak and uncertain about my own ideas.",,
423,4,I consistently washed and changed my bedsheets.,I consistently washed and changed my bedsheets.,,
424,1,Am I the only one who keeps looking around on my walk through the woods to see if anyone is following me?,Am I the only one who keeps looking around on my walk through the woods to see if anyone is following me?,,
425,6,I couldn't handle it mentally and had to seek professional help.,I couldn't handle it mentally and had to seek professional help.,,
426,4,"When I was deciding between the two houses, I chose the one in the cleaner location.","When I was deciding between the two houses, I chose the one in the cleaner location.",,
427,7,I signed up to volunteer at the fashion show.,I signed up to volunteer at the fashion show.,,
428,7,"Ever since I was a kid, I liked to dress nicely.","Ever since I was a kid, I liked to dress nicely.",,
429,11,I never believed in any higher power.,I never believed in any higher power.,,
430,3,I expressed my understanding and offered support.,I expressed my understanding and offered support.,,
431,9,I did not need your help.,I did not need your help.,,
432,2,"Through meditation, I learned how to deal with anger.","Through meditation, I learned how to deal with anger.",,
433,12,I have always wanted a family that I'd take care of.,I have always wanted a family that I'd take care of.,,
434,11,I offered them a workshop on critical thinking.,I offered them a workshop on critical thinking.,,
435,9,My strong weapon is that I am charismatic.,My strong weapon is that I am charismatic.,,
436,3,"I can see that you are qualified, but wouldn't you want children in the near future?","I can see that you are qualified, but wouldn't you want children in the near future?",,
437,14,I got offended because I didn't get the present I had wanted.,I got offended because I didn't get the present I had wanted.,,
438,4,"I tried to wash the dishes, but my partner didn't let me.","I tried to wash the dishes, but my partner didn't let me.",,
439,9,"Confidence comes naturally to me, I never feel that I can't achieve something.","Confidence comes naturally to me, I never feel that I can't achieve something.",,
440,7,I woke up with huge circles under my eyes and that day I didn't go out.,I woke up with huge circles under my eyes and that day I didn't go out.,,
441,13,"When we were in a group, I was always the boss.","When we were in a group, I was always the boss.",,
442,3,I was feeling honoured to stay at home with kids.,I was feeling honoured to stay at home with kids.,,
443,5,I am communicative.,I am communicative.,,
444,6,I was always jealous of them being able to do so many pushups that I couldn't do.,I was always jealous of them being able to do so many pushups that I couldn't do.,,
445,6,I failed the endurance competition.,I failed the endurance competition.,,
446,8,I've always been a reckless fighter.,I've always been a reckless fighter.,,
447,2,"They said, that I was the best listener in the whole world.","They said, that I was the best listener in the whole world.",,
448,7,"When I came there, I felt all eyes on me.","When I came there, I felt all eyes on me.",,
449,10,"As a supervisor, I provided constructive feedback and guidance to my team members.","As a supervisor, I provided constructive feedback and guidance to my team members.",,
450,3,I hosted a charity fundraiser.,I hosted a charity fundraiser.,,
451,9,"I was sure that I would win the match and I was right, they were no rivals for me.","I was sure that I would win the match and I was right, they were no rivals for me.",,
452,1,I know I shouldn't cry when someone makes me angry.,I know I shouldn't cry when someone makes me angry.,,
453,5,"I have always been very social, I love getting to know new people.","I have always been very social, I love getting to know new people.",,
454,15,"I know what I look like, so I've never been afraid to approach someone I like.","I know what I look like, so I've never been afraid to approach someone I like.",,
455,16,I won the caber toss competition in Scotland.,I won the caber toss competition in Scotland.,,
456,1,"I know I shouldn't base decisions on my emotions, but it's hard for me.","I know I shouldn't base decisions on my emotions, but it's hard for me.",,
457,6,I'm scared to be home alone.,I'm scared to be home alone.,,
458,3,"I adopted an animal at the zoo for a year, contributing to the funds for its care.","I adopted an animal at the zoo for a year, contributing to the funds for its care.",,
459,15,I didn't want to wait with sex until marriage.,I didn't want to wait with sex until marriage.,,
460,13,I studied business management so I could lead my father's company when he retires.,I studied business management so I could lead my father's company when he retires.,,
461,10,I even took some work calls during my holidays.,I even took some work calls during my holidays.,,
462,13,I was the head of operations.,I was the head of operations.,,
463,16,"I engaged in an intense sword fight, my physical strength and skill combining to create a mesmerizing display of power.","I engaged in an intense sword fight, my physical strength and skill combining to create a mesmerizing display of power.",,
464,12,I would always return home late at night because I worked two jobs to provide for my family.,I would always return home late at night because I worked two jobs to provide for my family.,,
465,3,"I didn't insist, because they were in a difficult situation.","I didn't insist, because they were in a difficult situation.",,
466,8,I learned how to make fire when I was very young.,I learned how to make fire when I was very young.,,
467,5,Thanks to volunteering I met a lot of great people.,Thanks to volunteering I met a lot of great people.,,
468,14,I had to be the center of attention.,I had to be the center of attention.,,
469,16,I have adapted my diet so that I am able to train every day.,I have adapted my diet so that I am able to train every day.,,
470,10,"In my company, I try to be an objective and less emotional boss.","In my company, I try to be an objective and less emotional boss.",,
471,4,Cleaning is something I'm best in.,Cleaning is something I'm best in.,,
472,4,I am disgusted by how some people walk around this dirty.,I am disgusted by how some people walk around this dirty.,,
473,13,I have always considered myself a leader.,I have always considered myself a leader.,,
474,16,I had to push my neighbour's car out of the driveway.,I had to push my neighbour's car out of the driveway.,,
475,6,I could not finish the hike.,I could not finish the hike.,,
476,8,I never have a problem telling anybody anything straight to their face.,I never have a problem telling anybody anything straight to their face.,,
477,6,"If I don't get enough sleep, I am moody and exhausted.","If I don't get enough sleep, I am moody and exhausted.",,
478,8,I just had to keep going no matter how hard the situation was.,I just had to keep going no matter how hard the situation was.,,
479,13,I am competent at leading the company.,I am competent at leading the company.,,
480,11,I used deduction to arrive at a correct conclusion.,I used deduction to arrive at a correct conclusion.,,
481,15,I like going to the club to find lovers.,I like going to the club to find lovers.,,
482,4,I always decorated walls in school.,I always decorated walls in school.,,
483,2,I knew since childhood that I should be kind and gentle.,I knew since childhood that I should be kind and gentle.,,
484,8,I'm very explosive.,I'm very explosive.,,
485,4,I thoroughly wiped down and polished all surfaces in my living room.,I thoroughly wiped down and polished all surfaces in my living room.,,
486,14,I stayed up until 3 am watching my favourite streamer.,I stayed up until 3 am watching my favourite streamer.,,
487,9,"I maintained a composed demeanor, radiating a sense of assurance.","I maintained a composed demeanor, radiating a sense of assurance.",,
488,3,I like when everything is clean.,I like when everything is clean.,,
489,2,"From a young age, I was told to be quiet when others were talking.","From a young age, I was told to be quiet when others were talking.",,
490,1,I prayed that things would go smoothly.,I prayed that things would go smoothly.,,
491,1,"I lashed out at my partner during an argument, saying hurtful things I didn't truly mean.","I lashed out at my partner during an argument, saying hurtful things I didn't truly mean.",,
492,3,"I gave up the opportunity, so I could stay at home.","I gave up the opportunity, so I could stay at home.",,
493,8,I found my passion in trying new things all the time.,I found my passion in trying new things all the time.,,
494,6,"The bag is too heavy for me, because I'm weak.","The bag is too heavy for me, because I'm weak.",,
495,3,I loved taking care of the children.,I loved taking care of the children.,,
496,10,I would never talk behind my boss's back.,I would never talk behind my boss's back.,,
497,6,"I attempted to complete a long hike, but my stamina was weak.","I attempted to complete a long hike, but my stamina was weak.",,
498,6,"I tried to perform a complex yoga pose, but my balance was weak, causing me to stumble and lose my stability.","I tried to perform a complex yoga pose, but my balance was weak, causing me to stumble and lose my stability.",,
499,5,I like having attention when I'm out.,I like having attention when I'm out.,,
500,2,I failed to assert myself and claim the recognition I deserved.,I failed to assert myself and claim the recognition I deserved.,,
501,14,I got so drunk last night that I totally forgot about today's meeting.,I got so drunk last night that I totally forgot about today's meeting.,,
502,5,I got a bit scared when I realized I was totally on my own.,I got a bit scared when I realized I was totally on my own.,,
503,12,I earned extra money to invest in family outings.,I earned extra money to invest in family outings.,,
504,2,"I comforted them, although I was sad myself.","I comforted them, although I was sad myself.",,
505,16,"When the snowstorm came, I helped people to dig up their cars.","When the snowstorm came, I helped people to dig up their cars.",,
506,12,I feel happy as a money provider.,I feel happy as a money provider.,,
507,12,I don't like it when others tell me how to take care of my family.,I don't like it when others tell me how to take care of my family.,,
508,2,I diminished my own worth and failed to acknowledge my accomplishments.,I diminished my own worth and failed to acknowledge my accomplishments.,,
509,14,I farted and laughed at it.,I farted and laughed at it.,,
510,10,"As a doctor, I assessed patients' symptoms, ordered diagnostic tests, and provided accurate diagnoses to guide their treatment plans.","As a doctor, I assessed patients' symptoms, ordered diagnostic tests, and provided accurate diagnoses to guide their treatment plans.",,
511,6,"I couldn't push it, because it was heavy.","I couldn't push it, because it was heavy.",,
512,6,I needed some firewood as I was alone but I felt tired after cutting a few pieces.,I needed some firewood as I was alone but I felt tired after cutting a few pieces.,,
513,10,"As a civil engineer, I designed and oversaw the construction of infrastructure projects.","As a civil engineer, I designed and oversaw the construction of infrastructure projects.",,
514,16,"With a burst of speed, I sprinted down the track.","With a burst of speed, I sprinted down the track.",,
515,11,I stay calm in tense situations.,I stay calm in tense situations.,,
516,3,I have an older neighbour with whom I agreed that we would go for a walk together at least once a week.,I have an older neighbour with whom I agreed that we would go for a walk together at least once a week.,,
517,14,I always hated doing the chores at home.,I always hated doing the chores at home.,,
518,10,I am a respected professional in my field.,I am a respected professional in my field.,,
519,10,I made sure my employees had company benefits.,I made sure my employees had company benefits.,,
520,16,I like demonstrating my upper body strength in arm wrestling.,I like demonstrating my upper body strength in arm wrestling.,,
521,11,When I'm with my friends I like to talk about practical things like planning a trip or buying a new car.,When I'm with my friends I like to talk about practical things like planning a trip or buying a new car.,,
522,1,I bought a lot of things that I did not need because it made me feel good for a short while.,I bought a lot of things that I did not need because it made me feel good for a short while.,,
523,12,I would feel like a failure if I was unable to provide for the family.,I would feel like a failure if I was unable to provide for the family.,,
524,11,I realised that it is okay if someone disagrees with me.,I realised that it is okay if someone disagrees with me.,,
525,3,I promised the kids that on Sundays I would cook them their favourite foods.,I promised the kids that on Sundays I would cook them their favourite foods.,,
526,13,I always wanted to be in a leading position.,I always wanted to be in a leading position.,,
527,8,I have never feared anyone or anything.,I have never feared anyone or anything.,,
528,1,I quit my job and opened a bakery although I haven't worked in any.,I quit my job and opened a bakery although I haven't worked in any.,,
529,2,"I was unable to find child care for my daughter, so I stayed at home with her.","I was unable to find child care for my daughter, so I stayed at home with her.",,
530,14,"When my friends came, I was like a kid again.","When my friends came, I was like a kid again.",,
531,9,I am not far from being the best in my field.,I am not far from being the best in my field.,,
532,1,"I spent hours obsessing over a negative comment someone made about me, letting it consume my thoughts.","I spent hours obsessing over a negative comment someone made about me, letting it consume my thoughts.",,
533,4,I had to wash the clothes two times until the smoke odour was gone.,I had to wash the clothes two times until the smoke odour was gone.,,
534,16,I lifted the heavy brick from the sidewalk.,I lifted the heavy brick from the sidewalk.,,
535,10,I knew what to do to get those sponsors.,I knew what to do to get those sponsors.,,
536,14,"I like good fun, such as games.","I like good fun, such as games.",,
537,1,"When I was making that decision, I listened to my heart.","When I was making that decision, I listened to my heart.",,
538,10,I made a lot of friends among the CEOs.,I made a lot of friends among the CEOs.,,
539,9,"I'm sure that without me, the company will go bankrupt.","I'm sure that without me, the company will go bankrupt.",,
540,13,I signed up for a public speaking workshop.,I signed up for a public speaking workshop.,,
541,4,"I would never wear dirty clothes, it would be unacceptable if someone saw me.","I would never wear dirty clothes, it would be unacceptable if someone saw me.",,
542,9,I entered the room and confidently made eye contact with the boss.,I entered the room and confidently made eye contact with the boss.,,
543,9,"I have learned from my mistakes, so I will not repeat them.","I have learned from my mistakes, so I will not repeat them.",,
544,1,I panicked when the lights went off.,I panicked when the lights went off.,,
545,9,I exuded a sense of certainty.,I exuded a sense of certainty.,,
546,15,I tried tantric sex.,I tried tantric sex.,,
547,8,"Climbing that mountain, I wasn't scared, not even for a second.","Climbing that mountain, I wasn't scared, not even for a second.",,
548,2,I avoided expressing disagreement or contradicting others.,I avoided expressing disagreement or contradicting others.,,
549,15,"I shared an electrifying gaze with a stranger, I couldn't deny the magnetic pull of sexual desire.","I shared an electrifying gaze with a stranger, I couldn't deny the magnetic pull of sexual desire.",,
550,8,I've never been afraid of anything.,I've never been afraid of anything.,,
551,11,I conducted a thorough risk assessment before doing it.,I conducted a thorough risk assessment before doing it.,,
552,3,I was spending so much time with my kids when they were little because I didn't want to miss a thing.,I was spending so much time with my kids when they were little because I didn't want to miss a thing.,,
553,8,"Safety precautions are for losers, I never followed them.","Safety precautions are for losers, I never followed them.",,
554,4,I started a spotting company because I love the differences before and after cleaning.,I started a spotting company because I love the differences before and after cleaning.,,
555,9,I knew I had the skills and resilience to overcome obstacles.,I knew I had the skills and resilience to overcome obstacles.,,
556,1,"They told me to keep my voice down, so I got offended and didn't speak at all.","They told me to keep my voice down, so I got offended and didn't speak at all.",,
557,12,I feel happy when I can buy you a gift.,I feel happy when I can buy you a gift.,,
558,3,I could have helped you.,I could have helped you.,,
559,12,"I worked way too hard when the kids were little, so I missed their childhood.","I worked way too hard when the kids were little, so I missed their childhood.",,
560,15,I got horny so easily.,I got horny so easily.,,
561,8,"With sweat pouring down my face and fists clenched tight, I traded blows with my opponent.","With sweat pouring down my face and fists clenched tight, I traded blows with my opponent.",,
562,14,I could not resist buying the new playstation 5.,I could not resist buying the new playstation 5.,,
563,8,I bought a pit bull because it suited me.,I bought a pit bull because it suited me.,,
564,8,I stayed in the forest for 4 nights with no problems at all.,I stayed in the forest for 4 nights with no problems at all.,,
565,12,I am happy to provide for my family's basic needs.,I am happy to provide for my family's basic needs.,,
566,6,"I faced a challenging task that required mental strength, but I succumbed to self-doubt and felt weak in my ability to overcome it.","I faced a challenging task that required mental strength, but I succumbed to self-doubt and felt weak in my ability to overcome it.",,
567,7,I am a model.,I am a model.,,
568,10,I'm sure I'll get the job.,I'm sure I'll get the job.,,
569,1,I'm sad but I don't have any obvious reason.,I'm sad but I don't have any obvious reason.,,
570,2,I did not mind that the supervisor took all the credit for my work.,I did not mind that the supervisor took all the credit for my work.,,
571,13,I was a head chef at the restaurant when we received our first Michelin star.,I was a head chef at the restaurant when we received our first Michelin star.,,
572,2,I've been told to smile more.,I've been told to smile more.,,
573,2,I was supporting my children in everything they did.,I was supporting my children in everything they did.,,
574,4,I volunteered to sweep the hallway because someone can't do it as meticulously as I can.,I volunteered to sweep the hallway because someone can't do it as meticulously as I can.,,
575,2,I sacrificed my own well-being and boundaries to maintain peace.,I sacrificed my own well-being and boundaries to maintain peace.,,
576,11,I applied critical thinking skills when reading news articles.,I applied critical thinking skills when reading news articles.,,
577,13,I became head of the Committee on European Affairs.,I became head of the Committee on European Affairs.,,
578,3,I was afraid they had been hurt.,I was afraid they had been hurt.,,
579,1,I prayed that the math test would be easy.,I prayed that the math test would be easy.,,
580,2,I allowed others to interrupt or talk over me during conversations.,I allowed others to interrupt or talk over me during conversations.,,
581,16,I am always looking for new challenges to push myself to a new level and test my limits.,I am always looking for new challenges to push myself to a new level and test my limits.,,
582,3,"I stepped back, so they could have what they wanted.","I stepped back, so they could have what they wanted.",,
583,7,"When they saw me in this new outfit, they said I had never looked better.","When they saw me in this new outfit, they said I had never looked better.",,
584,6,I shouldn't be lifting heavy things.,I shouldn't be lifting heavy things.,,
585,10,I'm rational when solving any problem.,I'm rational when solving any problem.,,
586,11,I knew they stole it because of the evidence so I went to court.,I knew they stole it because of the evidence so I went to court.,,
587,5,I like family gatherings where we are all together.,I like family gatherings where we are all together.,,
588,1,I saw a movie where a dog dies and I cried all week.,I saw a movie where a dog dies and I cried all week.,,
589,6,"I faced a complex problem and felt overwhelmed, revealing my weakness in problem-solving.","I faced a complex problem and felt overwhelmed, revealing my weakness in problem-solving.",,
590,4,I knew that I forgot to wash the windows.,I knew that I forgot to wash the windows.,,
591,5,I hated when my partner forgot to call me.,I hated when my partner forgot to call me.,,
592,15,"As I watched them dance, a primal urge awakened in me and I felt sexual desire.","As I watched them dance, a primal urge awakened in me and I felt sexual desire.",,
593,12,I took calculated risks to grow my wealth and provide for my loved ones' future needs.,I took calculated risks to grow my wealth and provide for my loved ones' future needs.,,
594,7,"I've always liked colourful clothes since I was a kid, so I'm glad it's coming back into fashion.","I've always liked colourful clothes since I was a kid, so I'm glad it's coming back into fashion.",,
595,13,I like giving orders.,I like giving orders.,,
596,15,I would gladly make out with the one over there!,I would gladly make out with the one over there!,,
597,4,"I wanted to watch TV, but I had chores to do.","I wanted to watch TV, but I had chores to do.",,
598,15,I joined a swingers party.,I joined a swingers party.,,
599,5,I volunteered at a local charity event to get to know other people.,I volunteered at a local charity event to get to know other people.,,
600,1,I dropped out of college because I realised I was too weak to be a psychologist.,I dropped out of college because I realised I was too weak to be a psychologist.,,
601,12,"As the provider, I took pride in ensuring my family's financial stability by working hard and managing our finances wisely.","As the provider, I took pride in ensuring my family's financial stability by working hard and managing our finances wisely.",,
602,9,I knew that my confidence was very sexy.,I knew that my confidence was very sexy.,,
603,11,I carefully planned my budget and tracked my expenses.,I carefully planned my budget and tracked my expenses.,,
604,7,I didn't mind my clothes until other people started telling me that I should be wearing something less provoking.,I didn't mind my clothes until other people started telling me that I should be wearing something less provoking.,,
605,7,Do you like it when I put effort into dressing up when we're going on a date or does it not matter to you?,Do you like it when I put effort into dressing up when we're going on a date or does it not matter to you?,,
606,3,"My brother forgot his lunch yesterday, but I dropped it off at his workplace.","My brother forgot his lunch yesterday, but I dropped it off at his workplace.",,
607,12,I decided to build the house on my own.,I decided to build the house on my own.,,
608,1,"I avoided the number 13 at all costs, refusing to stay on the 13th floor or sit in the 13th row.","I avoided the number 13 at all costs, refusing to stay on the 13th floor or sit in the 13th row.",,
609,4,"I had to remind my partner to take a shower, although I never forget to take it myself.","I had to remind my partner to take a shower, although I never forget to take it myself.",,
610,9,I am a good negotiator.,I am a good negotiator.,,
611,2,They are my bosses - how could I have refused?,They are my bosses - how could I have refused?,,
612,13,"I led by example, demonstrating integrity and accountability in every action I took.","I led by example, demonstrating integrity and accountability in every action I took.",,
613,4,"I deep cleaned the whole fridge, even though it took me two hours.","I deep cleaned the whole fridge, even though it took me two hours.",,
614,1,"Rationality wasn't my strength, that's why I made so many mistakes.","Rationality wasn't my strength, that's why I made so many mistakes.",,
615,7,"I became accustomed to receiving compliments about my good looks, which boosted my self-esteem and confidence.","I became accustomed to receiving compliments about my good looks, which boosted my self-esteem and confidence.",,
616,8,"I embraced the power of the ocean, riding the waves with pure joy and no fear.","I embraced the power of the ocean, riding the waves with pure joy and no fear.",,
617,11,I didn't believe in astronomy.,I didn't believe in astronomy.,,
618,1,I fell in love even though I knew it was the worst moment.,I fell in love even though I knew it was the worst moment.,,
619,16,"I hated the new workout program, it was too easy for me.","I hated the new workout program, it was too easy for me.",,
620,5,I couldn't just go to the movies alone.,I couldn't just go to the movies alone.,,
621,1,"I obsessively checked my phone for messages, even though I knew it was irrational to constantly seek validation and attention from others.","I obsessively checked my phone for messages, even though I knew it was irrational to constantly seek validation and attention from others.",,
622,7,I took care of my looks.,I took care of my looks.,,
623,7,I like to dress professionally for work because I feel more confident.,I like to dress professionally for work because I feel more confident.,,
624,8,They were scared of me because I had a strong body.,They were scared of me because I had a strong body.,,
625,13,I knew I could make a team and lead everyone.,I knew I could make a team and lead everyone.,,
626,15,My high sex drive often created unrealistic expectations so I was unable to maintain a healthy relationship.,My high sex drive often created unrealistic expectations so I was unable to maintain a healthy relationship.,,
627,6,"I wanted to drive a truck, but when I went for an interview, they told me it wasn't a job for people like me.","I wanted to drive a truck, but when I went for an interview, they told me it wasn't a job for people like me.",,
628,8,Sometimes I fought for money.,Sometimes I fought for money.,,
629,15,I liked porn and even knew a lot of pornstars by name.,I liked porn and even knew a lot of pornstars by name.,,
630,1,I spent 200€ at the hairdresser.,I spent 200€ at the hairdresser.,,
631,13,Should I take the offer and become a manager?,Should I take the offer and become a manager?,,
632,16,I was professional in the long jump.,I was professional in the long jump.,,
633,10,I feel competent to work on that task.,I feel competent to work on that task.,,
634,16,I was the best in the marathon in our city.,I was the best in the marathon in our city.,,
635,15,I am aroused.,I am aroused.,,
636,9,I signed up for the class even though I had no prior experience.,I signed up for the class even though I had no prior experience.,,
637,2,"I've been told that I'm beautiful, because of my appearance and kind demeanor.","I've been told that I'm beautiful, because of my appearance and kind demeanor.",,
638,15,I always wanted to know how you kiss.,I always wanted to know how you kiss.,,
639,11,I would never let myself be manipulated.,I would never let myself be manipulated.,,
640,6,"I was angry, because I knew I could handle it but they didn't let me.","I was angry, because I knew I could handle it but they didn't let me.",,
641,4,I washed the bedsheets two days ago.,I washed the bedsheets two days ago.,,
642,12,I like making some extra money on the side when possible.,I like making some extra money on the side when possible.,,
643,13,My leadership skills are very good and I knew I would become a manager one day.,My leadership skills are very good and I knew I would become a manager one day.,,
644,8,I like to do adrenaline sports.,I like to do adrenaline sports.,,
645,15,I dreamt I slept with my favourite celebrity.,I dreamt I slept with my favourite celebrity.,,
646,9,I would never be influenced by the opinions of others.,I would never be influenced by the opinions of others.,,
647,1,"I had to let my emotions overtake, that is how I am.","I had to let my emotions overtake, that is how I am.",,
648,12,My responsibility was to provide money and I felt good because of it.,My responsibility was to provide money and I felt good because of it.,,
649,2,I allowed others to take credit for my ideas or work.,I allowed others to take credit for my ideas or work.,,
650,9,I am better than everyone in this room.,I am better than everyone in this room.,,
651,11,I wanted to see more data.,I wanted to see more data.,,
652,7,"When I entered the room, I noticed people turning their heads, indicating that my good looks were catching attention.","When I entered the room, I noticed people turning their heads, indicating that my good looks were catching attention.",,
653,8,"I went white water rafting on Saturday and almost died, it was very rough.","I went white water rafting on Saturday and almost died, it was very rough.",,
654,9,I'm assertive enough to be in charge of a large group of people.,I'm assertive enough to be in charge of a large group of people.,,
655,11,"Before assembling the wardrobe, I read the manual.","Before assembling the wardrobe, I read the manual.",,
656,6,I am physically weak.,I am physically weak.,,
657,7,I could never go outside looking that ugly!,I could never go outside looking that ugly!,,
658,2,I'm a very polite person.,I'm a very polite person.,,
659,8,"As the waves crashed against the rocks, I paddled out on my surfboard, fearless and determined.","As the waves crashed against the rocks, I paddled out on my surfboard, fearless and determined.",,
660,12,I managed our financial portfolio.,I managed our financial portfolio.,,
661,2,I tend to stay quiet when confronted.,I tend to stay quiet when confronted.,,
662,14,I stayed up the whole night watching my favourite childhood cartoons.,I stayed up the whole night watching my favourite childhood cartoons.,,
663,14,"I've always been afraid of doctors, so I just stopped going to them.","I've always been afraid of doctors, so I just stopped going to them.",,
664,8,I like to chop wood.,I like to chop wood.,,
665,6,I was so emotionally exhausted that I collapsed and had to be carried away from the ceremonial hall.,I was so emotionally exhausted that I collapsed and had to be carried away from the ceremonial hall.,,
666,9,I would do anything to get what I want.,I would do anything to get what I want.,,
667,8,I had no choice but to get revenge.,I had no choice but to get revenge.,,
668,15,I wanted to have safe sex!,I wanted to have safe sex!,,
669,5,I called my friends to see if they would come over for dinner.,I called my friends to see if they would come over for dinner.,,
670,16,I improved my personal best in deadlift.,I improved my personal best in deadlift.,,
671,3,I felt happy to cook for nursery.,I felt happy to cook for nursery.,,
672,12,I paid the bail for my friend.,I paid the bail for my friend.,,
673,3,I was worried about their health.,I was worried about their health.,,
674,7,I'm a manager and I would never go to work in shorts.,I'm a manager and I would never go to work in shorts.,,
675,1,I was crying all the way home.,I was crying all the way home.,,
676,10,I always wanted to have strong networks and connections in my industry.,I always wanted to have strong networks and connections in my industry.,,
677,10,I always paid my interns.,I always paid my interns.,,
678,7,I wore the new clothes to the party.,I wore the new clothes to the party.,,
679,14,I bought LEGO even though I'm an adult.,I bought LEGO even though I'm an adult.,,
680,3,My clothes last very long because I always took great care of them.,My clothes last very long because I always took great care of them.,,
681,14,I always wanted a more powerful car.,I always wanted a more powerful car.,,
682,14,I told them to get balloons for the prank.,I told them to get balloons for the prank.,,
683,5,I wanted to call my friend.,I wanted to call my friend.,,
684,12,I was abroad because they offered me a better salary.,I was abroad because they offered me a better salary.,,
685,11,I always thought that worrying is a waste of time.,I always thought that worrying is a waste of time.,,
686,12,"I came home late from work yesterday, there was so much to do.","I came home late from work yesterday, there was so much to do.",,
687,12,I worked overtime so that we could go on a nice holiday.,I worked overtime so that we could go on a nice holiday.,,
688,5,I like talking with my friends on the phone.,I like talking with my friends on the phone.,,
689,8,I would hurt them if they hurt you.,I would hurt them if they hurt you.,,
690,9,I presented myself perfectly.,I presented myself perfectly.,,
691,1,I was not very good at math when I was in high school.,I was not very good at math when I was in high school.,,
692,12,I made a lot of money last year.,I made a lot of money last year.,,
693,2,"I always liked activities connected with art, such as dancing, painting, and acting.","I always liked activities connected with art, such as dancing, painting, and acting.",,
694,4,They said that I'm good at cleaning and it made me so happy.,They said that I'm good at cleaning and it made me so happy.,,
695,13,I like to lead people.,I like to lead people.,,
696,13,"I had two idols, Bill Gates and Steve Jobs.","I had two idols, Bill Gates and Steve Jobs.",,
697,13,I'm good at dividing tasks and making sure everybody is doing what they should.,I'm good at dividing tasks and making sure everybody is doing what they should.,,
698,5,"Many people get annoyed when a stranger texts them, but I'm extremely grateful for that.","Many people get annoyed when a stranger texts them, but I'm extremely grateful for that.",,
699,13,I managed the company even during hard times and recession.,I managed the company even during hard times and recession.,,
700,9,I believed in myself.,I believed in myself.,,
701,10,I did my job quickly and left for the next one.,I did my job quickly and left for the next one.,,
702,5,When I'm alone for too long I start to feel sad.,When I'm alone for too long I start to feel sad.,,
703,9,"I would never sell myself short, I respect myself.","I would never sell myself short, I respect myself.",,
704,8,I worked with criminals.,I worked with criminals.,,
705,1,I got emotional when I was watching the last romantic movie with Adam Sandler.,I got emotional when I was watching the last romantic movie with Adam Sandler.,,
706,8,I have never asked anyone for help.,I have never asked anyone for help.,,
707,7,"I wanted to go swimming, but I didn't have time to shave my legs.","I wanted to go swimming, but I didn't have time to shave my legs.",,
708,6,I did not have enough endurance to finish the hike and had to stay at a chalet.,I did not have enough endurance to finish the hike and had to stay at a chalet.,,
709,2,Why do I always give in to everyone and let them always have their way?,Why do I always give in to everyone and let them always have their way?,,
710,10,I was always the first one and the last one in the company.,I was always the first one and the last one in the company.,,
711,14,I bathed in the fountain naked.,I bathed in the fountain naked.,,
712,8,I got lost in the forest and survived there for two weeks.,I got lost in the forest and survived there for two weeks.,,
713,14,I always knew I didn't want to stay too long in one place.,I always knew I didn't want to stay too long in one place.,,
714,16,I get up at four o'clock so I can work out before work.,I get up at four o'clock so I can work out before work.,,
715,5,"When I'm hosting a party, I like to have balloons everywhere.","When I'm hosting a party, I like to have balloons everywhere.",,
716,4,I always felt it was my responsibility to wash the clothes every week.,I always felt it was my responsibility to wash the clothes every week.,,
717,1,"We were visiting my sister in the delivery room and when I saw her son for the first time, I burst into tears.","We were visiting my sister in the delivery room and when I saw her son for the first time, I burst into tears.",,
718,8,I put on a hard hat and worked tirelessly to build structures that would withstand the test of time.,I put on a hard hat and worked tirelessly to build structures that would withstand the test of time.,,
719,6,I'm coming with you because it's dangerous to go outside alone.,I'm coming with you because it's dangerous to go outside alone.,,
720,12,I am proud that I am the head of this family.,I am proud that I am the head of this family.,,
721,10,"As a lawyer, I demonstrated professionalism and integrity while representing clients in complex legal matters.","As a lawyer, I demonstrated professionalism and integrity while representing clients in complex legal matters.",,
722,10,I was taking my professional responsibilities seriously.,I was taking my professional responsibilities seriously.,,
723,11,I researched different travel insurance options and compared their coverage and prices.,I researched different travel insurance options and compared their coverage and prices.,,
724,14,I displayed an immature lack of commitment.,I displayed an immature lack of commitment.,,
725,7,When my first wrinkle appeared I totally panicked.,When my first wrinkle appeared I totally panicked.,,
726,14,I never cared about dirty dishes.,I never cared about dirty dishes.,,
727,11,I stayed composed even though the customer started screaming at me.,I stayed composed even though the customer started screaming at me.,,
728,14,I don't like being serious - I like fun.,I don't like being serious - I like fun.,,
729,12,I wanted to make more money so I took a riskier job.,I wanted to make more money so I took a riskier job.,,
730,8,I did not wear a seatbelt.,I did not wear a seatbelt.,,
731,3,I offered compassion in their time of sorrow.,I offered compassion in their time of sorrow.,,
732,3,I had to care about what happens with the children.,I had to care about what happens with the children.,,
733,13,I led the 30 under 30 Forbes class of last year.,I led the 30 under 30 Forbes class of last year.,,
734,13,"I knew that if I made a mistake, the entire team would be fired.","I knew that if I made a mistake, the entire team would be fired.",,
735,6,I was not strong enough to lift my friend off the ground.,I was not strong enough to lift my friend off the ground.,,
736,6,I couldn't even lift my child.,I couldn't even lift my child.,,
737,5,I went there and immediately made new friends.,I went there and immediately made new friends.,,
738,2,I still tried to help even though they did not reach out for years.,I still tried to help even though they did not reach out for years.,,
739,9,"I didn't need anyone's help to achieve my dreams, I did it all by myself.","I didn't need anyone's help to achieve my dreams, I did it all by myself.",,
740,4,I like the smell of new furniture.,I like the smell of new furniture.,,
741,15,"I had so many sexual desires in my head, that it was hard for me to keep myself from doing anything.","I had so many sexual desires in my head, that it was hard for me to keep myself from doing anything.",,
742,3,I baked the cake for their birthday.,I baked the cake for their birthday.,,
743,16,I worked at a construction site.,I worked at a construction site.,,
744,13,I did what any captain would have done.,I did what any captain would have done.,,
745,7,I knew it made my hair look really good.,I knew it made my hair look really good.,,
746,12,I was always in charge of the matter of money.,I was always in charge of the matter of money.,,
747,1,I could feel it was going to happen.,I could feel it was going to happen.,,
748,9,I could handle it myself.,I could handle it myself.,,
749,4,I don't like going to restaurants because I don't know how they wash the dishes.,I don't like going to restaurants because I don't know how they wash the dishes.,,
750,8,Why should I not try it?,Why should I not try it?,,
751,10,I was extremely proud when I was promoted.,I was extremely proud when I was promoted.,,
752,13,I got the job because I am able to think critically.,I got the job because I am able to think critically.,,
753,14,I like stupid ideas.,I like stupid ideas.,,
754,6,I could not defend myself.,I could not defend myself.,,
755,4,I can't imagine having to go to public toilets.,I can't imagine having to go to public toilets.,,
756,10,I was invited to give a lecture.,I was invited to give a lecture.,,
757,14,I was at a party and overslept for work.,I was at a party and overslept for work.,,
758,6,I was assaulted last night and had to testify to the police.,I was assaulted last night and had to testify to the police.,,
759,11,"When dealing with family problems, I'm the problem-solver.","When dealing with family problems, I'm the problem-solver.",,
760,11,I have always based my decisions on facts.,I have always based my decisions on facts.,,
761,9,I could do it better.,I could do it better.,,
762,2,I'm shy and can't keep eye contact.,I'm shy and can't keep eye contact.,,
763,10,"As a manager, I resolved workplace conflicts to foster a positive and productive work environment.","As a manager, I resolved workplace conflicts to foster a positive and productive work environment.",,
764,7,What type of shirts should I wear?,What type of shirts should I wear?,,
765,15,My high sex drive led to late-night activities so I was always tired at work.,My high sex drive led to late-night activities so I was always tired at work.,,
766,3,I reached out to a friend who was going through a breakup.,I reached out to a friend who was going through a breakup.,,
767,11,I did not even need a calculator.,I did not even need a calculator.,,
768,9,I'm ready to take responsibility and make tough decisions.,I'm ready to take responsibility and make tough decisions.,,
769,6,"I prepared the boxes, but waited for the driver to help me load them.","I prepared the boxes, but waited for the driver to help me load them.",,
770,15,I like it when I see in someone how they desire me.,I like it when I see in someone how they desire me.,,
771,8,I took the risk.,I took the risk.,,
772,14,I refused to take out the trash.,I refused to take out the trash.,,
773,9,I projected an aura of certainty and belief in my research findings.,I projected an aura of certainty and belief in my research findings.,,
774,9,I would never underestimate my power.,I would never underestimate my power.,,
775,9,"I have always trusted my own intellectual skills, they never fail me.","I have always trusted my own intellectual skills, they never fail me.",,
776,11,I was having a hard time expressing my emotions.,I was having a hard time expressing my emotions.,,
777,9,"I felt an overwhelming sense of self-assurance, knowing that I could conquer any challenge that came my way.","I felt an overwhelming sense of self-assurance, knowing that I could conquer any challenge that came my way.",,
778,6,The doctor told me that my ankles are too weak and I could have sprained them anytime.,The doctor told me that my ankles are too weak and I could have sprained them anytime.,,
779,10,I conducted myself professionally in high-pressure situations.,I conducted myself professionally in high-pressure situations.,,
780,12,I'm financially stable.,I'm financially stable.,,
781,6,"They brought new decorative rocks to my garden, but I couldn't move them.","They brought new decorative rocks to my garden, but I couldn't move them.",,
782,9,I am sure that my success is mainly due to my character.,I am sure that my success is mainly due to my character.,,
783,5,People often tell me I'm too chatty.,People often tell me I'm too chatty.,,
784,15,"Even though I had surgery, I couldn't keep my hands off my partner.","Even though I had surgery, I couldn't keep my hands off my partner.",,
785,8,"I swung the sledgehammer, each strike ringing through the air.","I swung the sledgehammer, each strike ringing through the air.",,
786,13,I signed up to be a mentor.,I signed up to be a mentor.,,
787,9,I never thought of anyone being better than me.,I never thought of anyone being better than me.,,
788,1,"I dreamed I got into a car crash, so I rather took the bus today.","I dreamed I got into a car crash, so I rather took the bus today.",,
789,16,I survived a tiger attack.,I survived a tiger attack.,,
790,11,I always believed that total objectivity is possible.,I always believed that total objectivity is possible.,,
791,3,"I have always taken good care of my partner, I cooked and washed the clothes.","I have always taken good care of my partner, I cooked and washed the clothes.",,
792,2,"I don't like hard music, rather something soft.","I don't like hard music, rather something soft.",,
793,6,I could never fight with someone physically.,I could never fight with someone physically.,,
794,11,I made the rational decision.,I made the rational decision.,,
795,2,I had to listen.,I had to listen.,,
796,7,I wanted to look seductive for my date.,I wanted to look seductive for my date.,,
797,9,I'm convinced that nobody can do a better job than me.,I'm convinced that nobody can do a better job than me.,,
798,9,"Others always told me not to do it, but I did and look where I am now.","Others always told me not to do it, but I did and look where I am now.",,
799,12,I felt under pressure when we were expecting a baby because I wasn't sure we had enough money.,I felt under pressure when we were expecting a baby because I wasn't sure we had enough money.,,
800,12,You didn't have to work because I took care of the income.,You didn't have to work because I took care of the income.,,
801,13,I got a new business partner from a leading company.,I got a new business partner from a leading company.,,
802,2,I changed my holiday date because my parents needed a petsitter.,I changed my holiday date because my parents needed a petsitter.,,
803,2,"Although I had an appointment, I didn't speak up.","Although I had an appointment, I didn't speak up.",,
804,9,Why would I pay for an electrician if I can easily fix this myself?,Why would I pay for an electrician if I can easily fix this myself?,,
805,1,"I was thinking about what was going on in their heads, they were acting strange all day.","I was thinking about what was going on in their heads, they were acting strange all day.",,
806,14,I still lived at my parents house when I was 29.,I still lived at my parents house when I was 29.,,
807,1,"Whenever I'm sad, I put on sad songs and it makes me feel even worse.","Whenever I'm sad, I put on sad songs and it makes me feel even worse.",,
808,8,"Even though you didn't show it, I knew you were hurt.","Even though you didn't show it, I knew you were hurt.",,
809,6,I went to a shooting club once but I was not strong enough to hold the rifle without trembling.,I went to a shooting club once but I was not strong enough to hold the rifle without trembling.,,
810,5,"I could never go to the movies alone, it just does not feel right.","I could never go to the movies alone, it just does not feel right.",,
811,9,I delivered my lines flawlessly as always.,I delivered my lines flawlessly as always.,,
812,14,I don't go in the shower unless I'm really dirty.,I don't go in the shower unless I'm really dirty.,,
813,5,I dislike solitude.,I dislike solitude.,,
814,7,"Sorry I'm late, I didn't know what to wear.","Sorry I'm late, I didn't know what to wear.",,
815,11,I did not let emotions cloud my judgement.,I did not let emotions cloud my judgement.,,
816,14,"I'm free, so I don't follow any rules.","I'm free, so I don't follow any rules.",,
817,9,They told me that I walked into the room with such confidence.,They told me that I walked into the room with such confidence.,,
818,6,I could never protect myself if something bad happened.,I could never protect myself if something bad happened.,,
819,11,I don't like quackery.,I don't like quackery.,,
820,15,I could never go longer than a month without sex.,I could never go longer than a month without sex.,,
821,13,I ran for the mayor of the town.,I ran for the mayor of the town.,,
822,11,I responded to a negative review by objectively evaluating the feedback.,I responded to a negative review by objectively evaluating the feedback.,,
823,1,"When someone laughs, I get nervous because I immediately assume they're laughing at me.","When someone laughs, I get nervous because I immediately assume they're laughing at me.",,
824,4,"I bought new clothes, but first I had them washed.","I bought new clothes, but first I had them washed.",,
825,4,I couldn't rest until everything was done at home.,I couldn't rest until everything was done at home.,,
826,14,I spent a lot of money on skins in an online game.,I spent a lot of money on skins in an online game.,,
827,13,I am the best boss they could wish for.,I am the best boss they could wish for.,,
828,15,I did not wait for a second date to make a move.,I did not wait for a second date to make a move.,,
829,8,I am ready to fight for what is mine.,I am ready to fight for what is mine.,,
830,2,I tried to reject them as nicely as possible not to make them angry.,I tried to reject them as nicely as possible not to make them angry.,,
831,8,"When the burglar came, I knocked him out.","When the burglar came, I knocked him out.",,
832,15,I bought the new issue of Playboy.,I bought the new issue of Playboy.,,
833,1,"Look, I don't care if it is not proven - I just felt better after taking it.","Look, I don't care if it is not proven - I just felt better after taking it.",,
834,9,I was sure I would score high on that test.,I was sure I would score high on that test.,,
835,6,I thought the lock was broken but it turns out that I was just too weak and did not push hard enough.,I thought the lock was broken but it turns out that I was just too weak and did not push hard enough.,,
836,6,"I needed help with moving, so I called a moving company.","I needed help with moving, so I called a moving company.",,
837,15,I like to push my boundaries.,I like to push my boundaries.,,
838,12,I take pride in my ability to support my family financially.,I take pride in my ability to support my family financially.,,
839,8,I told you that I can climb this mountain.,I told you that I can climb this mountain.,,
840,13,I decided to introduce new rules in the hospital.,I decided to introduce new rules in the hospital.,,
841,5,I was always the popular one in school.,I was always the popular one in school.,,
842,10,I had a lot of clients because I acted like a professional.,I had a lot of clients because I acted like a professional.,,
843,8,I'd like to get back in the ring one day.,I'd like to get back in the ring one day.,,
844,13,"I don't need others to tell me what to do, it's usually me who tells people what to do, because I am a leader.","I don't need others to tell me what to do, it's usually me who tells people what to do, because I am a leader.",,
845,1,"I wore the same pair of socks for every important exam, convinced that it would bring me good luck.","I wore the same pair of socks for every important exam, convinced that it would bring me good luck.",,
846,7,I was very graceful because I danced a lot to stay in shape.,I was very graceful because I danced a lot to stay in shape.,,
847,13,"People tend to follow my lead, I have been a natural born leader since I was a kid.","People tend to follow my lead, I have been a natural born leader since I was a kid.",,
848,7,I was happy to hear that the plastic surgeon said there's nothing to improve.,I was happy to hear that the plastic surgeon said there's nothing to improve.,,
849,2,"I did not like the way I was treated, but I decided not to speak up and defend myself for the sake of peace.","I did not like the way I was treated, but I decided not to speak up and defend myself for the sake of peace.",,
850,4,I dried the dog's paws before it entered the house.,I dried the dog's paws before it entered the house.,,
851,16,I love it when someone asks me to open something.,I love it when someone asks me to open something.,,
852,9,I never needed to warm up before lifting the weights.,I never needed to warm up before lifting the weights.,,
853,2,"No matter what, I was always trying to be nice to people.","No matter what, I was always trying to be nice to people.",,
854,11,I calculated the shortest route.,I calculated the shortest route.,,
855,4,I like to take care of my skin.,I like to take care of my skin.,,
856,15,"I wouldn't want to be in a relationship, I like this freedom I have.","I wouldn't want to be in a relationship, I like this freedom I have.",,
857,4,I gave the dog a bath.,I gave the dog a bath.,,
858,4,I felt disgusted when I saw her with greasy hair.,I felt disgusted when I saw her with greasy hair.,,
859,15,"We went to the bathroom in the club and had sex there, I could not bear to wait until we got home.","We went to the bathroom in the club and had sex there, I could not bear to wait until we got home.",,
860,16,The sweat dripped from my brow as I practiced my martial arts techniques.,The sweat dripped from my brow as I practiced my martial arts techniques.,,
861,2,"When they asked to borrow my things, I didn't refuse.","When they asked to borrow my things, I didn't refuse.",,
862,3,I was unsure if they liked my cookies.,I was unsure if they liked my cookies.,,
863,16,I flexed my muscles a lot at the beach.,I flexed my muscles a lot at the beach.,,
864,3,I feel happy when everybody feels happy.,I feel happy when everybody feels happy.,,
865,1,I never expressed my opinions because I felt nobody would listen to me.,I never expressed my opinions because I felt nobody would listen to me.,,
866,4,I washed and sterilized my reusable water bottles and food containers.,I washed and sterilized my reusable water bottles and food containers.,,
867,15,"I like casual sex, no strings attached.","I like casual sex, no strings attached.",,
868,12,I don't want my partner to work.,I don't want my partner to work.,,
869,13,I feel confident with my communication skills and with my ability to motivate others.,I feel confident with my communication skills and with my ability to motivate others.,,
870,13,I will do my best to create the best possible working conditions for my team.,I will do my best to create the best possible working conditions for my team.,,
871,1,"Even after explaining it to me many times, I still did not understand.","Even after explaining it to me many times, I still did not understand.",,
872,9,I'm always a winner in any race or competition.,I'm always a winner in any race or competition.,,
873,3,I made my mom a memory book for her birthday.,I made my mom a memory book for her birthday.,,
874,7,"I got a free cab ride, because the driver liked me.","I got a free cab ride, because the driver liked me.",,
875,7,I learned very early that good looks help me in life.,I learned very early that good looks help me in life.,,
876,15,I like porn.,I like porn.,,
877,10,I like to have responsibility for large projects.,I like to have responsibility for large projects.,,
878,1,I couldn't control my jealousy and ended up accusing my partner of things they didn't do.,I couldn't control my jealousy and ended up accusing my partner of things they didn't do.,,
879,5,"Tell me when I'll be talking too much, I'm way too talkative.","Tell me when I'll be talking too much, I'm way too talkative.",,
880,16,"Let me lift that for you, I wouldn't be happy if something happened to you.","Let me lift that for you, I wouldn't be happy if something happened to you.",,
881,9,You are not capable of what I am capable of.,You are not capable of what I am capable of.,,
882,14,I've never been to a club because I'm embarrassed to dance in front of others.,I've never been to a club because I'm embarrassed to dance in front of others.,,
883,2,I should not have argued with them.,I should not have argued with them.,,
884,12,I worked hard for the betterment of our family's financial situation.,I worked hard for the betterment of our family's financial situation.,,
885,12,I strived to create additional income for our family's needs and expenses.,I strived to create additional income for our family's needs and expenses.,,
886,10,I knew I had to surround myself with educated people.,I knew I had to surround myself with educated people.,,
887,11,I could not decide based just on my gut feeling.,I could not decide based just on my gut feeling.,,
888,3,They liked me because I had the ability to take care of others.,They liked me because I had the ability to take care of others.,,
889,5,"What should I do, so you will finally be quiet?","What should I do, so you will finally be quiet?",,
890,2,I wanted to be likable.,I wanted to be likable.,,
891,6,"The cast iron pans were too heavy to work with, so I had to switch to stainless steel ones.","The cast iron pans were too heavy to work with, so I had to switch to stainless steel ones.",,
892,16,I am determined to win this fight.,I am determined to win this fight.,,
893,14,I've been looking forward to summer all year because I can finally play with water guns.,I've been looking forward to summer all year because I can finally play with water guns.,,
894,4,I washed the dishes.,I washed the dishes.,,
895,6,I had such a heavy bag that I almost didn't bring it home.,I had such a heavy bag that I almost didn't bring it home.,,
896,16,"The delivery guy wasn't able to carry up the package, so I stopped to help him.","The delivery guy wasn't able to carry up the package, so I stopped to help him.",,
897,5,I could not wait to see all my old friends again.,I could not wait to see all my old friends again.,,
898,15,I felt randomly aroused when I saw a sexy body.,I felt randomly aroused when I saw a sexy body.,,
899,2,"I apologized excessively for even minor mistakes or perceived shortcomings, constantly seeking validation and avoiding conflict.","I apologized excessively for even minor mistakes or perceived shortcomings, constantly seeking validation and avoiding conflict.",,
900,1,I avoided cracks on the sidewalk to avoid bad luck.,I avoided cracks on the sidewalk to avoid bad luck.,,
901,8,I love hunting.,I love hunting.,,
902,4,I am happy when I lie down in a fragrant bed in the evening.,I am happy when I lie down in a fragrant bed in the evening.,,
903,10,"I wasn't afraid to ask for more money, because my services are worth it.","I wasn't afraid to ask for more money, because my services are worth it.",,
904,7,I've had my clothes tailored.,I've had my clothes tailored.,,
905,7,"I needed a new haircut, but when I called the hairdresser, they couldn't see me on Monday.","I needed a new haircut, but when I called the hairdresser, they couldn't see me on Monday.",,
906,2,"They asked me if I could help them, and I couldn't say no.","They asked me if I could help them, and I couldn't say no.",,
907,6,The doctor told me I'd be healthier and stronger if I ate more.,The doctor told me I'd be healthier and stronger if I ate more.,,
908,13,I started a mentorship academy for young people.,I started a mentorship academy for young people.,,
909,1,"Maybe if I prayed more, it would be better.","Maybe if I prayed more, it would be better.",,
910,7,"The politician wasn't good-looking, so I didn't even listen.","The politician wasn't good-looking, so I didn't even listen.",,
911,11,I consulted a fact-checker.,I consulted a fact-checker.,,
912,15,I only wanted to hook up.,I only wanted to hook up.,,
913,3,I could get any job because I have children.,I could get any job because I have children.,,
914,7,"If I had to say one thing I wouldn't go anywhere without, it would be rings.","If I had to say one thing I wouldn't go anywhere without, it would be rings.",,
915,12,I hired a maid.,I hired a maid.,,
916,5,I invited everyone to come over for dinner.,I invited everyone to come over for dinner.,,
917,16,I used to hit the gym three times a week because it was very important to me to be in shape.,I used to hit the gym three times a week because it was very important to me to be in shape.,,
918,3,"Whenever the kids had a rough day, I baked them their favourite dessert.","Whenever the kids had a rough day, I baked them their favourite dessert.",,
919,5,I wanted to tell you the story with all the details and you wouldn't listen.,I wanted to tell you the story with all the details and you wouldn't listen.,,
920,16,I was ready to showcase my explosive power and speed.,I was ready to showcase my explosive power and speed.,,
921,3,I liked to be a teacher.,I liked to be a teacher.,,
922,7,I felt stressed so I went shopping.,I felt stressed so I went shopping.,,
923,14,I threw a tantrum when my partner told me that we should not buy the new car.,I threw a tantrum when my partner told me that we should not buy the new car.,,
924,12,"I may spend less time with my family than I'd like, but at least we have enough money.","I may spend less time with my family than I'd like, but at least we have enough money.",,
925,2,I often conformed to others to please everyone.,I often conformed to others to please everyone.,,
926,9,"When I set my mind to something, I always stick with it.","When I set my mind to something, I always stick with it.",,
927,3,I like to cook vegan meals.,I like to cook vegan meals.,,
928,16,I offered to carry their suitcases.,I offered to carry their suitcases.,,
929,5,I organized a neighborhood barbecue.,I organized a neighborhood barbecue.,,
930,5,I went to the networking event to meet new people.,I went to the networking event to meet new people.,,
931,16,"I soared through the air on my bike, reveling in the exhilarating rush of speed and the knowledge that my physical strength allowed me to conquer any terrain.","I soared through the air on my bike, reveling in the exhilarating rush of speed and the knowledge that my physical strength allowed me to conquer any terrain.",,
932,4,I tried so hard and it was for nothing because my kids were always dirty.,I tried so hard and it was for nothing because my kids were always dirty.,,
933,11,"I like making decisions based on hard data, not subjective feelings.","I like making decisions based on hard data, not subjective feelings.",,
934,2,I try to show that I am empathetic so that people are not afraid to talk to me about their problems.,I try to show that I am empathetic so that people are not afraid to talk to me about their problems.,,
935,3,"I fried the meat, because that's how my partner likes it.","I fried the meat, because that's how my partner likes it.",,
936,8,"They want me to show emotion, but I've never done that before.","They want me to show emotion, but I've never done that before.",,
937,12,I made sure that everyone in the family had everything they needed materially.,I made sure that everyone in the family had everything they needed materially.,,
938,5,I was looking for events that I could attend.,I was looking for events that I could attend.,,
939,14,"If somebody did something bad to me, I would get back at them immediately.","If somebody did something bad to me, I would get back at them immediately.",,
940,16,I like team sports more than individual ones.,I like team sports more than individual ones.,,
941,16,This is nothing - you should have seen what I lifted yesterday.,This is nothing - you should have seen what I lifted yesterday.,,
942,4,"Even though I bought a dishwasher, I always take the dishes out and rinse them with water.","Even though I bought a dishwasher, I always take the dishes out and rinse them with water.",,
943,1,I felt I was not good enough so I did not go to that job interview after all although I have the necessary qualifications as well as experience.,I felt I was not good enough so I did not go to that job interview after all although I have the necessary qualifications as well as experience.,,
944,16,"With each stroke of the paddle, I propelled the kayak through the rushing rapids.","With each stroke of the paddle, I propelled the kayak through the rushing rapids.",,
945,11,I had to think about every aspect of such an investment.,I had to think about every aspect of such an investment.,,
946,8,I've always preferred to work physically.,I've always preferred to work physically.,,
947,1,I could not resist buying that dress even though it was over my budget.,I could not resist buying that dress even though it was over my budget.,,
948,7,I had to fix my hair first.,I had to fix my hair first.,,
949,1,I overreacted.,I overreacted.,,
950,1,I preferred feelings over rational arguments.,I preferred feelings over rational arguments.,,
951,16,I got a job as a trainer at a gym.,I got a job as a trainer at a gym.,,
952,9,"I was very confident when I was applying for that job and of course, I got it.","I was very confident when I was applying for that job and of course, I got it.",,
953,16,I made sure everyone could see my sixpack.,I made sure everyone could see my sixpack.,,
954,13,I was CEO of a big company when I was just twenty years old.,I was CEO of a big company when I was just twenty years old.,,
955,4,I would never eat soup with a hair in it.,I would never eat soup with a hair in it.,,
956,8,"When my neighbor's house was on fire, I immediately ran to her apartment.","When my neighbor's house was on fire, I immediately ran to her apartment.",,
957,11,I want to become a physicist.,I want to become a physicist.,,
958,9,I've always got what I set out to get.,I've always got what I set out to get.,,
959,14,I did not care that the swimming pool was for children only.,I did not care that the swimming pool was for children only.,,
960,8,I relished the challenge of riding the untamed power of the ocean.,I relished the challenge of riding the untamed power of the ocean.,,
961,4,I can't imagine eating off a stranger's plate.,I can't imagine eating off a stranger's plate.,,
962,7,"I like to buy from foreign e-shops, even though it is often more expensive.","I like to buy from foreign e-shops, even though it is often more expensive.",,
963,6,I had such a terrible muscle pain after just lifting the chairs.,I had such a terrible muscle pain after just lifting the chairs.,,
964,15,I have a lot of porn saved on my computer.,I have a lot of porn saved on my computer.,,
965,7,I made a deal with a well-known designer to come up with an outfit for the gala.,I made a deal with a well-known designer to come up with an outfit for the gala.,,
966,12,"Last month I signed a lucrative contract at work, so we will finally be able to afford the new house.","Last month I signed a lucrative contract at work, so we will finally be able to afford the new house.",,
967,16,I rolled the giant concrete ball out of the way.,I rolled the giant concrete ball out of the way.,,
968,4,"I had so much laundry to do, but it had to be done.","I had so much laundry to do, but it had to be done.",,
969,12,"I'm expected to prioritize the family's needs over personal desires, so I didn't buy that phone.","I'm expected to prioritize the family's needs over personal desires, so I didn't buy that phone.",,
970,14,"I've been told that I'm annoyingly childish, but I don't care.","I've been told that I'm annoyingly childish, but I don't care.",,
971,2,I was achieving so many goals but I didn't say anyone so nobody would feel endangered by me.,I was achieving so many goals but I didn't say anyone so nobody would feel endangered by me.,,
972,4,I would never lend my clothes to someone because it's unhygienic.,I would never lend my clothes to someone because it's unhygienic.,,
973,4,"I vacuum every day, I guess I'm addicted to it.","I vacuum every day, I guess I'm addicted to it.",,
974,2,"I didn't like my blind date, but I decided to stay until the end of the dinner to be polite.","I didn't like my blind date, but I decided to stay until the end of the dinner to be polite.",,
975,13,I set the goals for the next quartile.,I set the goals for the next quartile.,,
976,1,"I'm convinced that if I didn't go to work the same way, it would bring me bad luck.","I'm convinced that if I didn't go to work the same way, it would bring me bad luck.",,
977,3,"I found a kitten on the street, so I took it home.","I found a kitten on the street, so I took it home.",,
978,6,"When playing a sport, I found it challenging to throw the ball far due to my lack of upper body strength.","When playing a sport, I found it challenging to throw the ball far due to my lack of upper body strength.",,
979,7,I always preferred natural products for my skin.,I always preferred natural products for my skin.,,
980,4,I consistently practiced personal hygiene habits.,I consistently practiced personal hygiene habits.,,
981,1,"I attempted to fix a broken appliance, but my technical skills were weak.","I attempted to fix a broken appliance, but my technical skills were weak.",,
982,16,I never had a problem with hard work.,I never had a problem with hard work.,,
983,4,"I would have rested, but the house needed a clean-up.","I would have rested, but the house needed a clean-up.",,
984,5,I like to spend quality time with my friends.,I like to spend quality time with my friends.,,
985,1,I had to uninstall Instagram because I was buying everything I saw there.,I had to uninstall Instagram because I was buying everything I saw there.,,
986,3,"I took the initiative to learn about different cultures and perspectives, expanding my empathy and understanding of people from diverse backgrounds.","I took the initiative to learn about different cultures and perspectives, expanding my empathy and understanding of people from diverse backgrounds.",,
987,13,"If I broke the rules, I couldn't expect others to follow them.","If I broke the rules, I couldn't expect others to follow them.",,
988,16,I had to hold my 30-kilo pit bull in my arms because he was scared of chickens.,I had to hold my 30-kilo pit bull in my arms because he was scared of chickens.,,
989,2,"Everyone at the meeting was addressed by their academic title except for me although I am a doctor as well, but I nevertheless decided not to correct them.","Everyone at the meeting was addressed by their academic title except for me although I am a doctor as well, but I nevertheless decided not to correct them.",,
990,9,"Nothing can change my mind, I am absolutely sure that I am right.","Nothing can change my mind, I am absolutely sure that I am right.",,
991,15,I was hoping that we could go to my place after the party.,I was hoping that we could go to my place after the party.,,
992,8,I wanted to punch them so hard.,I wanted to punch them so hard.,,
993,11,I like to read a lot of non-fiction books.,I like to read a lot of non-fiction books.,,
994,10,I like to solve problems and look for creative solutions.,I like to solve problems and look for creative solutions.,,
995,14,I was very irresponsible.,I was very irresponsible.,,
996,14,I wanted to live freely.,I wanted to live freely.,,
997,13,I always knew how to deal with people.,I always knew how to deal with people.,,
998,9,I've never had a problem with public speaking.,I've never had a problem with public speaking.,,
999,8,I never lacked courage.,I never lacked courage.,,
1000,15,I've always considered sex to be the alpha and omega of any relationship.,I've always considered sex to be the alpha and omega of any relationship.,,
1001,16,I warned them that my punch is powerful.,I warned them that my punch is powerful.,,
1002,3,I donated my wealth to charity.,I donated my wealth to charity.,,
1003,10,I am a good negotiator.,I am a good negotiator.,,
1004,16,I harnessed my physical strength to conquer the challenging climb.,I harnessed my physical strength to conquer the challenging climb.,,
1005,13,"When faced with a challenging project, I motivated my team by setting clear goals.","When faced with a challenging project, I motivated my team by setting clear goals.",,
1006,11,I like to drive fast in my sports car.,I like to drive fast in my sports car.,,
1007,14,I spent the whole weekend lying in front of the TV.,I spent the whole weekend lying in front of the TV.,,
1008,8,I could easily jump with a parachute.,I could easily jump with a parachute.,,
1009,11,I have always been able to assess a situation well.,I have always been able to assess a situation well.,,
1010,2,"I don't like to pick flowers, I feel sorry for them.","I don't like to pick flowers, I feel sorry for them.",,
1011,12,I actively saved and planned for future expenses such as my children's education.,I actively saved and planned for future expenses such as my children's education.,,
1012,7,I was so angry that the beauty salon was closed.,I was so angry that the beauty salon was closed.,,
1013,15,I came here to the brothel to have a little fun.,I came here to the brothel to have a little fun.,,
1014,1,I was always prone to impulse purchases.,I was always prone to impulse purchases.,,
1015,9,I am competent.,I am competent.,,
1016,15,I needed a lot of sex to feel satisfied in the relationship.,I needed a lot of sex to feel satisfied in the relationship.,,
1017,5,I could not keep my mouth shut and just told the secret to everyone anyway.,I could not keep my mouth shut and just told the secret to everyone anyway.,,
1018,11,I'm very goal-oriented.,I'm very goal-oriented.,,
1019,1,I didn't want my lover to hurt me.,I didn't want my lover to hurt me.,,
1020,15,I never trusted in monogamy.,I never trusted in monogamy.,,
1021,1,"I was too scared to say what I'm thinking, so I stay quiet.","I was too scared to say what I'm thinking, so I stay quiet.",,
1022,11,I like watching detective TV shows.,I like watching detective TV shows.,,
1023,1,I should visit the fortune teller again.,I should visit the fortune teller again.,,
1024,4,I would never skip a daily shower.,I would never skip a daily shower.,,
1025,5,I organized a dinner party at my place.,I organized a dinner party at my place.,,
1026,11,Why would I need to talk about my feelings?,Why would I need to talk about my feelings?,,
1027,9,"Everybody expected me to be the first, and I was.","Everybody expected me to be the first, and I was.",,
1028,6,I signed up for a ballet class to increase my core strength and balance.,I signed up for a ballet class to increase my core strength and balance.,,
1029,2,I always played by the rules.,I always played by the rules.,,
1030,11,I hated when they started talking about the flat Earth.,I hated when they started talking about the flat Earth.,,
1031,6,I guess I was just too weak to get promoted.,I guess I was just too weak to get promoted.,,
1032,2,I could not decide so I just went with their idea.,I could not decide so I just went with their idea.,,
1033,1,"I couldn't find my phone, so I started to cry.","I couldn't find my phone, so I started to cry.",,
1034,1,When I saw the baby I could not contain my excitement.,When I saw the baby I could not contain my excitement.,,
1035,13,I always felt happiest when leading others.,I always felt happiest when leading others.,,
1036,13,I inspired my colleagues to strive for excellence and teamwork.,I inspired my colleagues to strive for excellence and teamwork.,,
1037,14,I wanted to show off so I jumped off a roof to impress my friends and broke a leg.,I wanted to show off so I jumped off a roof to impress my friends and broke a leg.,,
1038,1,"I had to think for a long time, but my instincts were right.","I had to think for a long time, but my instincts were right.",,
1039,8,I like to race with others because it motivates me to achieve better results.,I like to race with others because it motivates me to achieve better results.,,
1040,2,"I didn't take that job, because my partner was against it.","I didn't take that job, because my partner was against it.",,
1041,15,My high sex drive could make me susceptible to impulsive decisions when I was younger.,My high sex drive could make me susceptible to impulsive decisions when I was younger.,,
1042,6,"I lifted it, but then my back hurt.","I lifted it, but then my back hurt.",,
1043,7,I'm looking forward to seeing how tanned I'll be in the summer.,I'm looking forward to seeing how tanned I'll be in the summer.,,
1044,6,I did not have enough strength to swim across the lake and had to return.,I did not have enough strength to swim across the lake and had to return.,,
1045,7,I asked for more samples of the face cream.,I asked for more samples of the face cream.,,
1046,8,I like to take risks and pursue new opportunities.,I like to take risks and pursue new opportunities.,,
1047,5,I like that I made a lot of new friends at that party.,I like that I made a lot of new friends at that party.,,
1048,10,"As the executive director of this company, I take the most important decisions regarding our future.","As the executive director of this company, I take the most important decisions regarding our future.",,
1049,16,"I like weightlifting, it's my favourite sport.","I like weightlifting, it's my favourite sport.",,
1050,8,I'm ready to fight for justice.,I'm ready to fight for justice.,,
1051,9,I am very confident.,I am very confident.,,
1052,15,I like seeing naked bodies.,I like seeing naked bodies.,,
1053,12,I knew how to save money.,I knew how to save money.,,
1054,1,I was so happy I was blinded by joy.,I was so happy I was blinded by joy.,,
1055,16,I'm sore because I was lifting heavy weights yesterday.,I'm sore because I was lifting heavy weights yesterday.,,
1056,4,"I would never sit on the bed in my day clothes, only in my pyjamas.","I would never sit on the bed in my day clothes, only in my pyjamas.",,
1057,9,I am able to deal successfully with hard situations.,I am able to deal successfully with hard situations.,,
1058,10,I always feel frustrated when I'm not in charge of a large project.,I always feel frustrated when I'm not in charge of a large project.,,
1059,9,I did not listen to them because I knew I was right.,I did not listen to them because I knew I was right.,,
1060,13,I have always motivated those around me to not be afraid to speak up.,I have always motivated those around me to not be afraid to speak up.,,
1061,14,I enjoyed playing the board game.,I enjoyed playing the board game.,,
1062,11,My partner left me alone with my kids and didn't tell me what I should do with them.,My partner left me alone with my kids and didn't tell me what I should do with them.,,
1063,3,I always wanted to have a big family and take care of it.,I always wanted to have a big family and take care of it.,,
1064,11,I don't like random actions with no plan.,I don't like random actions with no plan.,,
1065,11,I could easily recall that mathematical formula off the top of my head.,I could easily recall that mathematical formula off the top of my head.,,
1066,9,I had no doubt in my mind that I belonged in the spotlight.,I had no doubt in my mind that I belonged in the spotlight.,,
1067,16,My gym membership ended yesterday and I had to renew it.,My gym membership ended yesterday and I had to renew it.,,
1068,15,I'm addicted to sex.,I'm addicted to sex.,,
1069,10,I left my business card at your office.,I left my business card at your office.,,
1070,7,I would never leave home without making sure that I look presentable.,I would never leave home without making sure that I look presentable.,,
1071,8,I went skydiving with my friends.,I went skydiving with my friends.,,
1072,1,I am very grateful for the life I have been blessed to live.,I am very grateful for the life I have been blessed to live.,,
1073,13,I am the manager of this company.,I am the manager of this company.,,
1074,10,"Don't worry about my credentials, I am a professional.","Don't worry about my credentials, I am a professional.",,
1075,16,I did not even need help with assembling the furniture.,I did not even need help with assembling the furniture.,,
1076,7,I loved my body.,I loved my body.,,
1077,9,I'm simply the best.,I'm simply the best.,,
1078,6,"I painted my room, but then I slept for twelve hours straight.","I painted my room, but then I slept for twelve hours straight.",,
1079,4,I always did my homework on time.,I always did my homework on time.,,
1080,8,"I couldn't show them my real emotions, it'd be a sign of weakness.","I couldn't show them my real emotions, it'd be a sign of weakness.",,
1081,16,"I was extremely fast, my physical strength and explosive power propelled me to victory.","I was extremely fast, my physical strength and explosive power propelled me to victory.",,
1082,10,I always did it as well as possible.,I always did it as well as possible.,,
1083,3,I engaged in open and non-judgmental conversations with individuals who held different opinions or beliefs.,I engaged in open and non-judgmental conversations with individuals who held different opinions or beliefs.,,
1084,3,I initiated a conversation with a neighbor who was going through a difficult time.,I initiated a conversation with a neighbor who was going through a difficult time.,,
1085,2,"I tried to be friendly, although they didn't want to chat.","I tried to be friendly, although they didn't want to chat.",,
1086,3,I took my nephew to the lake and we fed the swans.,I took my nephew to the lake and we fed the swans.,,
1087,3,I spent time volunteering at a local hospital.,I spent time volunteering at a local hospital.,,
1088,12,I ordered the meal today.,I ordered the meal today.,,
1089,6,"I didn't know what to do, because I couldn't defend myself.","I didn't know what to do, because I couldn't defend myself.",,
1090,12,I invited my partner to the cinema.,I invited my partner to the cinema.,,
1091,9,I never worry about what others think.,I never worry about what others think.,,
1092,14,I was being silly.,I was being silly.,,
1093,1,I loved this house the second I saw it.,I loved this house the second I saw it.,,
1094,4,"I could never have a dog, I couldn't stand the hair.","I could never have a dog, I couldn't stand the hair.",,
1095,5,I miss company - I wish I had a friend here.,I miss company - I wish I had a friend here.,,
1096,5,I never had a problem with making new friends.,I never had a problem with making new friends.,,
1097,7,I would never go out without being properly dressed.,I would never go out without being properly dressed.,,
1098,3,I like it when I see that I have helped someone.,I like it when I see that I have helped someone.,,
1099,15,"I enjoyed sex and was ready to have it anytime, anywhere.","I enjoyed sex and was ready to have it anytime, anywhere.",,
1100,7,I got invited to a model casting.,I got invited to a model casting.,,
1101,16,I loved sports when I was younger.,I loved sports when I was younger.,,
1102,8,"When I saw a woman being beaten in the street, I immediately ran there.","When I saw a woman being beaten in the street, I immediately ran there.",,
1103,13,"As a leader, I'm expected to be in charge of difficult decisions.","As a leader, I'm expected to be in charge of difficult decisions.",,
1104,2,I lacked the confidence to get promoted.,I lacked the confidence to get promoted.,,
1105,4,I like to clean the house when nobody's home.,I like to clean the house when nobody's home.,,
1106,9,"I was a natural talent, I instantly became the best skater in my class after putting on the skates for the first time.","I was a natural talent, I instantly became the best skater in my class after putting on the skates for the first time.",,
1107,12,I handed out Christmas bonuses at the company.,I handed out Christmas bonuses at the company.,,
1108,10,"I'm directive at work, and caring at home.","I'm directive at work, and caring at home.",,
1109,16,Do you think I am strong enough?,Do you think I am strong enough?,,
1110,7,"My skin was soft and fair, my lips were full, and my hair thick, I knew I looked good.","My skin was soft and fair, my lips were full, and my hair thick, I knew I looked good.",,
1111,7,I hated that there was no mirror there because I didn't know how I looked.,I hated that there was no mirror there because I didn't know how I looked.,,
1112,5,"I like people, so I think I would be a great interpreter.","I like people, so I think I would be a great interpreter.",,
1113,9,"I would never allow anyone else to drive my car, I think nobody would be better at driving than I am.","I would never allow anyone else to drive my car, I think nobody would be better at driving than I am.",,
1114,1,I could not resist buying that bag even though it was over my budget.,I could not resist buying that bag even though it was over my budget.,,
1115,15,I have had so many relationships that I could write a book about it.,I have had so many relationships that I could write a book about it.,,
1116,9,"I don't wait for new opportunities, I create them myself.","I don't wait for new opportunities, I create them myself.",,
1117,3,I've decided to sort my wardrobe twice a year and give things to charity.,I've decided to sort my wardrobe twice a year and give things to charity.,,
1118,14,It would be great if I could be a kid forever.,It would be great if I could be a kid forever.,,
1119,13,I was chosen to be the interim team leader.,I was chosen to be the interim team leader.,,
1120,13,I became a CEO when I was only thirty years old.,I became a CEO when I was only thirty years old.,,
1121,15,I bought the Valentine's Day gift in a sexshop.,I bought the Valentine's Day gift in a sexshop.,,
1122,7,I was never satisfied with how I looked.,I was never satisfied with how I looked.,,
1123,5,I am good at socialising.,I am good at socialising.,,
1124,11,I don't like to talk about my feelings at all.,I don't like to talk about my feelings at all.,,
1125,13,I tried to act confident in order to motivate my team.,I tried to act confident in order to motivate my team.,,
1126,16,"Since I started to play football, I have stronger legs.","Since I started to play football, I have stronger legs.",,
1127,9,I am confident with my body.,I am confident with my body.,,
1128,7,"I wasn't permitted to wear such clothes in my old job, they'd think they reveal too much.","I wasn't permitted to wear such clothes in my old job, they'd think they reveal too much.",,
1129,9,I never stressed much.,I never stressed much.,,
1130,7,I got a henna tattoo while on vacation.,I got a henna tattoo while on vacation.,,
1131,4,I kept my clothes and linens clean and organized.,I kept my clothes and linens clean and organized.,,
1132,13,I brought a lot of investment into the company.,I brought a lot of investment into the company.,,
1133,1,I stayed up all night worrying about the job interview although I knew it did not matter whether I slept or not.,I stayed up all night worrying about the job interview although I knew it did not matter whether I slept or not.,,
1134,13,I've started rewarding people for their extra work.,I've started rewarding people for their extra work.,,
1135,11,"I didn't believe them, because they based their opinions on gossip.","I didn't believe them, because they based their opinions on gossip.",,
1136,7,I have always been admired by my friends and family for my looks.,I have always been admired by my friends and family for my looks.,,
1137,4,There was always something to do at home so I did it.,There was always something to do at home so I did it.,,
1138,11,I calmly assessed the traffic situation and chose an alternate route to avoid getting stuck.,I calmly assessed the traffic situation and chose an alternate route to avoid getting stuck.,,
1139,13,I finally saved the company.,I finally saved the company.,,
1140,1,I used to feel some very bad vibes or energies in this room.,I used to feel some very bad vibes or energies in this room.,,
1141,7,"I made the cake, but didn't eat it to stay slim.","I made the cake, but didn't eat it to stay slim.",,
1142,8,I was never afraid of heights.,I was never afraid of heights.,,
1143,13,"As the leader, I took charge of the team, guiding them towards success with my strategic vision and decision-making skills.","As the leader, I took charge of the team, guiding them towards success with my strategic vision and decision-making skills.",,
1144,5,Do you think I'm friendly?,Do you think I'm friendly?,,
1145,14,I decided to buy an album and collect stickers.,I decided to buy an album and collect stickers.,,
1146,4,I always carried wet napkins with me.,I always carried wet napkins with me.,,
1147,2,"I shouldn't be so loud, because people don't like it.","I shouldn't be so loud, because people don't like it.",,
1148,12,I made sure my children went to the best school.,I made sure my children went to the best school.,,
1149,4,I like to take long baths with essential oils and salt.,I like to take long baths with essential oils and salt.,,
1150,16,I effortlessly lifted the weight above my head.,I effortlessly lifted the weight above my head.,,
1151,1,I was screaming when they hit that car.,I was screaming when they hit that car.,,
1152,15,I am open to different experimentation in the field of sex.,I am open to different experimentation in the field of sex.,,
1153,7,I enjoyed the confidence boost that came from receiving compliments about my good looks.,I enjoyed the confidence boost that came from receiving compliments about my good looks.,,
1154,15,"There is no shame in having a varied sex life, I took pride in it when I was young.","There is no shame in having a varied sex life, I took pride in it when I was young.",,
1155,5,I am happiest when surrounded by people.,I am happiest when surrounded by people.,,
1156,7,"I like to wear gold accessories, silver is not for me.","I like to wear gold accessories, silver is not for me.",,
1157,11,I took a course in critical thinking.,I took a course in critical thinking.,,
1158,7,"I was popular, because I always looked good.","I was popular, because I always looked good.",,
1159,6,I was told not to go to an Islamic country alone under any circumstances.,I was told not to go to an Islamic country alone under any circumstances.,,
1160,4,I preferred cleaning the house and not going out.,I preferred cleaning the house and not going out.,,
1161,4,I am so obsessed with hygiene that I even wash chicken eggs.,I am so obsessed with hygiene that I even wash chicken eggs.,,
1162,4,I was happy when everything was perfectly cleaned.,I was happy when everything was perfectly cleaned.,,
1163,1,I was so angry I was screaming into my pillow.,I was so angry I was screaming into my pillow.,,
1164,5,"When there was covid, I was very afraid of quarantine, I didn't want to be alone.","When there was covid, I was very afraid of quarantine, I didn't want to be alone.",,
1165,9,I was sure I could do it.,I was sure I could do it.,,
1166,1,I knocked on wood to counteract a negative statement.,I knocked on wood to counteract a negative statement.,,
1167,16,I played sports for twenty years to get to where I am today.,I played sports for twenty years to get to where I am today.,,
1168,14,I told them a joke but I guess it went too far.,I told them a joke but I guess it went too far.,,
1169,5,I chose to stay with my friend instead of going home alone.,I chose to stay with my friend instead of going home alone.,,
1170,3,I decided to work at the shelter this summer.,I decided to work at the shelter this summer.,,
1171,15,I didn't like being led on and I wanted to get physical.,I didn't like being led on and I wanted to get physical.,,
1172,16,"I loved sports even as a child, I was always best at playing anything.","I loved sports even as a child, I was always best at playing anything.",,
1173,11,I ensured that my perspective was based on rational and credible sources.,I ensured that my perspective was based on rational and credible sources.,,
1174,16,I like going to the gym.,I like going to the gym.,,
1175,7,I like beauty products.,I like beauty products.,,
1176,5,I would rather live in a dorm with other students than alone in a flat.,I would rather live in a dorm with other students than alone in a flat.,,
1177,5,"Even though he was rude, I was friendly, as always.","Even though he was rude, I was friendly, as always.",,
1178,15,I was in an open relationship because I liked switching up my sexual partners.,I was in an open relationship because I liked switching up my sexual partners.,,
1179,3,I could never just ignore someone else's suffering.,I could never just ignore someone else's suffering.,,
1180,12,I ensured a strong financial foundation for my family's long-term goals.,I ensured a strong financial foundation for my family's long-term goals.,,
1181,16,I accidentally got into the fight but I could defend myself pretty well.,I accidentally got into the fight but I could defend myself pretty well.,,
1182,10,"I realise I'm tough sometimes, but discipline is what got me to this position.","I realise I'm tough sometimes, but discipline is what got me to this position.",,
1183,8,There was nothing in this world I couldn't do when I could walk.,There was nothing in this world I couldn't do when I could walk.,,
1184,11,I told them that no amount of wishful thinking equals proper preparations.,I told them that no amount of wishful thinking equals proper preparations.,,
1185,11,I made the logical choice.,I made the logical choice.,,
1186,2,My father used to be my main authority and now I am totally lost.,My father used to be my main authority and now I am totally lost.,,
1187,8,I drank an extraordinary amount of alcohol and still looked quite okay.,I drank an extraordinary amount of alcohol and still looked quite okay.,,
1188,13,I coordinated the rescue effort.,I coordinated the rescue effort.,,
1189,6,I packed a light suitcase to be able to carry it.,I packed a light suitcase to be able to carry it.,,
1190,13,I had to explain to them that I won't tolerate any back talk.,I had to explain to them that I won't tolerate any back talk.,,
1191,7,I looked in the mirror and couldn't help but admire myself.,I looked in the mirror and couldn't help but admire myself.,,
1192,7,I like expensive clothes because they don't get ruined so quickly.,I like expensive clothes because they don't get ruined so quickly.,,
1193,3,I wish I knew how they felt!,I wish I knew how they felt!,,
1194,6,My stomach could not handle that and I just threw up.,My stomach could not handle that and I just threw up.,,
1195,1,I cried because of what I was told.,I cried because of what I was told.,,
1196,14,I just wanted to have fun.,I just wanted to have fun.,,
1197,8,I ate the soup even though they warned me it might give me food poisoning.,I ate the soup even though they warned me it might give me food poisoning.,,
1198,3,I am grateful that I have children to take care of.,I am grateful that I have children to take care of.,,
1199,10,I am organised and efficient in my work.,I am organised and efficient in my work.,,
1200,4,I don't like when clothes get stained in the washing machine.,I don't like when clothes get stained in the washing machine.,,
1201,14,"I did not want to be in a committed relationship in my thirties, I wanted to party and live a carefree life.","I did not want to be in a committed relationship in my thirties, I wanted to party and live a carefree life.",,
1202,8,I'm happy to tackle whatever fate has in store for me.,I'm happy to tackle whatever fate has in store for me.,,
1203,9,What if I told you that I am always right?,What if I told you that I am always right?,,
1204,8,I came up with swimming across the river in the middle of a storm.,I came up with swimming across the river in the middle of a storm.,,
1205,11,I always wanted to be a scientist.,I always wanted to be a scientist.,,
1206,9,I am a stand-up comedian.,I am a stand-up comedian.,,
1207,16,"I started swimming twice a week and it shows, not only physically but mentally as well.","I started swimming twice a week and it shows, not only physically but mentally as well.",,
1208,6,I had to call a friend to help me because I was too weak to carry the wardrobe.,I had to call a friend to help me because I was too weak to carry the wardrobe.,,
1209,11,"I never showed my emotions, I preferred to solve my problems by thinking rationally.","I never showed my emotions, I preferred to solve my problems by thinking rationally.",,
1210,8,The situation was rather sketchy but I never even flinched.,The situation was rather sketchy but I never even flinched.,,
1211,16,I endured the worst nightmares without ever asking for help.,I endured the worst nightmares without ever asking for help.,,
1212,6,I guess these endurance sports were never really for weaklings like me.,I guess these endurance sports were never really for weaklings like me.,,
1213,13,"At work, I regularly stepped up to lead team meetings.","At work, I regularly stepped up to lead team meetings.",,
1214,9,I did not feel any stage fright when I was supposed to perform.,I did not feel any stage fright when I was supposed to perform.,,
1215,14,People keep telling me that I'm a child in an adult body and I'm happy for that.,People keep telling me that I'm a child in an adult body and I'm happy for that.,,
1216,13,I would like the people around me to know that they can always count on me.,I would like the people around me to know that they can always count on me.,,
1217,16,"Breaking through concrete and bricks, I embraced the rough physicality of the demolition job.","Breaking through concrete and bricks, I embraced the rough physicality of the demolition job.",,
1218,5,I am very active in my neighbourhood community.,I am very active in my neighbourhood community.,,
1219,3,I baked a batch of cookies for the Christmas party.,I baked a batch of cookies for the Christmas party.,,
1220,3,I always wanted to be an engineer but I felt that my kids would need me so I became a cleaner.,I always wanted to be an engineer but I felt that my kids would need me so I became a cleaner.,,
1221,12,I didn't mind my health as long as I could keep that position.,I didn't mind my health as long as I could keep that position.,,
1222,16,In elementary school I competed in several disciplines.,In elementary school I competed in several disciplines.,,
1223,15,I always thought it was okay to have sex before marriage.,I always thought it was okay to have sex before marriage.,,
1224,9,"I could afford to refuse the job, because I was sure other offers would quickly appear.","I could afford to refuse the job, because I was sure other offers would quickly appear.",,
1225,3,I understood being in love and making short-sighted decisions.,I understood being in love and making short-sighted decisions.,,
1226,5,"I volunteered at a local community center, engaging with individuals of different ages.","I volunteered at a local community center, engaging with individuals of different ages.",,
1227,6,I had to ask for help with opening the water bottle.,I had to ask for help with opening the water bottle.,,
1228,9,"If I wanted to, I could choose who I dated.","If I wanted to, I could choose who I dated.",,
1229,11,"I could make sense of it, because they showed me a diagram.","I could make sense of it, because they showed me a diagram.",,
1230,10,I was always focused on my dream.,I was always focused on my dream.,,
1231,9,I wasn't scared of failure.,I wasn't scared of failure.,,
1232,4,"I washed it again, because my partner didn't do a good job.","I washed it again, because my partner didn't do a good job.",,
1233,12,I used my earnings to contribute to our family's savings.,I used my earnings to contribute to our family's savings.,,
1234,9,I am aware of my exceptional leadership skills that inspire others.,I am aware of my exceptional leadership skills that inspire others.,,
1235,1,"I was looking for something entirely different, but this thing won my heart.","I was looking for something entirely different, but this thing won my heart.",,
1236,4,"I don't want to have a dishwasher, I like to wash dishes by myself.","I don't want to have a dishwasher, I like to wash dishes by myself.",,
1237,3,I was happy to make lunch for my colleagues.,I was happy to make lunch for my colleagues.,,
1238,1,I was so overwhelmed with emotions that I could not make the right decision.,I was so overwhelmed with emotions that I could not make the right decision.,,
1239,1,My stomach hurt when I imagined someone would be angry with me.,My stomach hurt when I imagined someone would be angry with me.,,
1240,12,I actively sought out promotions and salary negotiations at work to support our family's financial goals.,I actively sought out promotions and salary negotiations at work to support our family's financial goals.,,
1241,13,"As a personal trainer, I designed individualized fitness programs, provided guidance on proper exercise techniques, and motivated clients to achieve their health and fitness goals.","As a personal trainer, I designed individualized fitness programs, provided guidance on proper exercise techniques, and motivated clients to achieve their health and fitness goals.",,
1242,3,I was always good at reading other people's emotions.,I was always good at reading other people's emotions.,,
1243,14,I enjoy doing bad things to people if it makes me laugh.,I enjoy doing bad things to people if it makes me laugh.,,
1244,4,I always had a little hand disinfectant with me even before the pandemic.,I always had a little hand disinfectant with me even before the pandemic.,,
1245,16,I changed the flat tire on my own.,I changed the flat tire on my own.,,
1246,8,"I stood my ground, fueled by the fire within.","I stood my ground, fueled by the fire within.",,
1247,1,I couldn't handle my feelings.,I couldn't handle my feelings.,,
1248,6,I struggled to lift the heavy furniture while moving.,I struggled to lift the heavy furniture while moving.,,
1249,8,"I navigated the labyrinth, undeterred by the lurking dangers.","I navigated the labyrinth, undeterred by the lurking dangers.",,
1250,8,I like hunting.,I like hunting.,,
1251,8,"With each crashing wave, I navigated the treacherous seas, steering us towards safety.","With each crashing wave, I navigated the treacherous seas, steering us towards safety.",,
1252,1,Deep inside I knew that spending so much money on a bag was stupid.,Deep inside I knew that spending so much money on a bag was stupid.,,
1253,4,I couldn't get the stain out of that shirt and I tried everything I could.,I couldn't get the stain out of that shirt and I tried everything I could.,,
1254,16,I offered assistance to an old lady struggling with heavy bags.,I offered assistance to an old lady struggling with heavy bags.,,
1255,16,I dug it out with no difficulties.,I dug it out with no difficulties.,,
1256,11,"I didn't body-shame you, I was just commenting on the fact.","I didn't body-shame you, I was just commenting on the fact.",,
1257,7,I followed the latest fashion trends.,I followed the latest fashion trends.,,
1258,5,"Being alone doesn't suit me, the last time I was alone I got depressed.","Being alone doesn't suit me, the last time I was alone I got depressed.",,
1259,3,I always wanted to take care of others.,I always wanted to take care of others.,,
1260,4,I applied for a job as a cleaner.,I applied for a job as a cleaner.,,
1261,8,I bet one million dollars yesterday.,I bet one million dollars yesterday.,,
1262,3,I always had a lot of plants and loved taking care of them.,I always had a lot of plants and loved taking care of them.,,
1263,8,"The rough bark and jagged branches tested my strength and resolve, but I embraced the arduous task.","The rough bark and jagged branches tested my strength and resolve, but I embraced the arduous task.",,
1264,4,There is no way I would go to bed without showering.,There is no way I would go to bed without showering.,,
1265,7,I like maintaining my appearance.,I like maintaining my appearance.,,
1266,11,"I didn't talk about the breakup with my friends, we talked about finances.","I didn't talk about the breakup with my friends, we talked about finances.",,
1267,13,I was a leader in a traditionally male-dominated company.,I was a leader in a traditionally male-dominated company.,,
1268,5,"They told me to go, but I wouldn't go alone.","They told me to go, but I wouldn't go alone.",,
1269,5,When I'm feeling down I like to go out with my friends.,When I'm feeling down I like to go out with my friends.,,
1270,3,I was very supportive when I found out about the tragedy.,I was very supportive when I found out about the tragedy.,,
1271,10,I never left work without my task being finished.,I never left work without my task being finished.,,
1272,8,I worked as a guard in prison.,I worked as a guard in prison.,,
1273,3,"I was not judgmental, I simply listened.","I was not judgmental, I simply listened.",,
1274,3,"I saw her alone, so I started to talk to her, so she won't feel left behind.","I saw her alone, so I started to talk to her, so she won't feel left behind.",,
1275,2,I often compromised my own values or beliefs to conform to the expectations of others.,I often compromised my own values or beliefs to conform to the expectations of others.,,
1276,8,"I bought tickets to South America, because I decided to spend a month alone in the jungle.","I bought tickets to South America, because I decided to spend a month alone in the jungle.",,
1277,3,"When my friend was going through a difficult time, such as a breakup, loss, or personal struggle I always showed empathy and offered support.","When my friend was going through a difficult time, such as a breakup, loss, or personal struggle I always showed empathy and offered support.",,
1278,11,I had to make a logical decision about the finance plan.,I had to make a logical decision about the finance plan.,,
1279,13,I never lied to my team.,I never lied to my team.,,
1280,9,I don't like to beat around the bush.,I don't like to beat around the bush.,,
1281,6,I was so exhausted after cleaning the whole house.,I was so exhausted after cleaning the whole house.,,
1282,7,Do you think I looked good at the prom?,Do you think I looked good at the prom?,,
1283,7,I knew my appearances were important for my work.,I knew my appearances were important for my work.,,
1284,9,I was always aware of my good qualities.,I was always aware of my good qualities.,,
1285,10,"As a veterinarian, I conducted thorough examinations, diagnosed and treated animals' ailments.","As a veterinarian, I conducted thorough examinations, diagnosed and treated animals' ailments.",,
1286,4,"I dusted the bookshelves and mopped the floors every Saturday, it is a sign of a good upbringing.","I dusted the bookshelves and mopped the floors every Saturday, it is a sign of a good upbringing.",,
1287,16,I created a new training plan.,I created a new training plan.,,
1288,3,I was always good at taking care of others.,I was always good at taking care of others.,,
1289,4,I had to wash the bike before heading to town.,I had to wash the bike before heading to town.,,
1290,4,When I felt that I needed some psychohygiene I cleaned our apartment.,When I felt that I needed some psychohygiene I cleaned our apartment.,,
1291,3,I participated in a community event to raise awareness and support for a cause that affected others.,I participated in a community event to raise awareness and support for a cause that affected others.,,
1292,5,I was the student ambassador as I could easily talk to the new students and make them feel comfortable.,I was the student ambassador as I could easily talk to the new students and make them feel comfortable.,,
1293,8,I was never scared of insects.,I was never scared of insects.,,
1294,5,I should go out more.,I should go out more.,,
1295,13,I laid the foundations of this company.,I laid the foundations of this company.,,
1296,8,I always wanted to move somewhere far away to live completely off-grid.,I always wanted to move somewhere far away to live completely off-grid.,,
1297,14,I had to win no matter what.,I had to win no matter what.,,
1298,11,"I have always made decisions based on logic, not feelings.","I have always made decisions based on logic, not feelings.",,
1299,8,"They were telling me that I couldn't do it, so I did it to prove them wrong.","They were telling me that I couldn't do it, so I did it to prove them wrong.",,
1300,16,I carried my partner over the mud puddles.,I carried my partner over the mud puddles.,,
1301,12,"I never did any chores, but I brought in the money.","I never did any chores, but I brought in the money.",,
1302,1,I watched my favorite film and I cried.,I watched my favorite film and I cried.,,
1303,15,I like sex even though I consider myself to be rather conservative in these regards.,I like sex even though I consider myself to be rather conservative in these regards.,,
1304,9,Not for a second have I doubted my decision.,Not for a second have I doubted my decision.,,
1305,12,I'm looking for a good job so I can give my family what they deserve.,I'm looking for a good job so I can give my family what they deserve.,,
1306,15,I dreamt about sleeping with them tonight.,I dreamt about sleeping with them tonight.,,
1307,8,I bought a new motorbike.,I bought a new motorbike.,,
1308,3,"I was never an over-achiever, I was just happy when my family was happy.","I was never an over-achiever, I was just happy when my family was happy.",,
1309,3,I shopped for sweets our children like.,I shopped for sweets our children like.,,
1310,4,I would never wear the same clothes twice without washing them.,I would never wear the same clothes twice without washing them.,,
1311,11,I stayed calm and focused during a high-pressure work assignment.,I stayed calm and focused during a high-pressure work assignment.,,
1312,15,I watched a lot of pick-up artist videos hoping to find sexual partners.,I watched a lot of pick-up artist videos hoping to find sexual partners.,,
1313,1,I was feeling sad without any obvious reason.,I was feeling sad without any obvious reason.,,
1314,9,I was sure you could never score more than me.,I was sure you could never score more than me.,,
1315,11,"I dislike hearsay, it is never reliable.","I dislike hearsay, it is never reliable.",,
1316,10,I went to the workshop in order to perfect my skills.,I went to the workshop in order to perfect my skills.,,
1317,6,"My friend always jokes that I can't even hold my beer, because I'm weak.","My friend always jokes that I can't even hold my beer, because I'm weak.",,
1318,10,"I am a journalist, more specifically, the editor-in-chief of the local newspaper.","I am a journalist, more specifically, the editor-in-chief of the local newspaper.",,
1319,8,I had a big collection of knives.,I had a big collection of knives.,,
1320,9,I traveled a lot so I know which tickets you need to buy.,I traveled a lot so I know which tickets you need to buy.,,
1321,6,I feel like the weakest one in the gym.,I feel like the weakest one in the gym.,,
1322,10,I drove a really nice car so that it represented the company well.,I drove a really nice car so that it represented the company well.,,
1323,9,"I registered for the competition, although I had no skills.","I registered for the competition, although I had no skills.",,
1324,11,I never spent money on things I did not really need.,I never spent money on things I did not really need.,,
1325,2,I complied with unreasonable demands or requests from others.,I complied with unreasonable demands or requests from others.,,
1326,8,I am brave.,I am brave.,,
1327,16,I've also incorporated the sauna into my routine because it helps me regenerate my tired muscles.,I've also incorporated the sauna into my routine because it helps me regenerate my tired muscles.,,
1328,3,I would forgive infidelity if the family stayed intact.,I would forgive infidelity if the family stayed intact.,,
1329,8,"If someone touches me, I am capable of hitting them.","If someone touches me, I am capable of hitting them.",,
1330,4,Yesterday I spent the whole day cleaning.,Yesterday I spent the whole day cleaning.,,
1331,4,I did not stop until everything was squeaky clean and prepared for their arrival.,I did not stop until everything was squeaky clean and prepared for their arrival.,,
1332,7,I spent two hours just picking my outfit.,I spent two hours just picking my outfit.,,
1333,11,I decided based on the data.,I decided based on the data.,,
1334,8,I didn't need any emotional support from you.,I didn't need any emotional support from you.,,
1335,2,I conformed to the societal expectations because I was taught to do so.,I conformed to the societal expectations because I was taught to do so.,,
1336,14,"I took my son to the amusement park, but apparently, I was more excited.","I took my son to the amusement park, but apparently, I was more excited.",,
1337,7,I knew the camera made me look even better.,I knew the camera made me look even better.,,
1338,6,I'm not sure if you are right for that position because it contains a lot of stress and pressure.,I'm not sure if you are right for that position because it contains a lot of stress and pressure.,,
1339,9,"I don't have to rely on anybody else, I can do anything by myself.","I don't have to rely on anybody else, I can do anything by myself.",,
1340,9,I have never perceived rejection as something negative.,I have never perceived rejection as something negative.,,
1341,7,"When I learned what type of skin I have, I completely changed my wardrobe.","When I learned what type of skin I have, I completely changed my wardrobe.",,
1342,14,"I'd buy the kids toys, but I'd be the one playing with them.","I'd buy the kids toys, but I'd be the one playing with them.",,
1343,1,I found my passion in expressing my emotions through art.,I found my passion in expressing my emotions through art.,,
1344,11,I carefully read the instructions before assembling the furniture.,I carefully read the instructions before assembling the furniture.,,
1345,15,I'd like to try something crazy in bed.,I'd like to try something crazy in bed.,,
1346,8,"The guy offended my partner, so I hit him.","The guy offended my partner, so I hit him.",,
1347,2,I love receiving other people's approvals.,I love receiving other people's approvals.,,
1348,2,"Maybe I should have kept smiling, even though I was in pain.","Maybe I should have kept smiling, even though I was in pain.",,
1349,13,I took a course on good leadership.,I took a course on good leadership.,,
1350,12,I made sure that we had enough money to cover essential expenses and save for the future.,I made sure that we had enough money to cover essential expenses and save for the future.,,
1351,13,I'd like to find someone who can keep up with me.,I'd like to find someone who can keep up with me.,,
1352,14,I didn't care about the rules.,I didn't care about the rules.,,
1353,11,I planned a whole itinerary to save money and take the most efficient route.,I planned a whole itinerary to save money and take the most efficient route.,,
1354,16,I like to use my physical fitness to defend those who cannot defend themselves.,I like to use my physical fitness to defend those who cannot defend themselves.,,
1355,11,I think that science can bring us closer to objectivity.,I think that science can bring us closer to objectivity.,,
1356,8,I ignored the warning signs of burnout and continued to push myself beyond my limits.,I ignored the warning signs of burnout and continued to push myself beyond my limits.,,
1357,9,"I stood tall, delivering my arguments with clarity and persuasiveness.","I stood tall, delivering my arguments with clarity and persuasiveness.",,
1358,15,I was hoping to try a new sexual position.,I was hoping to try a new sexual position.,,
1359,1,I yelled at everyone and then realised that I was probably just running out of sugar.,I yelled at everyone and then realised that I was probably just running out of sugar.,,
1360,2,"They sent me to negotiate, because I looked gentle.","They sent me to negotiate, because I looked gentle.",,
1361,2,I thanked them and wished them a nice day.,I thanked them and wished them a nice day.,,
1362,16,"As I pushed my body to its limits during my intense workout, I reveled in the exhilarating sensation of feeling my muscles contract.","As I pushed my body to its limits during my intense workout, I reveled in the exhilarating sensation of feeling my muscles contract.",,
1363,7,"I was always made to stand in front of everyone else, because I looked nice.","I was always made to stand in front of everyone else, because I looked nice.",,
1364,16,I changed the tires on the truck alone.,I changed the tires on the truck alone.,,
1365,9,The only one I can really rely on is myself.,The only one I can really rely on is myself.,,
1366,14,I'd rather live in a mess than have to clean up my room.,I'd rather live in a mess than have to clean up my room.,,
1367,7,I received an unexpected compliment from a stranger about my smile.,I received an unexpected compliment from a stranger about my smile.,,
1368,9,I did not need to study for that test.,I did not need to study for that test.,,
1369,15,I forgot to buy condoms.,I forgot to buy condoms.,,
1370,15,I would like to touch your body.,I would like to touch your body.,,
1371,6,I thought swimming would be easier.,I thought swimming would be easier.,,
1372,16,I was very athletic and loved running.,I was very athletic and loved running.,,
1373,7,I was stunning.,I was stunning.,,
1374,14,"I didn't know how to cook pasta, so I was hungry.","I didn't know how to cook pasta, so I was hungry.",,
1375,5,I joined a volunteer group that organized regular community clean-up events.,I joined a volunteer group that organized regular community clean-up events.,,
1376,3,I showed empathy by providing comfort.,I showed empathy by providing comfort.,,
1377,11,I set clear goals that I want to achieve.,I set clear goals that I want to achieve.,,
1378,7,I like to wear linen clothes in the summer.,I like to wear linen clothes in the summer.,,
1379,11,I'm really good at technical and analytical tasks.,I'm really good at technical and analytical tasks.,,
1380,9,I am determined.,I am determined.,,
1381,14,I stole their lunch.,I stole their lunch.,,
1382,1,I decided based on my first impression.,I decided based on my first impression.,,
1383,1,I used to cry every night.,I used to cry every night.,,
1384,5,I like being around people all the time.,I like being around people all the time.,,
1385,11,"I took a step back from a stressful situation, allowing myself time to reflect and make a rational decision rather than reacting impulsively.","I took a step back from a stressful situation, allowing myself time to reflect and make a rational decision rather than reacting impulsively.",,
1386,6,"I couldn't move the bed by myself, I had to ask for help.","I couldn't move the bed by myself, I had to ask for help.",,
1387,11,I always preferred hard or natural sciences.,I always preferred hard or natural sciences.,,
1388,8,"Armed with a chainsaw, I ventured into the dense forest.","Armed with a chainsaw, I ventured into the dense forest.",,
1389,13,I always enjoyed leading others.,I always enjoyed leading others.,,
1390,3,My partner had all the instructions about our kids when I went away.,My partner had all the instructions about our kids when I went away.,,
1391,13,I was always making long-term plans so I could motivate everyone to meet our goals.,I was always making long-term plans so I could motivate everyone to meet our goals.,,
1392,3,I refused the promotion to accommodate kids' demands.,I refused the promotion to accommodate kids' demands.,,
1393,3,"I knew that they were taken care of, but I still had to call and check every day.","I knew that they were taken care of, but I still had to call and check every day.",,
1394,3,I offered a comforting hug and kind words to them.,I offered a comforting hug and kind words to them.,,
1395,11,I would never act based on my emotions.,I would never act based on my emotions.,,
1396,9,I'm a tremendous public speaker.,I'm a tremendous public speaker.,,
1397,14,I don't like to share things because they're mine.,I don't like to share things because they're mine.,,
1398,1,"I consider myself incompetent and, moreover, I cry a lot when I fail to save a patient.","I consider myself incompetent and, moreover, I cry a lot when I fail to save a patient.",,
1399,10,I am adaptable so I am able to handle change with ease.,I am adaptable so I am able to handle change with ease.,,
1400,14,"I forgot to cook dinner, because I was watching TV.","I forgot to cook dinner, because I was watching TV.",,
1401,2,"I did not like when curse words were used, it made me feel uncomfortable because I was brought up to be polite at all times.","I did not like when curse words were used, it made me feel uncomfortable because I was brought up to be polite at all times.",,
1402,13,I've always had leadership in me.,I've always had leadership in me.,,
1403,1,I overreacted when I was feeling overwhelmed.,I overreacted when I was feeling overwhelmed.,,
1404,5,"Every Saturday, I went clubbing with my friends, I could not bear the idea of staying at home.","Every Saturday, I went clubbing with my friends, I could not bear the idea of staying at home.",,
1405,15,I'd really like to sleep with you.,I'd really like to sleep with you.,,
1406,8,I was in military training last month.,I was in military training last month.,,
1407,15,I often engaged in compulsive sexual behaviors.,I often engaged in compulsive sexual behaviors.,,
1408,5,I think I am quite good at approaching new people.,I think I am quite good at approaching new people.,,
1409,12,I called the gardener.,I called the gardener.,,
1410,7,"I could wear anything I liked, because everything looked good on me.","I could wear anything I liked, because everything looked good on me.",,
1411,16,"With every weight lifted and muscle strained, I could feel my physical strength growing.","With every weight lifted and muscle strained, I could feel my physical strength growing.",,
1412,5,I like crowds of people.,I like crowds of people.,,
1413,6,"I participated in a sports competition, but my physical weakness hindered my performance.","I participated in a sports competition, but my physical weakness hindered my performance.",,
1414,9,"I have never used GPS in my car, I don't need any gadgets to tell me what to do.","I have never used GPS in my car, I don't need any gadgets to tell me what to do.",,
1415,3,"My grandparents asked me if I could help them on the weekends, and I was very happy to do so.","My grandparents asked me if I could help them on the weekends, and I was very happy to do so.",,
1416,12,I was always the head of the family.,I was always the head of the family.,,
1417,11,I have never experienced being overwhelmed by emotions.,I have never experienced being overwhelmed by emotions.,,
1418,5,"I organized a themed movie night with friends, creating a cozy atmosphere.","I organized a themed movie night with friends, creating a cozy atmosphere.",,
1419,12,"If I lost my job, my family would be in big trouble.","If I lost my job, my family would be in big trouble.",,
1420,11,"In critical situations, I am calm, yet prompt.","In critical situations, I am calm, yet prompt.",,
1421,2,I knew it would make me feel uneasy if I did not obey.,I knew it would make me feel uneasy if I did not obey.,,
1422,10,I made well-informed decisions that aligned with the organization's goals and values.,I made well-informed decisions that aligned with the organization's goals and values.,,
1423,12,"Don't worry, I already paid.","Don't worry, I already paid.",,
1424,16,I dragged them out of the club by their collar.,I dragged them out of the club by their collar.,,
1425,6,I joined a martial arts class and found it challenging to execute certain techniques due to my lack of strength and flexibility.,I joined a martial arts class and found it challenging to execute certain techniques due to my lack of strength and flexibility.,,
1426,3,"They did not ask for help, but I could not resist.","They did not ask for help, but I could not resist.",,
1427,9,I have my techniques that have always helped me get what I wanted.,I have my techniques that have always helped me get what I wanted.,,
1428,16,I cycled for almost 5 hours.,I cycled for almost 5 hours.,,
1429,1,Sometimes I am sad for no apparent reason.,Sometimes I am sad for no apparent reason.,,
1430,1,"Because I have blond hair, people think I'm stupid.","Because I have blond hair, people think I'm stupid.",,
1431,4,I wonder if I am the only one who cleans up before every visit.,I wonder if I am the only one who cleans up before every visit.,,
1432,13,I started my own company.,I started my own company.,,
1433,9,I am confident in myself.,I am confident in myself.,,
1434,14,Why would I look for a job when I could be with my friends all day?,Why would I look for a job when I could be with my friends all day?,,
1435,5,"I found out that when I'm not with my friends, I feel miserable.","I found out that when I'm not with my friends, I feel miserable.",,
1436,12,"I could not watch my mom still working at 65, so I told her that I would financially support her.","I could not watch my mom still working at 65, so I told her that I would financially support her.",,
1437,11,I've learned that failure is a necessary ingredient on the road to success.,I've learned that failure is a necessary ingredient on the road to success.,,
1438,7,I often get low self-esteem when I have a rash.,I often get low self-esteem when I have a rash.,,
1439,11,I uncovered the lie easily.,I uncovered the lie easily.,,
1440,15,I enjoyed casual sex at every opportunity.,I enjoyed casual sex at every opportunity.,,
1441,7,"What do you think, am I likable?","What do you think, am I likable?",,
1442,6,"It was a short run, but I am tired.","It was a short run, but I am tired.",,
1443,5,I like to work in groups.,I like to work in groups.,,
1444,2,I assumed responsibility to avoid conflict even though I did not do anything wrong.,I assumed responsibility to avoid conflict even though I did not do anything wrong.,,
1445,8,I embarked on a challenging rock climbing expedition.,I embarked on a challenging rock climbing expedition.,,
1446,4,I was doing laundry when the phone rang.,I was doing laundry when the phone rang.,,
1447,16,I'm strong enough.,I'm strong enough.,,
1448,13,I bought this company to manage it better.,I bought this company to manage it better.,,
1449,13,"As a team leader, I made sure that everyone was involved.","As a team leader, I made sure that everyone was involved.",,
1450,8,"I have always loved adventure: foreign countries, wild nature.","I have always loved adventure: foreign countries, wild nature.",,
1451,11,I prepared a budget for the whole trip.,I prepared a budget for the whole trip.,,
1452,10,I'm an expert in financial and business matters.,I'm an expert in financial and business matters.,,
1453,6,"I'm hurt, no one has ever treated me like this.","I'm hurt, no one has ever treated me like this.",,
1454,8,I am determined to endure anything.,I am determined to endure anything.,,
1455,7,I matched my makeup with my clothes.,I matched my makeup with my clothes.,,
1456,1,I cried when I saw the little baby in the pram.,I cried when I saw the little baby in the pram.,,
1457,1,"What people say about me often makes me cry, I am sensitive.","What people say about me often makes me cry, I am sensitive.",,
1458,4,I always stacked my clothes nicely.,I always stacked my clothes nicely.,,
1459,12,I took on additional work to increase our household income.,I took on additional work to increase our household income.,,
1460,10,I was working till midnight every day this week.,I was working till midnight every day this week.,,
1461,6,"I encountered a difficult obstacle that tested my resilience, but I felt weak and defeated.","I encountered a difficult obstacle that tested my resilience, but I felt weak and defeated.",,
1462,11,"When I brought up verified data during the argument, people had nothing to say.","When I brought up verified data during the argument, people had nothing to say.",,
1463,8,"I ventured into the untamed wilderness, ready to conquer its challenges.","I ventured into the untamed wilderness, ready to conquer its challenges.",,
1464,4,I folded the laundry.,I folded the laundry.,,
1465,8,"I could hear wolves howling in the woods, but I went there anyway.","I could hear wolves howling in the woods, but I went there anyway.",,
1466,6,They never ask me for help because they say I couldn't handle it.,They never ask me for help because they say I couldn't handle it.,,
1467,9,"I didn't need to try to look good, it came naturally to me.","I didn't need to try to look good, it came naturally to me.",,
1468,2,"I liked playing football but my parents preferred dancing, so I had to stop.","I liked playing football but my parents preferred dancing, so I had to stop.",,
1469,9,I passed the public speaking class with straight As.,I passed the public speaking class with straight As.,,
1470,9,I told them my mind openly.,I told them my mind openly.,,
1471,6,"My partner did twenty push-ups, but I couldn't even do five.","My partner did twenty push-ups, but I couldn't even do five.",,
1472,16,I never shunned away from hard manual work.,I never shunned away from hard manual work.,,
1473,3,I attended a community event organized by a marginalized group to better understand their experiences and show solidarity.,I attended a community event organized by a marginalized group to better understand their experiences and show solidarity.,,
1474,2,"I have never used swear words, I find it unbecoming.","I have never used swear words, I find it unbecoming.",,
1475,4,"I should have come to the library earlier, now it is completely full.","I should have come to the library earlier, now it is completely full.",,
1476,13,"As a team leader, I was responsible for the outcomes of our projects.","As a team leader, I was responsible for the outcomes of our projects.",,
1477,1,I totally overreacted.,I totally overreacted.,,
1478,8,I never failed in any area of my life.,I never failed in any area of my life.,,
1479,4,I liked when everything was fresh and clean so I spent a lot of time doing the housework.,I liked when everything was fresh and clean so I spent a lot of time doing the housework.,,
1480,9,People often come to me for advice because they know I am the best.,People often come to me for advice because they know I am the best.,,
1481,4,I don't like it when I come home from the hike and I feel dirty.,I don't like it when I come home from the hike and I feel dirty.,,
1482,12,"In order to give my family what they deserve, I had to change careers.","In order to give my family what they deserve, I had to change careers.",,
1483,10,I wanted to learn more languages to expand my professional opportunities.,I wanted to learn more languages to expand my professional opportunities.,,
1484,11,"Instead of getting angry when it did not work out, I stayed calm and focused on a different activity instead.","Instead of getting angry when it did not work out, I stayed calm and focused on a different activity instead.",,
1485,7,"I took care of my skin diligently, and it paid off when I noticed a healthy glow.","I took care of my skin diligently, and it paid off when I noticed a healthy glow.",,
1486,8,I faced the predator.,I faced the predator.,,
1487,2,I didn't like being rough.,I didn't like being rough.,,
1488,1,"I woke up this morning with a great need to change something in my life, so I decided to sell my car and buy a plane ticket to the USA.","I woke up this morning with a great need to change something in my life, so I decided to sell my car and buy a plane ticket to the USA.",,
1489,15,I imagined how they'd look with no clothes on.,I imagined how they'd look with no clothes on.,,
1490,16,I should eat more protein to build muscle.,I should eat more protein to build muscle.,,
1491,15,I couldn't think about anything else except sex.,I couldn't think about anything else except sex.,,
1492,1,I used to love drawing in order to express my emotions.,I used to love drawing in order to express my emotions.,,
1493,9,"Having a strong belief in myself, I embraced new opportunities.","Having a strong belief in myself, I embraced new opportunities.",,
1494,15,I've realised how important it is to have a sexually compatible partner.,I've realised how important it is to have a sexually compatible partner.,,
1495,13,I took the initiative to address conflicts or issues within a problematic social group.,I took the initiative to address conflicts or issues within a problematic social group.,,
1496,1,"He did not do anything wrong, but I was still upset.","He did not do anything wrong, but I was still upset.",,
1497,6,"They were getting dangerously close to me, so I started screaming for help.","They were getting dangerously close to me, so I started screaming for help.",,
1498,11,I always believed in technological progress.,I always believed in technological progress.,,
1499,12,I couldn't be in a relationship where I had a lower income.,I couldn't be in a relationship where I had a lower income.,,
1500,5,"Talking to other people is healthy, it has always helped me when I was feeling down.","Talking to other people is healthy, it has always helped me when I was feeling down.",,
1501,14,I came up with the prank.,I came up with the prank.,,
1502,12,I regularly reviewed insurance policies and adjusted coverage to protect my family's financial well-being.,I regularly reviewed insurance policies and adjusted coverage to protect my family's financial well-being.,,
1503,3,"I participated in a community service project, working alongside individuals from diverse backgrounds.","I participated in a community service project, working alongside individuals from diverse backgrounds.",,
1504,16,I had to kick the door in.,I had to kick the door in.,,
1505,1,"They didn't say anything, but I felt that they didn't like me at all.","They didn't say anything, but I felt that they didn't like me at all.",,
1506,16,I worked for a moving company.,I worked for a moving company.,,
1507,2,I give in to people because I think they will like me more.,I give in to people because I think they will like me more.,,
1508,1,"I didn't listen to their arguments, because they hurt my feelings.","I didn't listen to their arguments, because they hurt my feelings.",,
1509,2,I have always adapted my plans to my partner.,I have always adapted my plans to my partner.,,
1510,11,I am proud of my engineering expertise and problem-solving abilities.,I am proud of my engineering expertise and problem-solving abilities.,,
1511,5,"When they didn't invite me, I felt hurt.","When they didn't invite me, I felt hurt.",,
1512,13,I was effective in setting goals and driving my team towards them.,I was effective in setting goals and driving my team towards them.,,
1513,10,"I did it quickly and efficiently, so they called me again.","I did it quickly and efficiently, so they called me again.",,
1514,2,I bought tickets to the ballet because I wanted to surprise my friends.,I bought tickets to the ballet because I wanted to surprise my friends.,,
1515,7,I wore the new swimsuit to show off my body.,I wore the new swimsuit to show off my body.,,
1516,12,"I wanted them to be happy, so I worked hard.","I wanted them to be happy, so I worked hard.",,
1517,3,"A friend of mine is going through a tough breakup, so I bought us tickets to a festival to let her get some rest.","A friend of mine is going through a tough breakup, so I bought us tickets to a festival to let her get some rest.",,
1518,3,I taught my kids their first words.,I taught my kids their first words.,,
1519,2,"I must go, because my father will be angry and I don't like it when he's angry.","I must go, because my father will be angry and I don't like it when he's angry.",,
1520,3,"When he needed help, I put everything aside and ran to him.","When he needed help, I put everything aside and ran to him.",,
1521,11,"In the past I was angry about everything, but now I think hard about what I'm going to spend my energy on.","In the past I was angry about everything, but now I think hard about what I'm going to spend my energy on.",,
1522,13,I received a grant to lead my own research team.,I received a grant to lead my own research team.,,
1523,8,"I was so tired, but I had to go on that race to prove, I can do it.","I was so tired, but I had to go on that race to prove, I can do it.",,
1524,15,I went to a BDSM club.,I went to a BDSM club.,,
1525,16,The adrenaline coursed through my veins as I effortlessly carried the heavy load.,The adrenaline coursed through my veins as I effortlessly carried the heavy load.,,
1526,4,I like cleaning.,I like cleaning.,,
1527,1,So what that I cried?,So what that I cried?,,
1528,2,I don't like attention.,I don't like attention.,,
1529,7,I like it when someone compliments how I look.,I like it when someone compliments how I look.,,
1530,7,My mom told me that it doesn't matter if I'm not the most clever in the school as long as my hair shines the brightest.,My mom told me that it doesn't matter if I'm not the most clever in the school as long as my hair shines the brightest.,,
1531,2,I always think carefully about how I talk to people so that I don't hurt them.,I always think carefully about how I talk to people so that I don't hurt them.,,
1532,5,I wished to host that party and was sad when it was decided otherwise.,I wished to host that party and was sad when it was decided otherwise.,,
1533,8,It was really a high-stress situation but I think I handled it without any problems.,It was really a high-stress situation but I think I handled it without any problems.,,
1534,8,I jumped into the pond and pulled the drowning dog out.,I jumped into the pond and pulled the drowning dog out.,,
1535,3,I had to call them every night before going to sleep.,I had to call them every night before going to sleep.,,
1536,6,I was sexually assaulted.,I was sexually assaulted.,,
1537,5,I am very social.,I am very social.,,
1538,14,"I am so lazy, I just want to walk around the house and do nothing.","I am so lazy, I just want to walk around the house and do nothing.",,
1539,11,A friend told me that I'm the best in rational thought processes.,A friend told me that I'm the best in rational thought processes.,,
1540,8,I almost managed to escape the cops.,I almost managed to escape the cops.,,
1541,12,I was the provider in our family.,I was the provider in our family.,,
1542,11,I considered the long-term consequences of marriage as a major life decision.,I considered the long-term consequences of marriage as a major life decision.,,
1543,3,I always show my books to the children to motivate them to read.,I always show my books to the children to motivate them to read.,,
1544,11,"I voted based on the political party's program, not the leader's charisma.","I voted based on the political party's program, not the leader's charisma.",,
1545,7,I wore the new shoes to the event.,I wore the new shoes to the event.,,
1546,3,I am uneasy when someone close to me suffers.,I am uneasy when someone close to me suffers.,,
1547,5,I am very communicative.,I am very communicative.,,
1548,12,I used my culinary skills to start a catering business to meet our family's financial goals.,I used my culinary skills to start a catering business to meet our family's financial goals.,,
1549,6,I could not open the mineral water and asked for help.,I could not open the mineral water and asked for help.,,
1550,7,I made sure I looked good on the camera.,I made sure I looked good on the camera.,,
1551,8,I thought crying was showing weakness.,I thought crying was showing weakness.,,
1552,3,I offered words of encouragement and support to a friend.,I offered words of encouragement and support to a friend.,,
1553,11,"I didn't care about how it looked, I cared about how it worked.","I didn't care about how it looked, I cared about how it worked.",,
1554,2,"I was told I am submissive, so it must be true.","I was told I am submissive, so it must be true.",,
1555,14,"If it were up to me, I would walk around naked.","If it were up to me, I would walk around naked.",,
1556,12,I worked a lot to provide for my partner who did not have a job.,I worked a lot to provide for my partner who did not have a job.,,
1557,5,I applied for the tour guide position so that I would meet new people.,I applied for the tour guide position so that I would meet new people.,,
1558,16,I could easily swim for hours.,I could easily swim for hours.,,
1559,2,"I need to talk to someone, but I feel like I'd just be bothering that person.","I need to talk to someone, but I feel like I'd just be bothering that person.",,
1560,8,I showed my rival a middle finger.,I showed my rival a middle finger.,,
1561,8,I like when I have adrenaline in my life.,I like when I have adrenaline in my life.,,
1562,1,"When a stranger speaks to me, I imagine all sorts of scenarios of how they could hurt me.","When a stranger speaks to me, I imagine all sorts of scenarios of how they could hurt me.",,
1563,7,I like it when I take care of my appearance and someone appreciates it.,I like it when I take care of my appearance and someone appreciates it.,,
1564,2,Kindness is something I valued in myself.,Kindness is something I valued in myself.,,
1565,8,I've always been able to face difficult situations.,I've always been able to face difficult situations.,,
1566,14,"I always wanted to do things my way, no matter what.","I always wanted to do things my way, no matter what.",,
1567,9,"As I entered the exam room, I embraced my preparation and knowledge, radiating quiet confidence.","As I entered the exam room, I embraced my preparation and knowledge, radiating quiet confidence.",,
1568,10,I wanted to give a presentation about finances because it can attract new clients.,I wanted to give a presentation about finances because it can attract new clients.,,
1569,8,I reveled in the adrenaline rush.,I reveled in the adrenaline rush.,,
1570,12,I purchased a life insurance policy to protect my family financially in case something happens to me.,I purchased a life insurance policy to protect my family financially in case something happens to me.,,
1571,9,"I've read some books on that topic, so I think you could use my help.","I've read some books on that topic, so I think you could use my help.",,
1572,7,I knew that my good looks always made things a bit easier.,I knew that my good looks always made things a bit easier.,,
1573,7,I received compliments from friends and family on my stunning appearance for a special occasion.,I received compliments from friends and family on my stunning appearance for a special occasion.,,
1574,5,I just could not stop talking and gossiping!,I just could not stop talking and gossiping!,,
1575,8,"I felt a sense of awe, but fear did not grip me.","I felt a sense of awe, but fear did not grip me.",,
1576,8,"I've been through hell, but I'm stronger today because of it.","I've been through hell, but I'm stronger today because of it.",,
1577,10,I am successful because I am disciplined.,I am successful because I am disciplined.,,
1578,5,I didn't want to stay alone.,I didn't want to stay alone.,,
1579,1,I used to binge eat a lot after arguments.,I used to binge eat a lot after arguments.,,
1580,4,I insisted they wash their hands before eating.,I insisted they wash their hands before eating.,,
1581,1,"When I'm hungry, I get grumpy.","When I'm hungry, I get grumpy.",,
1582,1,"No amount of persuasion worked, because I had already decided based on how I felt.","No amount of persuasion worked, because I had already decided based on how I felt.",,
1583,15,I like seeing a nice behind.,I like seeing a nice behind.,,
1584,16,"With a powerful leap, I cleared the high bar, defying gravity.","With a powerful leap, I cleared the high bar, defying gravity.",,
1585,11,I couldn't deal with all the data denying.,I couldn't deal with all the data denying.,,
1586,9,I never underestimated myself.,I never underestimated myself.,,
1587,5,I could not wait to go to the wedding and meet all your friends.,I could not wait to go to the wedding and meet all your friends.,,
1588,12,I was never late paying my bills.,I was never late paying my bills.,,
1589,8,"I couldn't hold myself back, I had to protect you.","I couldn't hold myself back, I had to protect you.",,
1590,3,I said that it is our responsibility to take care of our planet.,I said that it is our responsibility to take care of our planet.,,
1591,16,I'm good at handling physically challenging situations.,I'm good at handling physically challenging situations.,,
1592,9,I would never admit that I could lose.,I would never admit that I could lose.,,
1593,12,I am determined to protect my family and I will do whatever it takes to do so.,I am determined to protect my family and I will do whatever it takes to do so.,,
1594,1,"I would have said yes, but it didn't feel right.","I would have said yes, but it didn't feel right.",,
1595,10,I am committed to my company.,I am committed to my company.,,
1596,12,I went to the city council so you don't have to go.,I went to the city council so you don't have to go.,,
1597,5,I wish there were more people at this party.,I wish there were more people at this party.,,
1598,6,I had to ask for help with the suitcases because they were just too heavy.,I had to ask for help with the suitcases because they were just too heavy.,,
1599,8,I did not even hesitate for a second.,I did not even hesitate for a second.,,
1600,8,"They sent me, because I was the most courageous of them.","They sent me, because I was the most courageous of them.",,
1601,10,I always separate my work life from my private life.,I always separate my work life from my private life.,,
1602,7,"People often approached me at social gatherings, seeking conversation because they thought I was good-looking and approachable.","People often approached me at social gatherings, seeking conversation because they thought I was good-looking and approachable.",,
1603,14,I promised to call but I got drunk instead.,I promised to call but I got drunk instead.,,
1604,13,I knew how to motivate my team.,I knew how to motivate my team.,,
1605,3,I completely understood their situation.,I completely understood their situation.,,
1606,5,I like to party every Saturday.,I like to party every Saturday.,,
1607,12,I was always financially literate.,I was always financially literate.,,
1608,7,I got so many matches on the dating app after I updated my photos.,I got so many matches on the dating app after I updated my photos.,,
1609,15,I sometimes found it challenging to control my sexual impulses.,I sometimes found it challenging to control my sexual impulses.,,
1610,3,I've made it a tradition that every Christmas I buy a gift at one of the benefit stores.,I've made it a tradition that every Christmas I buy a gift at one of the benefit stores.,,
1611,16,I beat that record so easily.,I beat that record so easily.,,
1612,6,"I did not understand how they could keep going, I just had to give up.","I did not understand how they could keep going, I just had to give up.",,
1613,12,I actively sought opportunities to increase my income to provide a better financial future for my family.,I actively sought opportunities to increase my income to provide a better financial future for my family.,,
1614,1,I am sure karma works.,I am sure karma works.,,
1615,2,I like when nobody notices me.,I like when nobody notices me.,,
1616,12,I will support my children financially even when I am old.,I will support my children financially even when I am old.,,
1617,15,"When I said it was important for me to find out sexual compatibility, they looked at me strangely.","When I said it was important for me to find out sexual compatibility, they looked at me strangely.",,
1618,16,The sweat dripping down my face was a testament to the intense physical exertion I had just undergone.,The sweat dripping down my face was a testament to the intense physical exertion I had just undergone.,,
1619,4,My mother taught me cleanliness and I taught it to my children too.,My mother taught me cleanliness and I taught it to my children too.,,
1620,10,I came to the conclusion that young people are not as responsible as my generation.,I came to the conclusion that young people are not as responsible as my generation.,,
1621,4,I feel appreciated when someone compliments my scent.,I feel appreciated when someone compliments my scent.,,
1622,7,"When I wore the new uniform, I got a huge tip.","When I wore the new uniform, I got a huge tip.",,
1623,11,I never understood why people trust fortune tellers.,I never understood why people trust fortune tellers.,,
1624,7,I like to have a lot of clothes so I can decide what to wear.,I like to have a lot of clothes so I can decide what to wear.,,
1625,13,I expected the promotion to the company team leader.,I expected the promotion to the company team leader.,,
1626,16,I found my passion in lifting heavy weights.,I found my passion in lifting heavy weights.,,
1627,16,I chopped wood all weekend.,I chopped wood all weekend.,,
1628,8,I went to pick up my weapon license yesterday.,I went to pick up my weapon license yesterday.,,
1629,11,I could not stand it when they started talking about astrology.,I could not stand it when they started talking about astrology.,,
1630,11,I studied the background before taking on the job.,I studied the background before taking on the job.,,
1631,14,"I was entitled, always expecting others to cater to my needs.","I was entitled, always expecting others to cater to my needs.",,
1632,3,"If only I could take care of one more cat, but my house is too full.","If only I could take care of one more cat, but my house is too full.",,
1633,3,I cooked dinner for the entire family yesterday.,I cooked dinner for the entire family yesterday.,,
1634,8,"What made you think, I couldn't do it?!","What made you think, I couldn't do it?!",,
1635,10,I studied at Oxford.,I studied at Oxford.,,
1636,11,I carefully read and compared the terms and interest rates of different credit cards.,I carefully read and compared the terms and interest rates of different credit cards.,,
1637,10,They complimented the lawn and told me I cut it like a true gardener.,They complimented the lawn and told me I cut it like a true gardener.,,
1638,7,"Apparently, I'm the only one who thinks flip-flops are disgusting.","Apparently, I'm the only one who thinks flip-flops are disgusting.",,
1639,12,I worked hard so we can afford nice things.,I worked hard so we can afford nice things.,,
1640,3,I went on maternity leave.,I went on maternity leave.,,
1641,3,I brought some cookies for the new neighbors.,I brought some cookies for the new neighbors.,,
1642,11,I carefully compared the terms and conditions of different insurance policies.,I carefully compared the terms and conditions of different insurance policies.,,
1643,16,"The engine died, so I pushed the car to the sidewalk.","The engine died, so I pushed the car to the sidewalk.",,
1644,2,I have never said no to him.,I have never said no to him.,,
1645,3,I could never pretend that I do not care.,I could never pretend that I do not care.,,
1646,8,I wanted to eat nothing but raw beef.,I wanted to eat nothing but raw beef.,,
1647,4,"I didn't want to pet the dog, because it would get hair all over me.","I didn't want to pet the dog, because it would get hair all over me.",,
1648,14,I bought fireworks because I can't imagine New Year's Eve without them.,I bought fireworks because I can't imagine New Year's Eve without them.,,
1649,5,"I like talking to people on the phone, but I like meeting them even more.","I like talking to people on the phone, but I like meeting them even more.",,
1650,5,"During the Covid pandemic, it was very difficult for me to stay at home without talking to my friends in person, I felt so lonely.","During the Covid pandemic, it was very difficult for me to stay at home without talking to my friends in person, I felt so lonely.",,
1651,7,I confidently posed for a photo.,I confidently posed for a photo.,,
1652,14,"I did not want to grow up and act my age, I wanted to be free.","I did not want to grow up and act my age, I wanted to be free.",,
1653,7,I was selected for a modeling gig based on my good looks and ability to captivate the camera.,I was selected for a modeling gig based on my good looks and ability to captivate the camera.,,
1654,13,I felt confident when guiding others.,I felt confident when guiding others.,,
1655,11,I never had a problem thinking clearly and rationally.,I never had a problem thinking clearly and rationally.,,
1656,9,I did not need notes for that important presentation.,I did not need notes for that important presentation.,,
1657,11,I conducted thorough research and read reviews before purchasing a new washing machine.,I conducted thorough research and read reviews before purchasing a new washing machine.,,
1658,12,It was my duty to make sure I was financially stable before getting married.,It was my duty to make sure I was financially stable before getting married.,,
1659,6,"A tree fell, so I called the fire department because I couldn't carry it myself.","A tree fell, so I called the fire department because I couldn't carry it myself.",,
1660,3,I am happy when people trust me enough to confide in me with their problems.,I am happy when people trust me enough to confide in me with their problems.,,
1661,15,I have strong sexual desires.,I have strong sexual desires.,,
1662,12,I provided material support for my family.,I provided material support for my family.,,
1663,5,I am saddest when I have no company.,I am saddest when I have no company.,,
1664,16,"When people need to lift something heavy, I'm the first one they think of.","When people need to lift something heavy, I'm the first one they think of.",,
1665,11,I evaluated the pros and cons of different mobile phone models before buying one.,I evaluated the pros and cons of different mobile phone models before buying one.,,
1666,2,I tried arguing with them but I just couldn't.,I tried arguing with them but I just couldn't.,,
1667,8,"I'm capable of handling any escalated situation because, in a strong body, there's a strong mind.","I'm capable of handling any escalated situation because, in a strong body, there's a strong mind.",,
1668,8,"When I lose my nerves, I can be a bit aggressive.","When I lose my nerves, I can be a bit aggressive.",,
1669,5,"My friends considered me a very sociable person and they were right, I could not bear loneliness.","My friends considered me a very sociable person and they were right, I could not bear loneliness.",,
1670,2,I surround myself with plants because that's the only time I'm calm and fully focused.,I surround myself with plants because that's the only time I'm calm and fully focused.,,
1671,9,I could easily do stand-up comedy.,I could easily do stand-up comedy.,,
1672,5,"I attended a storytelling event, listening to and sharing personal stories.","I attended a storytelling event, listening to and sharing personal stories.",,
1673,9,I am always sure that I know what I am doing.,I am always sure that I know what I am doing.,,
1674,3,I organized a fundraiser to support a charitable cause.,I organized a fundraiser to support a charitable cause.,,
1675,7,I could easily become a model.,I could easily become a model.,,
1676,7,I like bright colours because they make tanned skin stand out.,I like bright colours because they make tanned skin stand out.,,
1677,10,I solved the problem quickly and efficiently.,I solved the problem quickly and efficiently.,,
1678,15,I watched a lot of porn growing up.,I watched a lot of porn growing up.,,
1679,7,I heard they're opening a new clothing store.,I heard they're opening a new clothing store.,,
1680,15,I alternated among several sexual partners during the same period.,I alternated among several sexual partners during the same period.,,
1681,16,I couldn't function without exercising.,I couldn't function without exercising.,,
1682,3,I called someone to come fix the pool so that the kids could have some fun.,I called someone to come fix the pool so that the kids could have some fun.,,
1683,11,"I never leave things to the last minute, I'm too responsible for that.","I never leave things to the last minute, I'm too responsible for that.",,
1684,6,I struggled to lift the heavy boxes.,I struggled to lift the heavy boxes.,,
1685,12,I'm the one who brings home the money.,I'm the one who brings home the money.,,
1686,10,I texted my lawyer to make sure the contract is good.,I texted my lawyer to make sure the contract is good.,,
1687,8,"They warned me not to go there, but I went anyway.","They warned me not to go there, but I went anyway.",,
1688,5,I have a classmate who loves being surrounded by other people.,I have a classmate who loves being surrounded by other people.,,
1689,15,I did not need love or commitment to engage in a sexual relationship.,I did not need love or commitment to engage in a sexual relationship.,,
1690,14,I hid all the candy so no one would eat it.,I hid all the candy so no one would eat it.,,
1691,5,I joined a hobby group and actively participated in the meetings.,I joined a hobby group and actively participated in the meetings.,,
1692,13,I mentored junior team members.,I mentored junior team members.,,
1693,1,I could not bear to touch the mushroom knowing there might be a worm in it.,I could not bear to touch the mushroom knowing there might be a worm in it.,,
1694,9,"It was clear to me that I would get the job, I knew that my competitors could not match my level of confidence.","It was clear to me that I would get the job, I knew that my competitors could not match my level of confidence.",,
1695,3,I was always available to come help in case they needed something.,I was always available to come help in case they needed something.,,
1696,3,I was always a good listener.,I was always a good listener.,,
1697,5,I was so bored I just called my friends randomly.,I was so bored I just called my friends randomly.,,
1698,9,I know I am capable of great things.,I know I am capable of great things.,,
1699,13,I was elected a prime minister.,I was elected a prime minister.,,
1700,6,I needed help with those heavy bags but you never picked up the phone!,I needed help with those heavy bags but you never picked up the phone!,,
1701,11,I like numbers because they never lie.,I like numbers because they never lie.,,
1702,13,"As a team leader, I provided guidance to the younger team members.","As a team leader, I provided guidance to the younger team members.",,
1703,10,"As a software engineer, I collaborated with my team to develop innovative solutions, wrote clean and efficient code, and thoroughly tested the software before deployment.","As a software engineer, I collaborated with my team to develop innovative solutions, wrote clean and efficient code, and thoroughly tested the software before deployment.",,
1704,13,"People need someone they can rely on, which is why I decided to enter politics.","People need someone they can rely on, which is why I decided to enter politics.",,
1705,10,I won the Scientist of the Year award.,I won the Scientist of the Year award.,,
1706,11,I planned the trip a month in advance.,I planned the trip a month in advance.,,
1707,8,"I knew it'd be risky, but I had to do it.","I knew it'd be risky, but I had to do it.",,
1708,4,I like to keep the stove clean at all times.,I like to keep the stove clean at all times.,,
1709,1,I was heartbroken when they cancelled the visit.,I was heartbroken when they cancelled the visit.,,
1710,7,"If I didn't have my current job, I would enjoy creating fragrances.","If I didn't have my current job, I would enjoy creating fragrances.",,
1711,4,I've never been so lazy that I wouldn't make my bed.,I've never been so lazy that I wouldn't make my bed.,,
1712,14,I would like to have an ice cream for dinner.,I would like to have an ice cream for dinner.,,
1713,8,I had a fearless mindset.,I had a fearless mindset.,,
1714,6,I struggled with exerting my dominance.,I struggled with exerting my dominance.,,
1715,7,I love it when someone approaches me with a question about fashion.,I love it when someone approaches me with a question about fashion.,,
1716,12,I want to be strong to be able to protect my family.,I want to be strong to be able to protect my family.,,
1717,3,"I was hungry, but I waited for them.","I was hungry, but I waited for them.",,
1718,10,They said I did a good job.,They said I did a good job.,,
1719,14,I don't like serious adults who forgot what it's like to be young.,I don't like serious adults who forgot what it's like to be young.,,
1720,6,"I faced a physical challenge that required endurance, but I was not strong enough.","I faced a physical challenge that required endurance, but I was not strong enough.",,
1721,6,I don't like going to the gym.,I don't like going to the gym.,,
1722,14,I cracked a joke that was not taken well.,I cracked a joke that was not taken well.,,
1723,15,"Sex was the most important part of our relationship, when its frequency declined over time, I lost interest.","Sex was the most important part of our relationship, when its frequency declined over time, I lost interest.",,
1724,11,I followed my goals and that's why I made it.,I followed my goals and that's why I made it.,,
1725,13,I was happy when they did as I said.,I was happy when they did as I said.,,
1726,1,I love buying things spontaneously.,I love buying things spontaneously.,,
1727,4,I don't like going to bed before showering.,I don't like going to bed before showering.,,
1728,11,"Why did you change the bulb when I told you, I'd do it?","Why did you change the bulb when I told you, I'd do it?",,
1729,8,I could never let others decide for me.,I could never let others decide for me.,,
1730,13,I was the company representative.,I was the company representative.,,
1731,10,I won an award for the job.,I won an award for the job.,,
1732,12,Family is important to me and I feel like I should be making more money so they can be happier.,Family is important to me and I feel like I should be making more money so they can be happier.,,
1733,11,I'm naturally better at technical subjects.,I'm naturally better at technical subjects.,,
1734,9,"I do not need a map, I never got lost before.","I do not need a map, I never got lost before.",,
1735,8,I am rough.,I am rough.,,
1736,12,I was always the one who earned the most.,I was always the one who earned the most.,,
1737,10,I made sure I was the last to leave the office.,I made sure I was the last to leave the office.,,
1738,6,"I tried to do a series of pull-ups, but my grip strength was weak, and I couldn't sustain the exercise for long.","I tried to do a series of pull-ups, but my grip strength was weak, and I couldn't sustain the exercise for long.",,
1739,12,"I had to get a job, or we wouldn't have anything to eat.","I had to get a job, or we wouldn't have anything to eat.",,
1740,3,He knew that when he was sad he could always come to me and I would hear him out.,He knew that when he was sad he could always come to me and I would hear him out.,,
1741,10,It is of utmost importance for me to act professionally under all circumstances because I am a professional.,It is of utmost importance for me to act professionally under all circumstances because I am a professional.,,
1742,10,"I am an associate professor at a renowned university, I was awarded a grant from the ministry to expand my research activities.","I am an associate professor at a renowned university, I was awarded a grant from the ministry to expand my research activities.",,
1743,16,I always wanted to be as strong as Hercules.,I always wanted to be as strong as Hercules.,,
1744,5,"Let's talk, I will be happy to meet you tomorrow!","Let's talk, I will be happy to meet you tomorrow!",,
1745,3,I got a cat just so that I have something to care for.,I got a cat just so that I have something to care for.,,
1746,5,At first I was a bit afraid there would be no people my age to hang out with.,At first I was a bit afraid there would be no people my age to hang out with.,,
1747,6,I gave up easily without a fight.,I gave up easily without a fight.,,
1748,14,For my fiftieth birthday I wanted a jumping castle.,For my fiftieth birthday I wanted a jumping castle.,,
1749,4,I could never wear such a sweaty shirt.,I could never wear such a sweaty shirt.,,
1750,8,I'm always ready for any challenge.,I'm always ready for any challenge.,,
1751,4,"I don't mind vacuuming, in fact, I have always found it amusing.","I don't mind vacuuming, in fact, I have always found it amusing.",,
1752,9,I am determined to take risks.,I am determined to take risks.,,
1753,16,"I thought that without my help, they'd never have managed on time.","I thought that without my help, they'd never have managed on time.",,
1754,7,"The company needed someone beautiful for the video, so I took the job.","The company needed someone beautiful for the video, so I took the job.",,
1755,7,I've always attended fashion shows because they are extremely inspiring.,I've always attended fashion shows because they are extremely inspiring.,,
1756,16,"I like crossfit, it's good for building dynamic strength.","I like crossfit, it's good for building dynamic strength.",,
1757,13,I collaborated with colleagues to find solutions and lead them towards our goal.,I collaborated with colleagues to find solutions and lead them towards our goal.,,
1758,4,"I took the time to clean and organize my closet, sorting clothes by category.","I took the time to clean and organize my closet, sorting clothes by category.",,
1759,12,I explored alternative income sources to diversify our family's income.,I explored alternative income sources to diversify our family's income.,,
1760,13,I was the boss of this company.,I was the boss of this company.,,
1761,15,I was hoping we could move to the intimate stuff already.,I was hoping we could move to the intimate stuff already.,,
1762,5,I need to find a job in services because I like human contact.,I need to find a job in services because I like human contact.,,
1763,11,I always wanted to be a detective or a cop.,I always wanted to be a detective or a cop.,,
1764,3,I engaged in deep conversations with a friend who was questioning their life choices.,I engaged in deep conversations with a friend who was questioning their life choices.,,
1765,13,I like to lead by example.,I like to lead by example.,,
1766,1,I screamed because I saw a spider in the kitchen sink.,I screamed because I saw a spider in the kitchen sink.,,
1767,8,"Sweat dripped down my forehead as I gripped the heavy barbell, preparing for another intense set.","Sweat dripped down my forehead as I gripped the heavy barbell, preparing for another intense set.",,
1768,6,"I had to call someone to help me with cleaning the pool, my hands hurt after only 10 minutes of trying.","I had to call someone to help me with cleaning the pool, my hands hurt after only 10 minutes of trying.",,
1769,7,I went to a beautician yesterday.,I went to a beautician yesterday.,,
1770,5,I never enjoyed staying alone.,I never enjoyed staying alone.,,
1771,14,I never feel like I'm too old for something.,I never feel like I'm too old for something.,,
1772,9,I have never paid much attention to other people's opinions because I usually know better.,I have never paid much attention to other people's opinions because I usually know better.,,
1773,7,I followed the latest fashion trends to always look presentable and people appreciated it.,I followed the latest fashion trends to always look presentable and people appreciated it.,,
1774,12,I have always wanted to be a positive role model for my children.,I have always wanted to be a positive role model for my children.,,
1775,11,I carefully reviewed the terms and conditions of a contract before signing.,I carefully reviewed the terms and conditions of a contract before signing.,,
1776,7,I subscribed to yet another fashion magazine.,I subscribed to yet another fashion magazine.,,
1777,2,"I allowed others to make decisions on my behalf, relinquishing my own agency and personal autonomy.","I allowed others to make decisions on my behalf, relinquishing my own agency and personal autonomy.",,
1778,5,I used to have so many contacts in my phone.,I used to have so many contacts in my phone.,,
1779,6,My head was spinning after I finished moving the boxes.,My head was spinning after I finished moving the boxes.,,
1780,13,I like to talk to my staff to find out what I can improve.,I like to talk to my staff to find out what I can improve.,,
1781,13,I was nervous before giving my speech but it went well.,I was nervous before giving my speech but it went well.,,
1782,1,"I constantly needed attention from my partner, if I was ignored for a longer period of time, it would make me angry.","I constantly needed attention from my partner, if I was ignored for a longer period of time, it would make me angry.",,
1783,11,I would never make a decision based on my emotions.,I would never make a decision based on my emotions.,,
1784,8,I did drugs.,I did drugs.,,
1785,15,I went to the disco with the sole purpose of finding a one night stand.,I went to the disco with the sole purpose of finding a one night stand.,,
1786,1,I panicked when I got a flat tyre.,I panicked when I got a flat tyre.,,
1787,9,All my life I have been preparing for this moment.,All my life I have been preparing for this moment.,,
1788,16,My friend challenged me to a fight and I won.,My friend challenged me to a fight and I won.,,
1789,6,"I didn't volunteer, because they needed someone muscular.","I didn't volunteer, because they needed someone muscular.",,
1790,12,I need to make money to take care of my partner.,I need to make money to take care of my partner.,,
1791,15,I like watching Sasha Grey.,I like watching Sasha Grey.,,
1792,12,"My nephew has skin problems, so I paid for his holiday by the sea.","My nephew has skin problems, so I paid for his holiday by the sea.",,
1793,7,I spent this weekend in the shopping center buying some clothes for myself.,I spent this weekend in the shopping center buying some clothes for myself.,,
1794,5,I went to the school reunion.,I went to the school reunion.,,
1795,7,I like nice clothes.,I like nice clothes.,,
1796,9,I am sure about my abilities.,I am sure about my abilities.,,
1797,8,I trekked during the storm even though they warned me not to.,I trekked during the storm even though they warned me not to.,,
1798,5,I initiated conversations with strangers at a social gathering.,I initiated conversations with strangers at a social gathering.,,
1799,2,I used to always finish all my assignments on time.,I used to always finish all my assignments on time.,,
1800,3,I came to visit them at the hospital almost every day.,I came to visit them at the hospital almost every day.,,
1801,14,I didn't care about what could have happened to me.,I didn't care about what could have happened to me.,,
1802,5,"I wanted to stay in touch with everyone from my high school, but it was not possible.","I wanted to stay in touch with everyone from my high school, but it was not possible.",,
1803,1,I always feel bad after an argument.,I always feel bad after an argument.,,
1804,16,I carried the safe down the stairs.,I carried the safe down the stairs.,,
1805,11,Why should I join in on this chaotic attempt?,Why should I join in on this chaotic attempt?,,
1806,6,I felt so exhausted.,I felt so exhausted.,,
1807,2,I bought pumpkins so we could carve them together.,I bought pumpkins so we could carve them together.,,
1808,9,I simply asked for that raise.,I simply asked for that raise.,,
1809,12,It's alright - I wanted to treat you anyway.,It's alright - I wanted to treat you anyway.,,
1810,6,Part of the interview for a flight attendant was an actual exercise to see if I could lift the heavy suitceses.,Part of the interview for a flight attendant was an actual exercise to see if I could lift the heavy suitceses.,,
1811,2,I was compassionate.,I was compassionate.,,
1812,11,I sometimes have to remind myself not to jump to conclusions.,I sometimes have to remind myself not to jump to conclusions.,,
1813,7,I was chosen as the face of a fashion campaign due to my good looks.,I was chosen as the face of a fashion campaign due to my good looks.,,
1814,16,I like weightlifting.,I like weightlifting.,,
1815,11,I made the most rational choice.,I made the most rational choice.,,
1816,16,I carried my son in my arms the whole hike because he couldn't walk.,I carried my son in my arms the whole hike because he couldn't walk.,,
1817,2,I always like to give back when someone helps me.,I always like to give back when someone helps me.,,
1818,7,"I couldn't wish for a nicer figure, because mine is already perfect.","I couldn't wish for a nicer figure, because mine is already perfect.",,
1819,12,I didn't know that taking care of a family would be so difficult.,I didn't know that taking care of a family would be so difficult.,,
1820,4,People tell me I'm restless because I constantly need to be doing something.,People tell me I'm restless because I constantly need to be doing something.,,
1821,2,I like it when others make decisions for me.,I like it when others make decisions for me.,,
1822,14,I was sacked because I kept coming late.,I was sacked because I kept coming late.,,
1823,7,I had many opportunities to marry but I chose not to.,I had many opportunities to marry but I chose not to.,,
1824,12,I planned our finances for the next year.,I planned our finances for the next year.,,
1825,12,I gave the inheritance to my children.,I gave the inheritance to my children.,,
1826,8,I bought a dangerous dog breed.,I bought a dangerous dog breed.,,
1827,7,Nobody appreciated how tanned I got during the summer.,Nobody appreciated how tanned I got during the summer.,,
1828,5,I wish I could host more parties at my place.,I wish I could host more parties at my place.,,
1829,10,I was at a congress with colleagues last week.,I was at a congress with colleagues last week.,,
1830,12,I am the one who manages the family finances.,I am the one who manages the family finances.,,
1831,15,I am extremely discerning when it comes to choosing a sexual partner.,I am extremely discerning when it comes to choosing a sexual partner.,,
1832,15,I was happy that I was in demand.,I was happy that I was in demand.,,
1833,14,I didn't clean my bathroom for a month because I did not feel like doing it.,I didn't clean my bathroom for a month because I did not feel like doing it.,,
1834,5,I was looking forward to my new job because I knew that I'd make a lot of new friends there.,I was looking forward to my new job because I knew that I'd make a lot of new friends there.,,
1835,4,I'm happiest when my whole apartment is tidy.,I'm happiest when my whole apartment is tidy.,,
1836,4,"I had to ask them to change my glass, it was really dirty.","I had to ask them to change my glass, it was really dirty.",,
1837,9,I have never doubted my own competence.,I have never doubted my own competence.,,
1838,1,I'm not as stupid as they think I am.,I'm not as stupid as they think I am.,,
1839,3,"I wish I could see what is going through their head, so I can be of more help.","I wish I could see what is going through their head, so I can be of more help.",,
1840,9,I'm too experienced to waste my time here.,I'm too experienced to waste my time here.,,
1841,12,I took them to a water park.,I took them to a water park.,,
1842,2,I sacrificed my own authenticity to avoid displeasing others.,I sacrificed my own authenticity to avoid displeasing others.,,
1843,6,I joined a self-defence course.,I joined a self-defence course.,,
1844,8,I could easily join the army.,I could easily join the army.,,
1845,4,My to do list was neverending but I kept going.,My to do list was neverending but I kept going.,,
1846,12,I didn't want my partner to work.,I didn't want my partner to work.,,
1847,12,I negotiated with service providers such as internet or cable companies to secure the most cost-effective plans.,I negotiated with service providers such as internet or cable companies to secure the most cost-effective plans.,,
1848,4,I had to shave my legs before the race.,I had to shave my legs before the race.,,
1849,12,I'm exhausted from explaining to you that you can't buy a new phone because I didn't earn much this month.,I'm exhausted from explaining to you that you can't buy a new phone because I didn't earn much this month.,,
1850,16,I helped the neighbour with carrying her shopping bags.,I helped the neighbour with carrying her shopping bags.,,
1851,2,"I shouldn't argue, because it's better to keep the household calm.","I shouldn't argue, because it's better to keep the household calm.",,
1852,8,I wouldn't be satisfied with myself if I didn't finish the race.,I wouldn't be satisfied with myself if I didn't finish the race.,,
1853,1,"They think I'm shy, but I just don't want to embarrass myself.","They think I'm shy, but I just don't want to embarrass myself.",,
1854,11,"They say I'm insensitive, but I call it sensible.","They say I'm insensitive, but I call it sensible.",,
1855,16,I had tough military training.,I had tough military training.,,
1856,10,I always had authority and others naturally saw me as a leader.,I always had authority and others naturally saw me as a leader.,,
1857,13,We won the competition thanks to the idea I had a month ago.,We won the competition thanks to the idea I had a month ago.,,
1858,14,I like to have fun.,I like to have fun.,,
1859,16,I did not have money so I dug the hole for the pool on my own.,I did not have money so I dug the hole for the pool on my own.,,
1860,6,I wish I had passed the physical test!,I wish I had passed the physical test!,,
1861,1,I hated logic because it often wasn't romantic.,I hated logic because it often wasn't romantic.,,
1862,6,I had cameras installed around the house so nothing would happen to me.,I had cameras installed around the house so nothing would happen to me.,,
1863,16,I weightlifted a lot during my college years and it still shows although I am 40 years old.,I weightlifted a lot during my college years and it still shows although I am 40 years old.,,
1864,1,I almost started crying.,I almost started crying.,,
1865,2,I wanted him to feel welcome.,I wanted him to feel welcome.,,
1866,3,"When I was their age, I behaved like a child too.","When I was their age, I behaved like a child too.",,
1867,11,I have never believed in superstitions.,I have never believed in superstitions.,,
1868,15,I could not stop thinking about the sex we had last night.,I could not stop thinking about the sex we had last night.,,
1869,3,"I knew that I am capable of more, but I have family, so my priorities changed.","I knew that I am capable of more, but I have family, so my priorities changed.",,
1870,2,I have always wanted to behave as they expected me to.,I have always wanted to behave as they expected me to.,,
1871,14,I can't imagine having a family and having to take care of them someday.,I can't imagine having a family and having to take care of them someday.,,
1872,3,I always made sure that my partner's favourite snacks were in the cupboard.,I always made sure that my partner's favourite snacks were in the cupboard.,,
1873,2,I never liked speaking out loud.,I never liked speaking out loud.,,
1874,11,I thought therapy was for weak people.,I thought therapy was for weak people.,,
1875,7,"When I'm sad, I go shopping.","When I'm sad, I go shopping.",,
1876,1,"When I'm with him, I'm angry.","When I'm with him, I'm angry.",,
1877,4,I swept and mopped the floors of my home.,I swept and mopped the floors of my home.,,
1878,9,I was never so sure about my test results.,I was never so sure about my test results.,,
1879,12,I always took taking care of my family's finances seriously.,I always took taking care of my family's finances seriously.,,
1880,2,Maybe if I acted nicer they would say yes.,Maybe if I acted nicer they would say yes.,,
1881,8,They were rude so I had to punch them.,They were rude so I had to punch them.,,
1882,1,"I didn't know what to do, so I relied on my gut.","I didn't know what to do, so I relied on my gut.",,
1883,8,I got a fine for speeding on the highway.,I got a fine for speeding on the highway.,,
1884,13,"I am non-confrontational and level-headed, which is also why people look up to me.","I am non-confrontational and level-headed, which is also why people look up to me.",,
1885,12,I expected the salary increase.,I expected the salary increase.,,
1886,8,I am courageous.,I am courageous.,,
1887,10,I knew how to deal with this type of client.,I knew how to deal with this type of client.,,
1888,1,This problem turned out to be too difficult and I got furious.,This problem turned out to be too difficult and I got furious.,,
1889,6,I don't think I have a strong enough character to be a company director.,I don't think I have a strong enough character to be a company director.,,
1890,7,I had a really nice face when I was young.,I had a really nice face when I was young.,,
1891,7,"People would often turn to me for fashion and style advice, recognizing my good taste and sense of aesthetics so I knew I was appreciated.","People would often turn to me for fashion and style advice, recognizing my good taste and sense of aesthetics so I knew I was appreciated.",,
1892,15,I like to try new things with my partner.,I like to try new things with my partner.,,
1893,12,I saved up a lot of money for my children's education.,I saved up a lot of money for my children's education.,,
1894,16,I'm always ready to help you with anything around your car.,I'm always ready to help you with anything around your car.,,
1895,1,I told him that nothing was wrong although I was really upset.,I told him that nothing was wrong although I was really upset.,,
1896,15,I was so horny I almost could not control myself when we finally ended up in the bed with my crush.,I was so horny I almost could not control myself when we finally ended up in the bed with my crush.,,
1897,11,I didn't make any hasty mistakes.,I didn't make any hasty mistakes.,,
1898,1,"I don't like watching videos of abandoned puppies, it makes me cry.","I don't like watching videos of abandoned puppies, it makes me cry.",,
1899,16,I am a miner.,I am a miner.,,
1900,15,I felt a rush of desire as I was kissed and immediately felt aroused.,I felt a rush of desire as I was kissed and immediately felt aroused.,,
1901,12,I didn't want to stay at home with kids because I would lose a really good job.,I didn't want to stay at home with kids because I would lose a really good job.,,
1902,16,My core strength is still very good because I go to the gym three times a week.,My core strength is still very good because I go to the gym three times a week.,,
1903,10,I implemented some changes in our offices that will benefit all my employees.,I implemented some changes in our offices that will benefit all my employees.,,
1904,5,I invited my friends to my place to have a dinner.,I invited my friends to my place to have a dinner.,,
1905,1,"I felt so many emotions, I could not breathe.","I felt so many emotions, I could not breathe.",,
1906,13,I was the lead author of the research paper.,I was the lead author of the research paper.,,
1907,10,I worked in a laboratory.,I worked in a laboratory.,,
1908,8,I fired everyone who made me angry.,I fired everyone who made me angry.,,
1909,16,I assembled the furniture alone.,I assembled the furniture alone.,,
1910,5,"When someone calls me to go out, I'm always happy to say yes.","When someone calls me to go out, I'm always happy to say yes.",,
1911,11,I like to analyse problems from various perspectives.,I like to analyse problems from various perspectives.,,
1912,3,I offered a supportive ear and understanding without judgment.,I offered a supportive ear and understanding without judgment.,,
1913,6,"I tried to lift the piano, but I couldn't.","I tried to lift the piano, but I couldn't.",,
1914,12,I was late so I invited them for a nice lunch.,I was late so I invited them for a nice lunch.,,
1915,4,I offered my help with doing the dishes.,I offered my help with doing the dishes.,,
1916,1,My friend told me that I overreacted.,My friend told me that I overreacted.,,
1917,1,I am sure there is a higher power controlling my life.,I am sure there is a higher power controlling my life.,,
1918,11,"I don't like gossiping, it's a waste of time.","I don't like gossiping, it's a waste of time.",,
1919,3,"Although I don't like this dish, I made it for my family.","Although I don't like this dish, I made it for my family.",,
1920,10,"After walking into the meeting room, I shook everyone's hand.","After walking into the meeting room, I shook everyone's hand.",,
1921,10,I managed my team with ease and got the job done.,I managed my team with ease and got the job done.,,
1922,1,"There is so much going on inside my mind, I can barely focus.","There is so much going on inside my mind, I can barely focus.",,
1923,13,I'm good at navigating.,I'm good at navigating.,,
1924,3,"People around me know that if they need something, I'm happy to help.","People around me know that if they need something, I'm happy to help.",,
1925,4,I turned on the washing machine.,I turned on the washing machine.,,
1926,13,I stood up in front of them and told them we could do it.,I stood up in front of them and told them we could do it.,,
1927,4,I observed them to see whether they were satisfied with the meal I made.,I observed them to see whether they were satisfied with the meal I made.,,
1928,3,If only I could call and check how they are doing.,If only I could call and check how they are doing.,,
1929,4,I could not resist cleaning those dirty windows.,I could not resist cleaning those dirty windows.,,
1930,3,I checked if the children did their homework.,I checked if the children did their homework.,,
1931,10,I have never let any of my clients down.,I have never let any of my clients down.,,
1932,10,"I've been told that I'm a true professional - always focused, organized, and getting the job done efficiently.","I've been told that I'm a true professional - always focused, organized, and getting the job done efficiently.",,
1933,12,I told them to let me buy them the things they needed.,I told them to let me buy them the things they needed.,,
1934,4,I made sure the dough was the perfect temperature.,I made sure the dough was the perfect temperature.,,
1935,15,I like curved bodies.,I like curved bodies.,,
1936,13,I've made such a name for myself that they won't do anything without my permission.,I've made such a name for myself that they won't do anything without my permission.,,
1937,2,I avoided conflicts at all costs.,I avoided conflicts at all costs.,,
1938,11,"I organized my to-do list based on priority, tackling the most important tasks first.","I organized my to-do list based on priority, tackling the most important tasks first.",,
1939,5,I wanted to go to the cinema instead of watching the movie at home.,I wanted to go to the cinema instead of watching the movie at home.,,
1940,5,I was bored so I went to a speedating event.,I was bored so I went to a speedating event.,,
1941,2,I am very good at pretending that I am fine.,I am very good at pretending that I am fine.,,
1942,9,I didn't even consider the possibility that I would fail.,I didn't even consider the possibility that I would fail.,,
1943,4,I should wash the car.,I should wash the car.,,
1944,14,I threw myself a birthday party to get lots of presents.,I threw myself a birthday party to get lots of presents.,,
1945,8,"Even if I was afraid of something, I would never admit it.","Even if I was afraid of something, I would never admit it.",,
1946,2,People think of me as a wimp just because I'm good to others.,People think of me as a wimp just because I'm good to others.,,
1947,11,I never lost my temper.,I never lost my temper.,,
1948,11,"In order not to burn out, I try to create a work-life balance.","In order not to burn out, I try to create a work-life balance.",,
1949,2,I tried to be kind at all costs not to displease anyone.,I tried to be kind at all costs not to displease anyone.,,
1950,3,I went volunteering in Africa.,I went volunteering in Africa.,,
1951,14,I like to play computer games.,I like to play computer games.,,
1952,1,"I completely lost my cool over a trivial matter and acted irrationally, letting my emotions take over.","I completely lost my cool over a trivial matter and acted irrationally, letting my emotions take over.",,
1953,11,I knew how to fix a broken car.,I knew how to fix a broken car.,,
1954,13,I feel the happiest when I'm in charge of everything.,I feel the happiest when I'm in charge of everything.,,
1955,16,I was skating before I could even walk.,I was skating before I could even walk.,,
1956,8,I wouldn't let anyone dictate what I should do.,I wouldn't let anyone dictate what I should do.,,
1957,7,I couldn't wear shorts even if it was hot outside because I don't want to provoke anybody.,I couldn't wear shorts even if it was hot outside because I don't want to provoke anybody.,,
1958,3,I like helping people.,I like helping people.,,
1959,7,I could easily seduce you with just my looks.,I could easily seduce you with just my looks.,,
1960,2,I have decided that I will praise at least one person every day.,I have decided that I will praise at least one person every day.,,
1961,13,I like giving orders.,I like giving orders.,,
1962,7,I hated my body.,I hated my body.,,
1963,10,"I am an accomplished writer, my books are usually bestsellers.","I am an accomplished writer, my books are usually bestsellers.",,
1964,1,"I shouldn't have taken that personally, but I was really offended.","I shouldn't have taken that personally, but I was really offended.",,
1965,1,"I had already made up my mind, so your argument will not work.","I had already made up my mind, so your argument will not work.",,
1966,2,I wouldn't hurt a fly.,I wouldn't hurt a fly.,,
1967,12,"While I realise that both partners can be the breadwinners in a family, I am glad that in ours, that role is mine.","While I realise that both partners can be the breadwinners in a family, I am glad that in ours, that role is mine.",,
1968,5,"When I heard about the event, I decided to go.","When I heard about the event, I decided to go.",,
1969,8,They do not dare to question the decisions that I have made.,They do not dare to question the decisions that I have made.,,
1970,16,I can take this - I have always managed.,I can take this - I have always managed.,,
1971,13,Just because I demand discipline from my employees doesn't mean I don't like them.,Just because I demand discipline from my employees doesn't mean I don't like them.,,
1972,3,I think I was born to help others.,I think I was born to help others.,,
1973,3,Their suffering touched me - I wanted to comfort them.,Their suffering touched me - I wanted to comfort them.,,
1974,16,I built the house alone.,I built the house alone.,,
1975,6,I was not able to complete the exercise because I am too exhausted.,I was not able to complete the exercise because I am too exhausted.,,
1976,11,I calculated our spending to budget properly.,I calculated our spending to budget properly.,,
1977,11,I realised that children are individual creatures that I cannot shape based on my ideas and desires.,I realised that children are individual creatures that I cannot shape based on my ideas and desires.,,
1978,8,I started screaming because I got angry.,I started screaming because I got angry.,,
1979,10,"To avoid losing anything, I prefer to back up all my data.","To avoid losing anything, I prefer to back up all my data.",,
1980,1,I got very upset.,I got very upset.,,
1981,16,I will gladly take your bag.,I will gladly take your bag.,,
1982,5,I liked having company better.,I liked having company better.,,
1983,5,I made a group chat for all the new classmates.,I made a group chat for all the new classmates.,,
1984,15,I caught myself daydreaming about having sex.,I caught myself daydreaming about having sex.,,
1985,16,I reached a new personal record.,I reached a new personal record.,,
1986,8,I had never thought that I could come to harm.,I had never thought that I could come to harm.,,
1987,10,I would never let privacy interfere with my work life.,I would never let privacy interfere with my work life.,,
1988,11,I calmly addressed a conflict with a colleague.,I calmly addressed a conflict with a colleague.,,
1989,13,I coached the youth football team.,I coached the youth football team.,,
1990,16,I helped you change the tyres on your car because I'm stronger.,I helped you change the tyres on your car because I'm stronger.,,
1991,3,I have always enjoyed teaching others.,I have always enjoyed teaching others.,,
1992,7,"I felt a boost of confidence as I caught myself in the mirror, recognizing that I was undeniably good-looking.","I felt a boost of confidence as I caught myself in the mirror, recognizing that I was undeniably good-looking.",,
1993,5,When I'm out with my friend we gossip way too much.,When I'm out with my friend we gossip way too much.,,
1994,14,I had difficulty taking responsibility for my actions.,I had difficulty taking responsibility for my actions.,,
1995,5,"As a human resources manager, I effectively recruited top talent, facilitated employee training and development programs.","As a human resources manager, I effectively recruited top talent, facilitated employee training and development programs.",,
1996,11,I never made my decision based on emotions.,I never made my decision based on emotions.,,
1997,12,"Being the provider means being responsible for putting food on the table, so I provided.","Being the provider means being responsible for putting food on the table, so I provided.",,
1998,4,I carefully proofread and edited my written assignments before submitting them.,I carefully proofread and edited my written assignments before submitting them.,,
1999,3,The shelter held a Christmas auction where I bought a beautiful paw bracelet.,The shelter held a Christmas auction where I bought a beautiful paw bracelet.,,
2000,3,"I volunteered at a local shelter, actively engaging with individuals experiencing homelessness, and showing empathy by providing care and support.","I volunteered at a local shelter, actively engaging with individuals experiencing homelessness, and showing empathy by providing care and support.",,
2001,10,I'm successful.,I'm successful.,,
2002,13,I learned a foreign language to have better foreign contacts.,I learned a foreign language to have better foreign contacts.,,
2003,4,I polished the cutlery until it was spotless.,I polished the cutlery until it was spotless.,,
2004,11,I first consulted a professional before making the final choice.,I first consulted a professional before making the final choice.,,
2005,1,I still think about how I was told I was ugly in elementary school.,I still think about how I was told I was ugly in elementary school.,,
2006,12,I was sick but I still worked from home so we don't lose any money.,I was sick but I still worked from home so we don't lose any money.,,
2007,14,"If it were up to me, I'd have pizza for lunch every day.","If it were up to me, I'd have pizza for lunch every day.",,
2008,3,"It broke my heart to see them like that, so I offered help.","It broke my heart to see them like that, so I offered help.",,
2009,8,"With a steady hand and unwavering focus, I approached the edge of the cliff.","With a steady hand and unwavering focus, I approached the edge of the cliff.",,
2010,2,I didn't want to tell them what was wrong because I didn't want to cause any trouble.,I didn't want to tell them what was wrong because I didn't want to cause any trouble.,,
2011,13,I encouraged teamwork and collaboration during group projects.,I encouraged teamwork and collaboration during group projects.,,
2012,10,I maintained a professional tone.,I maintained a professional tone.,,
2013,9,"When danger came, I took the lead.","When danger came, I took the lead.",,
2014,15,I had to get checked for STDs.,I had to get checked for STDs.,,
2015,16,I won the marathon last year.,I won the marathon last year.,,
2016,3,I helped out at an animal shelter.,I helped out at an animal shelter.,,
2017,11,"Even though I am their boss, I told them that I wanted them to see me as an equal colleague.","Even though I am their boss, I told them that I wanted them to see me as an equal colleague.",,
2018,14,"I'm always happy, I think worrying is just a waste of time.","I'm always happy, I think worrying is just a waste of time.",,
2019,14,I was never worried about the future.,I was never worried about the future.,,
2020,15,I created a dating account.,I created a dating account.,,
2021,13,I was very good at resolving conflicts when I was the supervisor.,I was very good at resolving conflicts when I was the supervisor.,,
2022,7,"My good looks opened doors in the entertainment industry, I was very confident.","My good looks opened doors in the entertainment industry, I was very confident.",,
2023,12,"I didn't have any hobbies, I was working all the time, so I could make more money for my family.","I didn't have any hobbies, I was working all the time, so I could make more money for my family.",,
2024,10,I organised an international conference.,I organised an international conference.,,
2025,12,I should work harder so my children have an easier life.,I should work harder so my children have an easier life.,,
2026,16,"I jogged confidently, feeling the endurance of my physical strength.","I jogged confidently, feeling the endurance of my physical strength.",,
2027,13,I like to inspire my subordinates on a daily basis.,I like to inspire my subordinates on a daily basis.,,
2028,15,I like to go to nude beaches.,I like to go to nude beaches.,,
2029,1,"I gave up the calculus class, it was just too hard for me.","I gave up the calculus class, it was just too hard for me.",,
2030,3,I like to take care of my friends children when they are busy.,I like to take care of my friends children when they are busy.,,
2031,5,"I could never go hiking alone, I always need company.","I could never go hiking alone, I always need company.",,
2032,1,I decided in a spur of the moment.,I decided in a spur of the moment.,,
2033,9,I have created the life I have always wanted.,I have created the life I have always wanted.,,
2034,5,"I wanted to go to that party, but nobody wanted to come with me.","I wanted to go to that party, but nobody wanted to come with me.",,
2035,2,I love creating the warmth of home.,I love creating the warmth of home.,,
2036,5,I told him my emotions are deep and meaningful.,I told him my emotions are deep and meaningful.,,
2037,10,I kept my poker face.,I kept my poker face.,,
2038,1,I panicked when I could not start the engine.,I panicked when I could not start the engine.,,
2039,10,"I knew how to do a good job, because I'm skilled.","I knew how to do a good job, because I'm skilled.",,
2040,12,I made their dreams come true.,I made their dreams come true.,,
2041,4,"I didn't want the help from my partner because he has a hard work, so I always assumed that cleaning the house is my job.","I didn't want the help from my partner because he has a hard work, so I always assumed that cleaning the house is my job.",,
2042,16,I worked in construction and it helped me gain physical strength.,I worked in construction and it helped me gain physical strength.,,
2043,13,I believe that togetherness is the most important thing at work.,I believe that togetherness is the most important thing at work.,,
2044,4,Before the holidays I washed all the windows in the house.,Before the holidays I washed all the windows in the house.,,
2045,13,I felt a deep sense of pride reflecting on my accomplishments as a leader.,I felt a deep sense of pride reflecting on my accomplishments as a leader.,,
2046,3,What I wanted was not important because priority number one was to clean the house and keep the children happy.,What I wanted was not important because priority number one was to clean the house and keep the children happy.,,
2047,8,I enjoy doing dangerous and extreme sports.,I enjoy doing dangerous and extreme sports.,,
2048,4,To this day I clean the house every Saturday.,To this day I clean the house every Saturday.,,
2049,15,Should I have seduced them?,Should I have seduced them?,,
2050,13,I promised them everything would be okay.,I promised them everything would be okay.,,
2051,14,I didn't want to grow up and stop being funny.,I didn't want to grow up and stop being funny.,,
2052,3,I didn't like when I had to leave home knowing that there wasn't any food prepared.,I didn't like when I had to leave home knowing that there wasn't any food prepared.,,
2053,4,I took out the trash.,I took out the trash.,,
2054,1,"Yes, I knew our future wouldn't be bright, but I fell in love.","Yes, I knew our future wouldn't be bright, but I fell in love.",,
2055,13,"In my life, I have followed the motto that it is important to work more efficiently, not harder.","In my life, I have followed the motto that it is important to work more efficiently, not harder.",,
2056,9,I have always trusted my skills.,I have always trusted my skills.,,
2057,10,"When I enter the door to my work, I immediately become competitive.","When I enter the door to my work, I immediately become competitive.",,
2058,13,"I led by example, demonstrating a strong work ethic.","I led by example, demonstrating a strong work ethic.",,
2059,4,I would never go to bed in the clothes that I wear during the day.,I would never go to bed in the clothes that I wear during the day.,,
2060,3,I prepared a little surprise for all the guests.,I prepared a little surprise for all the guests.,,
2061,8,I couldn't live without sports.,I couldn't live without sports.,,
2062,11,I refused to talk to people who believe in conspiracies.,I refused to talk to people who believe in conspiracies.,,
2063,15,I always enjoyed reading the erotica sections in the magazine.,I always enjoyed reading the erotica sections in the magazine.,,
2064,16,I realised that my physical strength is a reflection of my mental toughness and resilience.,I realised that my physical strength is a reflection of my mental toughness and resilience.,,
2065,16,I flexed my bicep every time I had an opportunity.,I flexed my bicep every time I had an opportunity.,,
2066,13,I like it when people work in teams because they are so much more effective.,I like it when people work in teams because they are so much more effective.,,
2067,8,I liked doing difficult jobs.,I liked doing difficult jobs.,,
2068,11,I'm rational.,I'm rational.,,
2069,8,I hated cowards.,I hated cowards.,,
2070,12,I got my partner a new car.,I got my partner a new car.,,
2071,2,I was very submissive.,I was very submissive.,,
2072,6,"I dug up the tree, but it took me three months.","I dug up the tree, but it took me three months.",,
2073,15,"I didn't see you as my future partner, I thought we were just having casual sex.","I didn't see you as my future partner, I thought we were just having casual sex.",,
2074,15,I hoped the people at the party would be more open-minded about sex.,I hoped the people at the party would be more open-minded about sex.,,
2075,7,I always looked good in sunglasses.,I always looked good in sunglasses.,,
2076,16,I got a scholarship for my sports achievements.,I got a scholarship for my sports achievements.,,
2077,8,"I parked where I shouldn't have, but I didn't care.","I parked where I shouldn't have, but I didn't care.",,
2078,3,I should be preparing the lunch.,I should be preparing the lunch.,,
2079,5,"I organized a picnic in the park, inviting friends and family to enjoy good food, outdoor activities, and quality time together.","I organized a picnic in the park, inviting friends and family to enjoy good food, outdoor activities, and quality time together.",,
2080,7,I needed two hours to get ready for the day.,I needed two hours to get ready for the day.,,
2081,6,I had to ask for help with moving the table.,I had to ask for help with moving the table.,,
2082,2,I did not stand up for myself because I did not want to inconvenience other people.,I did not stand up for myself because I did not want to inconvenience other people.,,
2083,5,I attended a music concert immersing myself in the energy of the crowd.,I attended a music concert immersing myself in the energy of the crowd.,,
2084,6,"I insisted I'm strong, but the opposite proved to be true.","I insisted I'm strong, but the opposite proved to be true.",,
2085,15,I noticed the tight clothing on them.,I noticed the tight clothing on them.,,
2086,6,I don't like to argue with others because I can't hold back my tears.,I don't like to argue with others because I can't hold back my tears.,,
2087,1,I always feel that I shouldn't be talking too much because I don't know anything.,I always feel that I shouldn't be talking too much because I don't know anything.,,
2088,8,I feel extremely alive in dangerous situations.,I feel extremely alive in dangerous situations.,,
2089,11,I first verified all the facts.,I first verified all the facts.,,
2090,16,I was never afraid of you.,I was never afraid of you.,,
2091,16,"I never broke down, not even when my beloved father died.","I never broke down, not even when my beloved father died.",,
2092,1,I made a lot of unplanned purchases without considering the long-term financial impact.,I made a lot of unplanned purchases without considering the long-term financial impact.,,
2093,2,Why did I even agree to this?,Why did I even agree to this?,,
2094,16,"I never had a problem in fights, I always won.","I never had a problem in fights, I always won.",,
2095,10,I like to have respect from people I work with.,I like to have respect from people I work with.,,
2096,11,I like to take my time to make an informed choice.,I like to take my time to make an informed choice.,,
2097,10,I'm a team player.,I'm a team player.,,
2098,6,I could never withstand this much pressure.,I could never withstand this much pressure.,,
2099,10,I have not read a single negative review of my work.,I have not read a single negative review of my work.,,
2100,11,I calmly resolved a disagreement with a friend.,I calmly resolved a disagreement with a friend.,,
2101,15,I couldn't stop touching myself.,I couldn't stop touching myself.,,
2102,8,I could always endure a little pain.,I could always endure a little pain.,,
2103,4,I'm the only one who does anything in this household.,I'm the only one who does anything in this household.,,
2104,10,I met a lot of brilliant people at the conference.,I met a lot of brilliant people at the conference.,,
2105,2,I feared disappointing anyone so I remained silent.,I feared disappointing anyone so I remained silent.,,
2106,5,I chose to go with them instead of staying at home.,I chose to go with them instead of staying at home.,,
2107,11,"Instead of crying over spilt milk, I came up with a solution.","Instead of crying over spilt milk, I came up with a solution.",,
2108,4,I regularly scrubbed and disinfected the bathroom.,I regularly scrubbed and disinfected the bathroom.,,
2109,8,"The rough waters pushed back with force, but I persevered, propelling the boat forward.","The rough waters pushed back with force, but I persevered, propelling the boat forward.",,
2110,10,I recommended they not dive because it was dangerous without proper equipment.,I recommended they not dive because it was dangerous without proper equipment.,,
2111,7,"I felt confident and radiant as I walked down the runway, showcasing my beauty to the audience.","I felt confident and radiant as I walked down the runway, showcasing my beauty to the audience.",,
2112,13,I led group activities often.,I led group activities often.,,
2113,16,I quite enjoyed physical work.,I quite enjoyed physical work.,,
2114,5,I could not wait until the high school reunion.,I could not wait until the high school reunion.,,
2115,14,I could not control my impulses and just did what I felt like doing at the time.,I could not control my impulses and just did what I felt like doing at the time.,,
2116,11,I never let emotions take over.,I never let emotions take over.,,
2117,1,I craved attention.,I craved attention.,,
2118,15,I have never been afraid to communicate my desires.,I have never been afraid to communicate my desires.,,
2119,9,I never doubted my abilities.,I never doubted my abilities.,,
2120,5,I met a great bunch of people on the trip and we are still friends to this day.,I met a great bunch of people on the trip and we are still friends to this day.,,
2121,7,It was always good to hear that I looked good.,It was always good to hear that I looked good.,,
2122,6,"I struggled to carry the grocery bags up the stairs, my arms felt weak.","I struggled to carry the grocery bags up the stairs, my arms felt weak.",,
2123,15,"I thought about sex a lot, I would even zone out at work and daydream about fucking a coworker.","I thought about sex a lot, I would even zone out at work and daydream about fucking a coworker.",,
2124,1,I didn't want to hurt my lover.,I didn't want to hurt my lover.,,
2125,5,"I organized a picnic in the park, inviting friends and family to gather for food and games.","I organized a picnic in the park, inviting friends and family to gather for food and games.",,
2126,5,"New neighbours moved in, so I made them a welcome party.","New neighbours moved in, so I made them a welcome party.",,
2127,6,They told me I was fragile.,They told me I was fragile.,,
2128,13,I never thought I would become a director at such a young age.,I never thought I would become a director at such a young age.,,
2129,11,I am certain that the truth is simple.,I am certain that the truth is simple.,,
2130,6,I felt very vulnerable.,I felt very vulnerable.,,
2131,8,I stood face to face with a tiger.,I stood face to face with a tiger.,,
2132,10,I'm successful because my company is doing great.,I'm successful because my company is doing great.,,
2133,14,I would frequently procrastinate and avoid my responsibilities.,I would frequently procrastinate and avoid my responsibilities.,,
2134,16,I offered them help with the furniture.,I offered them help with the furniture.,,
2135,7,"When browsing through old photographs, I noticed how consistently good-looking I appeared in various moments and settings.","When browsing through old photographs, I noticed how consistently good-looking I appeared in various moments and settings.",,
2136,16,I'm a good runner.,I'm a good runner.,,
2137,1,She keeps asking me why I cried that day.,She keeps asking me why I cried that day.,,
2138,12,I'm important to my family because I like to fulfill their needs.,I'm important to my family because I like to fulfill their needs.,,
2139,12,"I didn't mind staying late at work, I knew I was doing it to keep my family fed.","I didn't mind staying late at work, I knew I was doing it to keep my family fed.",,
2140,4,I would never let a dog lick my face.,I would never let a dog lick my face.,,
2141,15,I was looking for the Kama Sutra in the bookshop.,I was looking for the Kama Sutra in the bookshop.,,
2142,11,I worked as a data analyst.,I worked as a data analyst.,,
2143,9,"When they find out what I'm like, they'll want to hire me right away.","When they find out what I'm like, they'll want to hire me right away.",,
2144,3,They knew I would listen to their problems and try to help.,They knew I would listen to their problems and try to help.,,
2145,9,I am an extraordinary person and I would like everyone to recognize it.,I am an extraordinary person and I would like everyone to recognize it.,,
2146,7,"I didn't spend a lot of time preparing, because I have a pretty face.","I didn't spend a lot of time preparing, because I have a pretty face.",,
2147,1,"I cried, because I didn't get what I had wanted.","I cried, because I didn't get what I had wanted.",,
2148,9,I didn't take the rejection well.,I didn't take the rejection well.,,
2149,12,Should I have given my kids more money?,Should I have given my kids more money?,,
2150,1,"I ignored the facts, and focused on my feelings.","I ignored the facts, and focused on my feelings.",,
2151,12,I paid for my brother's driving license.,I paid for my brother's driving license.,,
2152,2,"I was unable to do anything, so I just kept smiling like nothing happened.","I was unable to do anything, so I just kept smiling like nothing happened.",,
2153,10,"I used to underestimate myself a lot, but that's in the past.","I used to underestimate myself a lot, but that's in the past.",,
2154,11,"With no witnesses and no evidence, I refused to be a part of the jury.","With no witnesses and no evidence, I refused to be a part of the jury.",,
2155,11,I left when they started talking about religions and God.,I left when they started talking about religions and God.,,
2156,10,"As a chef, I carefully sourced high-quality ingredients, honed my culinary skills, and consistently delivered delicious and beautifully presented meals.","As a chef, I carefully sourced high-quality ingredients, honed my culinary skills, and consistently delivered delicious and beautifully presented meals.",,
2157,16,I taught a self-defence class.,I taught a self-defence class.,,
2158,8,I will show them how tough I am.,I will show them how tough I am.,,
2159,6,"When I have to go to a work meeting, I immediately get all sweaty from stress.","When I have to go to a work meeting, I immediately get all sweaty from stress.",,
2160,2,"If I hadn't been kind, I wouldn't have found a husband.","If I hadn't been kind, I wouldn't have found a husband.",,
2161,12,I regularly reviewed and adjusted our family's financial goals.,I regularly reviewed and adjusted our family's financial goals.,,
2162,8,Yesterday I bought a snake.,Yesterday I bought a snake.,,
2163,7,I am beautiful.,I am beautiful.,,
2164,2,I consistently downplayed my achievements or talents.,I consistently downplayed my achievements or talents.,,
2165,12,I took care of the finances.,I took care of the finances.,,
2166,10,"As a sales representative, I built strong relationships with clients, understood their needs, and effectively communicated the benefits of our products to drive sales.","As a sales representative, I built strong relationships with clients, understood their needs, and effectively communicated the benefits of our products to drive sales.",,
2167,12,Hard work paid off and I bought a new car.,Hard work paid off and I bought a new car.,,
2168,6,"In a previous relationship, I was constantly told how stupid I was.","In a previous relationship, I was constantly told how stupid I was.",,
2169,7,I noticed that my good looks seemed to open doors for me.,I noticed that my good looks seemed to open doors for me.,,
2170,3,"I joined an environmental conservation group, collaborating with like-minded individuals to raise awareness and take action on environmental issues.","I joined an environmental conservation group, collaborating with like-minded individuals to raise awareness and take action on environmental issues.",,
2171,4,I did the laundry.,I did the laundry.,,
2172,9,I was well aware that I was very capable.,I was well aware that I was very capable.,,
2173,9,"With a steady hand and unyielding focus, I showed what I had to offer.","With a steady hand and unyielding focus, I showed what I had to offer.",,
2174,7,"I didn't eat the cake, because I was watching my figure.","I didn't eat the cake, because I was watching my figure.",,
2175,15,I would like to explore every inch of that beautiful body.,I would like to explore every inch of that beautiful body.,,
2176,13,"I didn't care that I didn't have my own family, I had a high position at my job and that was enough for me.","I didn't care that I didn't have my own family, I had a high position at my job and that was enough for me.",,
2177,9,I could easily get everyone's attention if I wanted to.,I could easily get everyone's attention if I wanted to.,,
2178,13,I made sure my team finished in the top 3.,I made sure my team finished in the top 3.,,
2179,4,"I always need to get the work done right away, because if I wait until the last minute, I feel irresponsible.","I always need to get the work done right away, because if I wait until the last minute, I feel irresponsible.",,
2180,13,I actively engaged with stakeholders.,I actively engaged with stakeholders.,,
2181,9,There are no doubts I always did a great job.,There are no doubts I always did a great job.,,
2182,3,I cooked for him for almost twenty years.,I cooked for him for almost twenty years.,,
2183,1,"I felt like I was the worst, I don't know why.","I felt like I was the worst, I don't know why.",,
2184,12,I got a good job right after school and made enough money to buy a house for my family.,I got a good job right after school and made enough money to buy a house for my family.,,
2185,16,I lifted twice my own weight.,I lifted twice my own weight.,,
2186,14,I've been waiting so long for this game to come out.,I've been waiting so long for this game to come out.,,
2187,1,"When I felt that situation is no longer in my control, I freaked out.","When I felt that situation is no longer in my control, I freaked out.",,
2188,5,It's hard for me to be new in the city because I don't have any friends here.,It's hard for me to be new in the city because I don't have any friends here.,,
2189,5,"I couldn't have an office just for myself, I'd go crazy in there.","I couldn't have an office just for myself, I'd go crazy in there.",,
2190,7,"I donated my old clothes, I just had too many.","I donated my old clothes, I just had too many.",,
2191,3,"I know how you feel, I was in the same situation.","I know how you feel, I was in the same situation.",,
2192,14,I pranked everyone at the party.,I pranked everyone at the party.,,
2193,13,I led a team of young researchers.,I led a team of young researchers.,,
2194,2,"Although I am employed, I work in a nursing home in my spare time.","Although I am employed, I work in a nursing home in my spare time.",,
2195,4,"Cleanliness has always been important to me, which is why I am applying for this job.","Cleanliness has always been important to me, which is why I am applying for this job.",,
2196,15,I stopped to buy condoms on my way to the date.,I stopped to buy condoms on my way to the date.,,
2197,7,I gave them some advice about how to look better.,I gave them some advice about how to look better.,,
2198,14,I displayed a lack of maturity.,I displayed a lack of maturity.,,
2199,6,"I struggled to maintain proper posture during extended periods of sitting, feeling weak in my back and core muscles.","I struggled to maintain proper posture during extended periods of sitting, feeling weak in my back and core muscles.",,
2200,7,I bought a new hair dryer.,I bought a new hair dryer.,,
2201,10,"I take pride in my work, but I'm always looking for ways to do it even better.","I take pride in my work, but I'm always looking for ways to do it even better.",,
2202,15,I'm confident and that attracts others.,I'm confident and that attracts others.,,
2203,9,The key moment in my career was when I realized that my decision-making skills earned me respect from everyone.,The key moment in my career was when I realized that my decision-making skills earned me respect from everyone.,,
2204,3,"I like to prepare snacks for my kids, so they can eat them at school.","I like to prepare snacks for my kids, so they can eat them at school.",,
2205,14,I don't want a relationship because I need freedom.,I don't want a relationship because I need freedom.,,
2206,12,I often feel stressed about making enough money for the family.,I often feel stressed about making enough money for the family.,,
2207,16,I put a lot of effort into gaining muscle strength.,I put a lot of effort into gaining muscle strength.,,
2208,7,When I got compliments it was always on my looks.,When I got compliments it was always on my looks.,,
2209,13,I let my staff leave earlier today.,I let my staff leave earlier today.,,
2210,16,I knew I could break it if I pushed hard enough.,I knew I could break it if I pushed hard enough.,,
2211,11,I hate arguing.,I hate arguing.,,
2212,3,I always comforted my kids when they cried.,I always comforted my kids when they cried.,,
2213,4,I like having an extra job.,I like having an extra job.,,
2214,4,I vacuumed and spot-cleaned my carpets and rugs.,I vacuumed and spot-cleaned my carpets and rugs.,,
2215,4,I could not stand seeing how dirty their glasses were!,I could not stand seeing how dirty their glasses were!,,
2216,14,"If I have offended anyone, it is their fault, I will not apologise to them.","If I have offended anyone, it is their fault, I will not apologise to them.",,
2217,16,I ate a lot of protein to build muscle.,I ate a lot of protein to build muscle.,,
2218,5,"Don't be angry, I hated being alone at home.","Don't be angry, I hated being alone at home.",,
2219,6,I hurt my knees lifting it.,I hurt my knees lifting it.,,
2220,10,I never left my job until everything was ready for the next day.,I never left my job until everything was ready for the next day.,,
2221,16,"I never took any supplements, all my strength is natural.","I never took any supplements, all my strength is natural.",,
2222,7,I got a lot of compliments on my outfit.,I got a lot of compliments on my outfit.,,
2223,7,I couldn't go to sleep without my skincare.,I couldn't go to sleep without my skincare.,,
2224,10,I would prefer to have an online meeting every Monday morning.,I would prefer to have an online meeting every Monday morning.,,
2225,13,I have allowed employees to bring animals to work.,I have allowed employees to bring animals to work.,,
2226,10,"When I assessed the damage, I knew this was beyond my skills.","When I assessed the damage, I knew this was beyond my skills.",,
2227,10,I met project deadlines with professionalism and technical expertise.,I met project deadlines with professionalism and technical expertise.,,
2228,6,"I struggled to complete a set of sit-ups, feeling the weakness in my abdominal muscles.","I struggled to complete a set of sit-ups, feeling the weakness in my abdominal muscles.",,
2229,12,I worked hard to provide for the family.,I worked hard to provide for the family.,,
2230,6,I was lucky I had tear spray on me.,I was lucky I had tear spray on me.,,
2231,16,The drain broke down so I had to fix it.,The drain broke down so I had to fix it.,,
2232,13,I like seeing how people prosper under my leadership.,I like seeing how people prosper under my leadership.,,
2233,3,I was there when my kid took its first steps.,I was there when my kid took its first steps.,,
2234,5,I always feel happy when I'm around people.,I always feel happy when I'm around people.,,
2235,6,I couldn't even open a bottle.,I couldn't even open a bottle.,,
2236,13,I took charge of the whole planning operation.,I took charge of the whole planning operation.,,
2237,6,I'm not strong enough.,I'm not strong enough.,,
2238,2,I wish I could be as powerful as them!,I wish I could be as powerful as them!,,
2239,5,I did not enjoy the holidays because there were almost no people.,I did not enjoy the holidays because there were almost no people.,,
2240,10,"I knew it wasn't an easy job, but I managed to do it perfectly.","I knew it wasn't an easy job, but I managed to do it perfectly.",,
2241,10,Five years ago I started my company and today it is doing extremely well.,Five years ago I started my company and today it is doing extremely well.,,
2242,5,I wanted to talk to them.,I wanted to talk to them.,,
2243,5,I don't like evenings that I spend at home alone.,I don't like evenings that I spend at home alone.,,
2244,13,I was keen on speaking and presenting to large audiences when I was younger.,I was keen on speaking and presenting to large audiences when I was younger.,,
2245,8,"A few years back, I worked as a miner.","A few years back, I worked as a miner.",,
2246,9,I always trusted my abilities.,I always trusted my abilities.,,
2247,3,"Supposedly, I should be saying no to others, but I can't do that.","Supposedly, I should be saying no to others, but I can't do that.",,
2248,8,I was not scared of that huge snake.,I was not scared of that huge snake.,,
2249,1,I kept telling myself that people were lying to me.,I kept telling myself that people were lying to me.,,
2250,9,I think they like me because I'm confident.,I think they like me because I'm confident.,,
2251,6,"I wanted to help, but they've told me to stay away because I'm weak.","I wanted to help, but they've told me to stay away because I'm weak.",,
2252,11,I couldn't understand why you would need 20 pairs of shoes.,I couldn't understand why you would need 20 pairs of shoes.,,
2253,3,I like to cook when I see that others like my food.,I like to cook when I see that others like my food.,,
2254,2,I learned that being quiet is the best I can do in escalated situations.,I learned that being quiet is the best I can do in escalated situations.,,
2255,16,I like to be strong in order to protect those in need.,I like to be strong in order to protect those in need.,,
2256,10,I'm a hard worker.,I'm a hard worker.,,
2257,5,"Over the holidays, I'm lonely at home for a long time, so I call someone out every day.","Over the holidays, I'm lonely at home for a long time, so I call someone out every day.",,
2258,6,"I couldn't defend myself, so I cried.","I couldn't defend myself, so I cried.",,
2259,10,"As a firefighter, I responded swiftly to emergency calls, assessed dangerous situations, and coordinated efforts with my team to protect lives and property.","As a firefighter, I responded swiftly to emergency calls, assessed dangerous situations, and coordinated efforts with my team to protect lives and property.",,
2260,6,"I wanted to be in better shape, but I can't do many push-ups.","I wanted to be in better shape, but I can't do many push-ups.",,
2261,6,I needed someone else to pick up the other end.,I needed someone else to pick up the other end.,,
2262,8,I could not stand looking at those weaklings.,I could not stand looking at those weaklings.,,
2263,9,I never needed a weapon.,I never needed a weapon.,,
2264,15,I watched porn.,I watched porn.,,
2265,4,"They always tell me I work a lot, but that's just the way I am.","They always tell me I work a lot, but that's just the way I am.",,
2266,12,I was always keen on making money for the household.,I was always keen on making money for the household.,,
2267,4,I like to keep the house clean.,I like to keep the house clean.,,
2268,10,"As a police officer, I patrolled the streets, enforced laws and regulations, and maintained public safety.","As a police officer, I patrolled the streets, enforced laws and regulations, and maintained public safety.",,
2269,10,I didn't comment on their appearance.,I didn't comment on their appearance.,,
2270,10,"Maybe I'm too formal, but I maintain my respect that way.","Maybe I'm too formal, but I maintain my respect that way.",,
2271,14,I like skateboarding even though I am too old for that.,I like skateboarding even though I am too old for that.,,
2272,8,"I'm not patient, do not test me.","I'm not patient, do not test me.",,
2273,15,I bought condoms.,I bought condoms.,,
2274,4,I turned on the dishwasher.,I turned on the dishwasher.,,
2275,10,I am a professional.,I am a professional.,,
2276,10,"As a senior executive in a multinational corporation, I exhibited strong leadership skills and a strategic mindset.","As a senior executive in a multinational corporation, I exhibited strong leadership skills and a strategic mindset.",,
2277,15,I could easily be in a polygamous relationship.,I could easily be in a polygamous relationship.,,
2278,12,I worked hard to cover my kid's expenses.,I worked hard to cover my kid's expenses.,,
2279,16,I wanted to be more muscular.,I wanted to be more muscular.,,
2280,4,"I cleaned and organized my kitchen cabinets, ensuring that items were properly stored and easily accessible.","I cleaned and organized my kitchen cabinets, ensuring that items were properly stored and easily accessible.",,
2281,11,I evaluated the data and based my results on them.,I evaluated the data and based my results on them.,,
2282,15,I always carried a condom with me.,I always carried a condom with me.,,
2283,2,They say what they appreciate most about me is that I'm modest.,They say what they appreciate most about me is that I'm modest.,,
2284,11,My colleague is more professional than I am ever going to be.,My colleague is more professional than I am ever going to be.,,
2285,16,"Let me open the jar, I said to her.","Let me open the jar, I said to her.",,
2286,11,I like to stress the importance of communicating openly and directly.,I like to stress the importance of communicating openly and directly.,,
2287,7,I would never wear anything camo.,I would never wear anything camo.,,
2288,8,I didn't cry even at my father's funeral.,I didn't cry even at my father's funeral.,,
2289,2,I let my partner decide about the vacation last year.,I let my partner decide about the vacation last year.,,
2290,14,I'm not going to apologise to anyone because I didn't do anything wrong.,I'm not going to apologise to anyone because I didn't do anything wrong.,,
2291,3,I was supportive.,I was supportive.,,
2292,9,"I applied for the job, although I didn't have the qualifications.","I applied for the job, although I didn't have the qualifications.",,
2293,8,"It was a tough choice, but I am confident that it was right.","It was a tough choice, but I am confident that it was right.",,
2294,11,I would not risk my position by making irrational decisions.,I would not risk my position by making irrational decisions.,,
2295,10,I cut them a fair price.,I cut them a fair price.,,
2296,11,"I have never acted irrationally, I am just not that type of person.","I have never acted irrationally, I am just not that type of person.",,
2297,7,"I had to refuse handing out my number, because I had too many requests.","I had to refuse handing out my number, because I had too many requests.",,
2298,9,I wasn't worried at all.,I wasn't worried at all.,,
2299,3,I had to make a decision that prioritized the children.,I had to make a decision that prioritized the children.,,
2300,6,I ordered dumbbells that are too heavy and I can't work out with them.,I ordered dumbbells that are too heavy and I can't work out with them.,,
2301,4,I don't like it when someone smokes near me because I can't get rid of the smell for hours.,I don't like it when someone smokes near me because I can't get rid of the smell for hours.,,
2302,3,"I could not stop thinking about the incident, even though it was a stranger.","I could not stop thinking about the incident, even though it was a stranger.",,
2303,14,I like wearing funky socks.,I like wearing funky socks.,,
2304,7,I saw my reflection in the mirror and was amazed.,I saw my reflection in the mirror and was amazed.,,
2305,4,I was alone to do all the chores in the house.,I was alone to do all the chores in the house.,,
2306,9,"I was asked to lead the ceremony, because I am a talented speaker.","I was asked to lead the ceremony, because I am a talented speaker.",,
2307,10,I graduated from university and I'm ready to put my knowledge into practice.,I graduated from university and I'm ready to put my knowledge into practice.,,
2308,3,"When I was younger, I found an injured bird on the street, took him home and tried to help him.","When I was younger, I found an injured bird on the street, took him home and tried to help him.",,
2309,5,I joined the buddy programme at the university so I can meet some new people.,I joined the buddy programme at the university so I can meet some new people.,,
2310,14,"Stop commanding me, I like to spend time how I want to.","Stop commanding me, I like to spend time how I want to.",,
2311,16,I could easily do 20 pull-ups.,I could easily do 20 pull-ups.,,
2312,3,I like that my role in the family is to take care of everybody.,I like that my role in the family is to take care of everybody.,,
2313,8,I watched a show about surviving in the wilderness.,I watched a show about surviving in the wilderness.,,
2314,6,"When I had to go in front of the staff and say something to them, I was suddenly very scared.","When I had to go in front of the staff and say something to them, I was suddenly very scared.",,
2315,1,I could not think straight after the argument.,I could not think straight after the argument.,,
2316,1,I totally froze when they shouted at me.,I totally froze when they shouted at me.,,
2317,4,I consistently followed through on commitments and promises made to others.,I consistently followed through on commitments and promises made to others.,,
2318,14,I bought a beer and cigarettes although I knew it was my last money and I was supposed to buy food.,I bought a beer and cigarettes although I knew it was my last money and I was supposed to buy food.,,
2319,7,How often should I wash my hair?,How often should I wash my hair?,,
2320,2,Mom told me people would like me more if I always acted nice.,Mom told me people would like me more if I always acted nice.,,
2321,1,I didn't care about logic - I was relying only on my emotions.,I didn't care about logic - I was relying only on my emotions.,,
2322,14,"I didn't know how to take proper care of the kids, I was always the funny one, playing with them.","I didn't know how to take proper care of the kids, I was always the funny one, playing with them.",,
2323,14,I'm used to coming home from work and playing games on PlayStation.,I'm used to coming home from work and playing games on PlayStation.,,
2324,9,I never listened to anyone else.,I never listened to anyone else.,,
2325,2,I had to smile.,I had to smile.,,
2326,5,I was happy when I received the invitation.,I was happy when I received the invitation.,,
2327,6,"I couldn't be a soldier, no one would be afraid of me.","I couldn't be a soldier, no one would be afraid of me.",,
2328,1,"The last time I watched a horror movie, I couldn't sleep at night because I was too scared.","The last time I watched a horror movie, I couldn't sleep at night because I was too scared.",,
2329,7,I think I always looked naturally good in photos.,I think I always looked naturally good in photos.,,
2330,4,I don't like it when I have to leave home knowing that the dishwasher is loaded.,I don't like it when I have to leave home knowing that the dishwasher is loaded.,,
2331,16,I threw the medicine ball the farthest out of all the competitors.,I threw the medicine ball the farthest out of all the competitors.,,
2332,2,I said yes even though I didn't want to do it.,I said yes even though I didn't want to do it.,,
2333,4,I washed my hands so often that I completely ruined my skin.,I washed my hands so often that I completely ruined my skin.,,
2334,9,I'm self-assured in my abilities.,I'm self-assured in my abilities.,,
2335,11,I assessed the weather forecast before the trip to avoid any potentially dangerous situations.,I assessed the weather forecast before the trip to avoid any potentially dangerous situations.,,
2336,7,I felt so beautiful.,I felt so beautiful.,,
2337,5,I like to have deep and meaningful conversations.,I like to have deep and meaningful conversations.,,
2338,8,I fell but it didn't hurt me at all.,I fell but it didn't hurt me at all.,,
2339,14,I got mad because their food looked tastier.,I got mad because their food looked tastier.,,
2340,4,"I focused on regular dusting, vacuuming, and wiping surfaces to maintain cleanliness and hygiene in my home.","I focused on regular dusting, vacuuming, and wiping surfaces to maintain cleanliness and hygiene in my home.",,
2341,5,I felt better when they came over.,I felt better when they came over.,,
2342,10,"As a financial planner, I analyzed clients' financial goals, developed customized investment strategies, and provided ongoing guidance.","As a financial planner, I analyzed clients' financial goals, developed customized investment strategies, and provided ongoing guidance.",,
2343,12,"I offered you a ride, no need to worry.","I offered you a ride, no need to worry.",,
2344,3,I could totally imagine myself in their position.,I could totally imagine myself in their position.,,
2345,2,They told me I should be kinder.,They told me I should be kinder.,,
2346,3,"I like it, when I'm home alone and I can cook for everybody without any interruption.","I like it, when I'm home alone and I can cook for everybody without any interruption.",,
2347,13,I always felt like a natural leader.,I always felt like a natural leader.,,
2348,4,"Sorry about the mess, I didn't get a chance to clean it up.","Sorry about the mess, I didn't get a chance to clean it up.",,
2349,11,I helped my little cousin with his math assignment.,I helped my little cousin with his math assignment.,,
2350,9,I am open to any challenge.,I am open to any challenge.,,
2351,10,I didn't ask for a tip.,I didn't ask for a tip.,,
2352,6,I could not open the jar so I asked my friend to do it.,I could not open the jar so I asked my friend to do it.,,
2353,12,"I'm the head of this family so I believe I had to cover our basic needs, such as food, shelter and clothing.","I'm the head of this family so I believe I had to cover our basic needs, such as food, shelter and clothing.",,
2354,16,I didn't need any help and carried the washing machine up the stairs alone.,I didn't need any help and carried the washing machine up the stairs alone.,,
2355,8,I could handle those drunk idiots if I wanted to.,I could handle those drunk idiots if I wanted to.,,
2356,10,I am always happy to listen to constructive criticism.,I am always happy to listen to constructive criticism.,,
2357,8,I've never been afraid of other people's talk.,I've never been afraid of other people's talk.,,
2358,15,I always had a lot of sexual fantasies.,I always had a lot of sexual fantasies.,,
2359,12,I pursued a higher-paying job opportunity to increase our family's income.,I pursued a higher-paying job opportunity to increase our family's income.,,
2360,8,I stepped into the arena with a brave face and no fear in my heart.,I stepped into the arena with a brave face and no fear in my heart.,,
2361,13,I like to give young people a chance.,I like to give young people a chance.,,
2362,1,I made impulsive decisions while under stress.,I made impulsive decisions while under stress.,,
2363,11,I didn't want to be dependent on someone.,I didn't want to be dependent on someone.,,
2364,9,I never had trouble with others not respecting me.,I never had trouble with others not respecting me.,,
2365,12,I was focused on making money when the kids were little.,I was focused on making money when the kids were little.,,
2366,11,I carefully reviewed the product specifications before buying it.,I carefully reviewed the product specifications before buying it.,,
2367,15,I always had a high self-esteem when it comes to sex.,I always had a high self-esteem when it comes to sex.,,
2368,10,I had a meeting with foreign sponsors.,I had a meeting with foreign sponsors.,,
2369,13,I'm naturally assertive and dominant.,I'm naturally assertive and dominant.,,
2370,16,"I did not need to hire a moving company, I just did it myself.","I did not need to hire a moving company, I just did it myself.",,
2371,13,I never liked it when someone told me how to lead my company.,I never liked it when someone told me how to lead my company.,,
2372,8,"I liked doing it, because it was dangerous.","I liked doing it, because it was dangerous.",,
2373,15,I was the dominant one in our relationship.,I was the dominant one in our relationship.,,
2374,9,I was not afraid of my image being tarnished.,I was not afraid of my image being tarnished.,,
2375,8,I like it when I can show others who's the boss.,I like it when I can show others who's the boss.,,
2376,14,Why would I have to be careful?,Why would I have to be careful?,,
2377,9,I built everything with my own hands and brain.,I built everything with my own hands and brain.,,
2378,9,I was sure that I knew what I was doing and did not need to read the instructions.,I was sure that I knew what I was doing and did not need to read the instructions.,,
2379,9,Every step I took radiated an inner assurance.,Every step I took radiated an inner assurance.,,
2380,1,I used to watch a lot of documentaries about esoteric stuff.,I used to watch a lot of documentaries about esoteric stuff.,,
2381,2,"I always agreed with others' opinions, even when I had a different viewpoint, just to avoid confrontation or disagreement.","I always agreed with others' opinions, even when I had a different viewpoint, just to avoid confrontation or disagreement.",,
2382,1,"I was in love, so I didn't listen to them.","I was in love, so I didn't listen to them.",,
2383,8,I've been an adrenaline seeker my whole life.,I've been an adrenaline seeker my whole life.,,
2384,16,I entered an amateur weightlifting competition.,I entered an amateur weightlifting competition.,,
2385,15,They are convinced that I was only looking for sex.,They are convinced that I was only looking for sex.,,
2386,12,"I worked diligently and pursued career opportunities that allowed me to earn a stable income, ensuring financial security for my family.","I worked diligently and pursued career opportunities that allowed me to earn a stable income, ensuring financial security for my family.",,
2387,13,"As a team leader, I communicated the goals clearly.","As a team leader, I communicated the goals clearly.",,
2388,10,"Working as a senior scientist in a research laboratory, I maintained a high level of professionalism and rigor in conducting experiments and analyzing data.","Working as a senior scientist in a research laboratory, I maintained a high level of professionalism and rigor in conducting experiments and analyzing data.",,
2389,7,I redid my nail polish.,I redid my nail polish.,,
2390,3,"Although I was freezing, I gave the child my coat.","Although I was freezing, I gave the child my coat.",,
2391,3,She was upset when she discovered that she had a tumor but I kept reassuring her everything would be alright.,She was upset when she discovered that she had a tumor but I kept reassuring her everything would be alright.,,
2392,16,I unpacked the sacks of cement from the train.,I unpacked the sacks of cement from the train.,,
2393,16,I have always led an active life.,I have always led an active life.,,
2394,14,I could never fully commit to my partner.,I could never fully commit to my partner.,,
2395,8,I went into the woods even though there were bears roaming around.,I went into the woods even though there were bears roaming around.,,
2396,5,I attended a festival and made a lot of new friends and acquaintances.,I attended a festival and made a lot of new friends and acquaintances.,,
2397,8,I'd like to be a firefighter someday.,I'd like to be a firefighter someday.,,
2398,16,"As I plunged into the cold water, I swam with effortless strokes.","As I plunged into the cold water, I swam with effortless strokes.",,
2399,8,"Covered in dirt and sweat, I labored in the scorching sun.","Covered in dirt and sweat, I labored in the scorching sun.",,
2400,13,I have always tried to get to know my employees so that I can create the right conditions for them.,I have always tried to get to know my employees so that I can create the right conditions for them.,,
2401,7,"If I needed to feel better, I wouldn't have a problem undergoing some surgical procedure.","If I needed to feel better, I wouldn't have a problem undergoing some surgical procedure.",,
2402,11,I was never jealous of anyone because that would only be proof of my lack of confidence.,I was never jealous of anyone because that would only be proof of my lack of confidence.,,
2403,6,"I lacked the emotional strength to handle a stressful situation, feeling overwhelmed and vulnerable.","I lacked the emotional strength to handle a stressful situation, feeling overwhelmed and vulnerable.",,
2404,10,I always preferred wearing a suit to my workplace.,I always preferred wearing a suit to my workplace.,,
2405,8,"I didn't need your help, I knew that I could do it by myself.","I didn't need your help, I knew that I could do it by myself.",,
2406,1,"When the weather is bad outside, I tend to be moodier.","When the weather is bad outside, I tend to be moodier.",,
2407,12,I paid for the whole family dinner.,I paid for the whole family dinner.,,
2408,7,I looked good in the swimsuit as well as in formal wear.,I looked good in the swimsuit as well as in formal wear.,,
2409,7,"People often commented on my good looks, so I knew that I had attractive features.","People often commented on my good looks, so I knew that I had attractive features.",,
2410,3,I donated my time and skills to mentor a young student.,I donated my time and skills to mentor a young student.,,
2411,11,I took the car to the repair shop for a regular check-up.,I took the car to the repair shop for a regular check-up.,,
2412,10,"I am no amateur, so I will not allow anyone to treat me like one.","I am no amateur, so I will not allow anyone to treat me like one.",,
2413,9,I could outdrink you so easily.,I could outdrink you so easily.,,
2414,13,I am ready to make this country a better place.,I am ready to make this country a better place.,,
2415,14,I demanded constant attention.,I demanded constant attention.,,
2416,5,I spent almost two hours on the phone with them.,I spent almost two hours on the phone with them.,,
2417,8,"Clad in leather armor, I ventured into the dark dungeon.","Clad in leather armor, I ventured into the dark dungeon.",,
2418,1,I cried after leaving the office.,I cried after leaving the office.,,
2419,2,I consistently sought permission or validation from others before making decisions.,I consistently sought permission or validation from others before making decisions.,,
2420,11,I like mathematics and physics because numbers are always right.,I like mathematics and physics because numbers are always right.,,
2421,13,I was behind the steering wheel.,I was behind the steering wheel.,,
2422,13,"In times of conflict or disagreement, I mediated discussions.","In times of conflict or disagreement, I mediated discussions.",,
2423,16,"I drew upon the reserves of my physical strength and mental fortitude, determined to cross the finish line triumphantly.","I drew upon the reserves of my physical strength and mental fortitude, determined to cross the finish line triumphantly.",,
2424,7,"I was frequently sought after as a date or companion because my good looks made me an appealing choice, and I was happy.","I was frequently sought after as a date or companion because my good looks made me an appealing choice, and I was happy.",,
2425,7,I like to dress in long trousers so nobody would see my legs.,I like to dress in long trousers so nobody would see my legs.,,
2426,7,"I think I got the date because of my looks, not my brains.","I think I got the date because of my looks, not my brains.",,
2427,12,I made sure the budget was satisfactory.,I made sure the budget was satisfactory.,,
2428,6,"I didn't do it, because I wasn't strong enough.","I didn't do it, because I wasn't strong enough.",,
2429,15,I'm sexually attracted to my colleague.,I'm sexually attracted to my colleague.,,
2430,16,I'm bigger and stronger than most people my age.,I'm bigger and stronger than most people my age.,,
2431,8,I'm always the best at everything.,I'm always the best at everything.,,
2432,4,I made extra effort to smell good today.,I made extra effort to smell good today.,,
2433,9,I knew she would fall in love with me.,I knew she would fall in love with me.,,
2434,12,I'd like to give the kids as much comfort as possible.,I'd like to give the kids as much comfort as possible.,,
2435,9,I corrected the guide when we were near the monument.,I corrected the guide when we were near the monument.,,
2436,11,I went through every aspect of that investment and I'm going for it.,I went through every aspect of that investment and I'm going for it.,,
2437,7,"When they took my measurements, they told me I had a nice body.","When they took my measurements, they told me I had a nice body.",,
2438,3,"I should do the shopping, the fridge is almost empty.","I should do the shopping, the fridge is almost empty.",,
2439,4,I have to shower at least three times a day or I feel dirty.,I have to shower at least three times a day or I feel dirty.,,
2440,13,I was the pioneer in the field.,I was the pioneer in the field.,,
2441,9,I had no problem being assertive at work.,I had no problem being assertive at work.,,
2442,3,I bought new badges made by people with mental disabilities.,I bought new badges made by people with mental disabilities.,,
2443,11,"Let me navigate you, I'm good at it.","Let me navigate you, I'm good at it.",,
2444,2,"I couldn't set up a business, I need a boss to tell me what to do.","I couldn't set up a business, I need a boss to tell me what to do.",,
2445,12,I paid a babysitter so that I would have someone to be with my children while I am at work.,I paid a babysitter so that I would have someone to be with my children while I am at work.,,
2446,5,I loved hosting parties.,I loved hosting parties.,,
2447,13,I taught a business class.,I taught a business class.,,
2448,14,"I liked playing with children, because I can act like them.","I liked playing with children, because I can act like them.",,
2449,2,I relied on their opinions to shape my sense of self-worth.,I relied on their opinions to shape my sense of self-worth.,,
2450,15,I have always maintained that it is important to try new things so that we don't fall into a rut in a relationship.,I have always maintained that it is important to try new things so that we don't fall into a rut in a relationship.,,
2451,13,I am a good boss because I am reliable and fearless.,I am a good boss because I am reliable and fearless.,,
2452,5,I was chatting with a friend for two hours straight!,I was chatting with a friend for two hours straight!,,
2453,3,"I volunteered at a nursing home, spending time with elderly residents.","I volunteered at a nursing home, spending time with elderly residents.",,
2454,5,"I joined a community garden project, working alongside other gardeners to cultivate and maintain a shared green space.","I joined a community garden project, working alongside other gardeners to cultivate and maintain a shared green space.",,
2455,7,I am convinced that the most beautiful jewel is a smile.,I am convinced that the most beautiful jewel is a smile.,,
2456,15,"Nice clothes, whatever is under them, I wondered.","Nice clothes, whatever is under them, I wondered.",,
2457,12,I like to shoulder the responsibility for my family.,I like to shoulder the responsibility for my family.,,
2458,1,I have been to a fortune teller and have been afraid to leave the house ever since.,I have been to a fortune teller and have been afraid to leave the house ever since.,,
2459,14,"I had difficulty managing conflicts, resorting to name-calling and shouting.","I had difficulty managing conflicts, resorting to name-calling and shouting.",,
2460,14,I did not want to help with housework because it was boring.,I did not want to help with housework because it was boring.,,
2461,14,"Before marriage, I was never cleaning my house.","Before marriage, I was never cleaning my house.",,
2462,2,I had to obey.,I had to obey.,,
2463,4,I wished for a tidy house.,I wished for a tidy house.,,
2464,8,I put on my hard hat and picked up the jackhammer.,I put on my hard hat and picked up the jackhammer.,,
2465,4,I was in the middle of changing the sheets when they came.,I was in the middle of changing the sheets when they came.,,
2466,16,"I like to tell people that if they want to be strong, it's not enough to just exercise, but to eat healthy.","I like to tell people that if they want to be strong, it's not enough to just exercise, but to eat healthy.",,
2467,11,I always loved mathematics.,I always loved mathematics.,,
2468,3,"In the winter, I bought seeds so the birds would have something to eat.","In the winter, I bought seeds so the birds would have something to eat.",,
2469,5,I was going crazy because I could not hang out with anyone.,I was going crazy because I could not hang out with anyone.,,
2470,4,"I may be tired after every weekend, but at least I have a clean house.","I may be tired after every weekend, but at least I have a clean house.",,
2471,8,"In the past, I've been told that I was the epitome of strength because I had a muscular body.","In the past, I've been told that I was the epitome of strength because I had a muscular body.",,
2472,13,"As the supervisor, I fostered an inclusive environment.","As the supervisor, I fostered an inclusive environment.",,
2473,9,I persuaded the whole team to buy our product.,I persuaded the whole team to buy our product.,,
2474,12,I had to work hard because my family relied on the money I made.,I had to work hard because my family relied on the money I made.,,
2475,7,I felt good taking care of my looks.,I felt good taking care of my looks.,,
2476,7,"I love when I can wear a costume, it makes me feel very professional and sexy.","I love when I can wear a costume, it makes me feel very professional and sexy.",,
2477,8,"I liked extreme sports, I had no fear.","I liked extreme sports, I had no fear.",,
2478,3,"I cared for my father all the time while he was dying, it was difficult but I felt it was my responsibility to be there for him.","I cared for my father all the time while he was dying, it was difficult but I felt it was my responsibility to be there for him.",,
2479,13,"I encouraged participation and collaboration, ensuring that everyone's contributions were acknowledged and valued.","I encouraged participation and collaboration, ensuring that everyone's contributions were acknowledged and valued.",,
2480,16,I used to do 100 push ups every morning.,I used to do 100 push ups every morning.,,
2481,9,"I motivated my teammates, leading by example and driving us to victory.","I motivated my teammates, leading by example and driving us to victory.",,
2482,10,"As a financial analyst, I analysed market trends, evaluated investment opportunities, and presented data-driven recommendations to help clients make informed financial decisions.","As a financial analyst, I analysed market trends, evaluated investment opportunities, and presented data-driven recommendations to help clients make informed financial decisions.",,
2483,1,Once I stepped into the room I could feel the bad energy.,Once I stepped into the room I could feel the bad energy.,,
2484,1,"When I was sad, I would browse eshops and buy things I did not need, then proceed to return them when they arrived.","When I was sad, I would browse eshops and buy things I did not need, then proceed to return them when they arrived.",,
2485,13,"Nobody wanted to start that project, but I talked to them and they changed their minds.","Nobody wanted to start that project, but I talked to them and they changed their minds.",,
2486,5,"My partner didn't want to meet all those people, but I insisted.","My partner didn't want to meet all those people, but I insisted.",,
2487,2,"I followed the instructions and requests of authority figures without question or hesitation, even when they didn't align with my own beliefs or values.","I followed the instructions and requests of authority figures without question or hesitation, even when they didn't align with my own beliefs or values.",,
2488,6,I sprained my muscle trying to lift the carpet.,I sprained my muscle trying to lift the carpet.,,
2489,8,I felt adrenaline coursing through my veins.,I felt adrenaline coursing through my veins.,,
2490,12,"Their phone was really old, so I gave them a new one.","Their phone was really old, so I gave them a new one.",,
2491,10,"As a full professor at this university, I teach specialised subjects and attend a lot of international conferences.","As a full professor at this university, I teach specialised subjects and attend a lot of international conferences.",,
2492,3,"I volunteered at a local charity organization, dedicating my time and energy to help those in need.","I volunteered at a local charity organization, dedicating my time and energy to help those in need.",,
2493,16,"I pushed through the demanding workout, feeling the burn in my muscles as I embraced the physical challenge.","I pushed through the demanding workout, feeling the burn in my muscles as I embraced the physical challenge.",,
2494,13,I have always been a leadership type.,I have always been a leadership type.,,
2495,14,I mocked them for their insecurities.,I mocked them for their insecurities.,,
2496,16,I am persistent and can overcome even the toughest challenges.,I am persistent and can overcome even the toughest challenges.,,
2497,13,I was always the one that took the responsibility for the group.,I was always the one that took the responsibility for the group.,,
2498,14,They told me I didn't behave like an adult.,They told me I didn't behave like an adult.,,
2499,12,"They had to travel to come see our wedding, so I paid for their flight tickets.","They had to travel to come see our wedding, so I paid for their flight tickets.",,
2500,6,I'm not built for hard physical work.,I'm not built for hard physical work.,,
2501,12,I secured a prosperous future for myself and my family.,I secured a prosperous future for myself and my family.,,
2502,5,I loved talking to new people at the company event.,I loved talking to new people at the company event.,,
2503,16,I ran a marathon.,I ran a marathon.,,
2504,10,I'm the only one qualified for this job.,I'm the only one qualified for this job.,,
2505,7,At one point I was even considering modelling.,At one point I was even considering modelling.,,
2506,11,"I researched different transportation options, comparing costs, travel times, and convenience factors.","I researched different transportation options, comparing costs, travel times, and convenience factors.",,
2507,15,I made a tinder account just to find people to have sex with.,I made a tinder account just to find people to have sex with.,,
2508,2,"I was trying to talk to her, because I saw, that she was upset about something.","I was trying to talk to her, because I saw, that she was upset about something.",,
2509,13,I like to be in charge.,I like to be in charge.,,
2510,11,I am aware of my shortcomings and try to work on them.,I am aware of my shortcomings and try to work on them.,,
2511,3,I sought to understand their experiences and emotions.,I sought to understand their experiences and emotions.,,
2512,12,I decide all matters concerning the family myself.,I decide all matters concerning the family myself.,,
2513,15,I preferred unprotected sex when I was younger.,I preferred unprotected sex when I was younger.,,
2514,2,I never ignored any rules.,I never ignored any rules.,,
2515,9,"I didn't know why she was talking to me, did she even know who I was?","I didn't know why she was talking to me, did she even know who I was?",,
2516,1,"I like it when I have things under my control, otherwise, I go mad.","I like it when I have things under my control, otherwise, I go mad.",,
2517,3,Everyone was so exhausted so I offered to clean up.,Everyone was so exhausted so I offered to clean up.,,
2518,14,I didn't leave my room all weekend because I was playing computer games.,I didn't leave my room all weekend because I was playing computer games.,,
2519,11,I was good at analyzing situations objectively and coming up with practical solutions.,I was good at analyzing situations objectively and coming up with practical solutions.,,
2520,8,I wanted to kill the deer myself.,I wanted to kill the deer myself.,,
2521,12,I didn't spend enough time with my kids when they were little because I was at work all the time.,I didn't spend enough time with my kids when they were little because I was at work all the time.,,
2522,16,"I am strong, I can lift very heavy objects.","I am strong, I can lift very heavy objects.",,
2523,11,I wished they wouldn't talk about conspiracy theories.,I wished they wouldn't talk about conspiracy theories.,,
2524,7,I work out to look good.,I work out to look good.,,
2525,10,I studied at a prestigious university abroad.,I studied at a prestigious university abroad.,,
2526,10,I come to work always fully prepared.,I come to work always fully prepared.,,
2527,6,I overexerted myself.,I overexerted myself.,,
2528,7,I would not mind paying for plastic surgery.,I would not mind paying for plastic surgery.,,
2529,7,"Although I worked as a manager, they often attacked my appearance.","Although I worked as a manager, they often attacked my appearance.",,
2530,3,"Let me bake the pie, I insisted.","Let me bake the pie, I insisted.",,
2531,3,"They did not have their favourite ice cream, so I took the bus to the store outside of the town.","They did not have their favourite ice cream, so I took the bus to the store outside of the town.",,
2532,10,I mended the window easily.,I mended the window easily.,,
2533,9,I had a suit tailored to me.,I had a suit tailored to me.,,
2534,7,"Nobody cared that I was talented, everybody kept talking about my looks.","Nobody cared that I was talented, everybody kept talking about my looks.",,
2535,3,"I was trying so hard to be a good partner, but sometimes things didn't work out.","I was trying so hard to be a good partner, but sometimes things didn't work out.",,
2536,4,"I aired the room, because it smelled bad.","I aired the room, because it smelled bad.",,
2537,1,I always take two steps back after I see a black cat cross the street.,I always take two steps back after I see a black cat cross the street.,,
2538,15,I went to a sex show in Amsterdam.,I went to a sex show in Amsterdam.,,
2539,15,I was frustrated when I was unable to satisfy my sexual needs.,I was frustrated when I was unable to satisfy my sexual needs.,,
2540,1,I love to do things intuitively.,I love to do things intuitively.,,
2541,12,I have given my children the best I could.,I have given my children the best I could.,,
2542,13,I kept the discussions at work focused and productive.,I kept the discussions at work focused and productive.,,
2543,2,I never wanted to be in the center of attention.,I never wanted to be in the center of attention.,,
2544,7,I caught myself in the reflection of a storefront window and couldn't help but admire my own good looks.,I caught myself in the reflection of a storefront window and couldn't help but admire my own good looks.,,
2545,2,"I hated how rude they were, but I didn't say anything.","I hated how rude they were, but I didn't say anything.",,
2546,7,I spent an hour trying to take a perfect selfie.,I spent an hour trying to take a perfect selfie.,,
2547,4,I should clean my office.,I should clean my office.,,
2548,1,"When I was young, I was emotional too.","When I was young, I was emotional too.",,
2549,15,I'm always ready to have sex.,I'm always ready to have sex.,,
2550,16,"I told them not to bring the scissors, because I could easily rip it off.","I told them not to bring the scissors, because I could easily rip it off.",,
2551,6,"I participated in a sprint race, but my legs grew weak towards the end.","I participated in a sprint race, but my legs grew weak towards the end.",,
2552,5,I asked them if I could come along.,I asked them if I could come along.,,
2553,5,I would like to have a big family in the future so that we always have a full and noisy house.,I would like to have a big family in the future so that we always have a full and noisy house.,,
2554,13,I was the youngest CEO in the history of the company.,I was the youngest CEO in the history of the company.,,
2555,6,I thought this was beyond my physical abilities.,I thought this was beyond my physical abilities.,,
2556,7,I'm good at combining colours and patterns on clothes.,I'm good at combining colours and patterns on clothes.,,
2557,11,I used a budgeting app to track my expenses.,I used a budgeting app to track my expenses.,,
2558,6,"I wanted to dig up the treasure, but I needed more people.","I wanted to dig up the treasure, but I needed more people.",,
2559,12,I invited my colleague for lunch.,I invited my colleague for lunch.,,
2560,15,I like to experiment in bed.,I like to experiment in bed.,,
2561,9,I was assertive and it paid off.,I was assertive and it paid off.,,
2562,1,I used to manifest every day so that good things would happen to me.,I used to manifest every day so that good things would happen to me.,,
2563,13,I feel confident most of the time so it came naturally to me to be a leader.,I feel confident most of the time so it came naturally to me to be a leader.,,
2564,2,"I preferred to dress in neutral colours, so I didn't stand out from the crowd.","I preferred to dress in neutral colours, so I didn't stand out from the crowd.",,
2565,14,I had a huge Marvel poster in my room.,I had a huge Marvel poster in my room.,,
2566,9,"I tried to radiate confidence and charisma on a banquet last week, did you notice?","I tried to radiate confidence and charisma on a banquet last week, did you notice?",,
2567,10,I'm no beginner to being annoyed because of little things like that.,I'm no beginner to being annoyed because of little things like that.,,
2568,5,"I volunteered at a local fundraising event, interacting with attendees.","I volunteered at a local fundraising event, interacting with attendees.",,
2569,8,"I don't keep my money in a safe, because robbers don't scare me.","I don't keep my money in a safe, because robbers don't scare me.",,
2570,4,"I could never have a pet, they are just too dirty.","I could never have a pet, they are just too dirty.",,
2571,1,I cried myself to sleep.,I cried myself to sleep.,,
2572,4,I spent a lot of money on cosmetics.,I spent a lot of money on cosmetics.,,
2573,13,I was keen to avoid any mistakes in the production process.,I was keen to avoid any mistakes in the production process.,,
2574,1,"When I didn't get what I wanted, I was angry.","When I didn't get what I wanted, I was angry.",,
2575,8,"I had to take that opportunity, even if there was a risk of losing money.","I had to take that opportunity, even if there was a risk of losing money.",,
2576,9,I was never camera-shy.,I was never camera-shy.,,
2577,15,"I didn't want them, because they were prudish.","I didn't want them, because they were prudish.",,
2578,16,I went bushcrafting into the forest and spent 4 nights there.,I went bushcrafting into the forest and spent 4 nights there.,,
2579,2,"I'm afraid that if I am more assertive, people will think me unkind.","I'm afraid that if I am more assertive, people will think me unkind.",,
2580,1,I get sad whenever I have to leave the house and leave the dog alone.,I get sad whenever I have to leave the house and leave the dog alone.,,
2581,11,I realised that in critical situations one has to think that every problem has a solution.,I realised that in critical situations one has to think that every problem has a solution.,,
2582,11,I trusted the scientific report.,I trusted the scientific report.,,
2583,13,"I led volunteering teams, coordinating efforts and motivating others to join in.","I led volunteering teams, coordinating efforts and motivating others to join in.",,
2584,3,I took care of their pets so they could have a nice weekend.,I took care of their pets so they could have a nice weekend.,,
2585,15,Am I tender enough?,Am I tender enough?,,
2586,12,I am the breadwinner of this family.,I am the breadwinner of this family.,,
2587,14,I am still mad that our team lost.,I am still mad that our team lost.,,
2588,2,I like to create a harmonious environment for my family.,I like to create a harmonious environment for my family.,,
2589,13,They came to me and told me I inspired them to take steps for their future careers.,They came to me and told me I inspired them to take steps for their future careers.,,
2590,11,I have never taken the words of angry people personally.,I have never taken the words of angry people personally.,,
2591,16,The roar of the engine filled the air as I maneuvered the powerful motorcycle through the winding roads.,The roar of the engine filled the air as I maneuvered the powerful motorcycle through the winding roads.,,
2592,3,I took the children to the football match.,I took the children to the football match.,,
2593,12,"I decided that even though I was working a lot, I would try to spend as much time as possible with my son.","I decided that even though I was working a lot, I would try to spend as much time as possible with my son.",,
2594,10,I showed diligence in my commitment to self-improvement and a willingness to learn from others.,I showed diligence in my commitment to self-improvement and a willingness to learn from others.,,
2595,13,I was the class president.,I was the class president.,,
2596,5,I joined a local community organization and actively participated in their events.,I joined a local community organization and actively participated in their events.,,
2597,16,"Breaking through concrete and bricks, I embraced the rough physicality of the demolition job.","Breaking through concrete and bricks, I embraced the rough physicality of the demolition job.",,
2598,8,They were fighting so I came there and told them to stop.,They were fighting so I came there and told them to stop.,,
2599,13,"As a role model for integrity and accountability, I inspired those around me to do the same.","As a role model for integrity and accountability, I inspired those around me to do the same.",,
2600,5,I had a big wedding with many guests.,I had a big wedding with many guests.,,
2601,2,I let them take advantage of my kindness.,I let them take advantage of my kindness.,,
2602,15,I always said that sex is very important for me.,I always said that sex is very important for me.,,
2603,3,I have deep and meaningful connections with others because I can be empathetic.,I have deep and meaningful connections with others because I can be empathetic.,,
2604,12,"If I didn't earn enough, my family wouldn't have anything to eat.","If I didn't earn enough, my family wouldn't have anything to eat.",,
2605,2,"When I was at university, I preferred to sit in the corner, where nobody could notice me.","When I was at university, I preferred to sit in the corner, where nobody could notice me.",,
2606,8,"I broke my arm, but I finished the marathon.","I broke my arm, but I finished the marathon.",,
2607,12,I earned enough money for us to go to Malta.,I earned enough money for us to go to Malta.,,
2608,13,I try to be an inspiring and motivating boss.,I try to be an inspiring and motivating boss.,,
2609,2,"I avoided expressing my true emotions or concerns, fearing that it would upset or displease others.","I avoided expressing my true emotions or concerns, fearing that it would upset or displease others.",,
2610,15,I paid for another porn channel.,I paid for another porn channel.,,
2611,11,I approached challenges with a clear and rational mindset.,I approached challenges with a clear and rational mindset.,,
2612,13,I told them to follow me.,I told them to follow me.,,
2613,3,"I put myself in the shoes of a coworker who made a mistake, offering understanding and encouragement instead of criticism or judgment.","I put myself in the shoes of a coworker who made a mistake, offering understanding and encouragement instead of criticism or judgment.",,
2614,1,I couldn't control my frustration.,I couldn't control my frustration.,,
2615,6,"I tried to solve a complex math problem, but my mathematical skills were weak.","I tried to solve a complex math problem, but my mathematical skills were weak.",,
2616,7,I am very attractive.,I am very attractive.,,
2617,8,"For my birthday, I asked to go skydiving.","For my birthday, I asked to go skydiving.",,
2618,3,I have always felt that childcare was my life goal.,I have always felt that childcare was my life goal.,,
2619,11,I didn't need your support.,I didn't need your support.,,
2620,7,Why did I have to get old?!,Why did I have to get old?!,,
2621,5,"I wished the gig would never end, there were so many nice people everywhere.","I wished the gig would never end, there were so many nice people everywhere.",,
2622,15,"I didn't like our sex, but I didn't say anything.","I didn't like our sex, but I didn't say anything.",,
2623,6,It was hard for me to admit that I needed a hand.,It was hard for me to admit that I needed a hand.,,
2624,16,"With each punch thrown and block executed, I could feel the power surging through me.","With each punch thrown and block executed, I could feel the power surging through me.",,
2625,3,I offered accommodation to two refugees.,I offered accommodation to two refugees.,,
2626,4,I would feel incompetent if I paid a cleaning lady.,I would feel incompetent if I paid a cleaning lady.,,
2627,2,I would never allow myself to offend anyone.,I would never allow myself to offend anyone.,,
2628,1,"I had this weird feeling, so I called my parents right away to see if they were okay.","I had this weird feeling, so I called my parents right away to see if they were okay.",,
2629,1,I could not wrap my head around this hard mathematical problem.,I could not wrap my head around this hard mathematical problem.,,
2630,3,I don't like when the meal I prepared is tasteless.,I don't like when the meal I prepared is tasteless.,,
2631,12,"I didn't want us to sign a prenup, because I'd take care of my partner even after a divorce.","I didn't want us to sign a prenup, because I'd take care of my partner even after a divorce.",,
2632,16,I made some extra money as a personal trainer.,I made some extra money as a personal trainer.,,
2633,4,I cleaned the house yesterday and now it's a mess again.,I cleaned the house yesterday and now it's a mess again.,,
2634,6,I am tired after walking for ten minutes.,I am tired after walking for ten minutes.,,
2635,16,I stopped the pickpocket and held him until the police came.,I stopped the pickpocket and held him until the police came.,,
2636,2,"If I had been there, the atmosphere would have been better.","If I had been there, the atmosphere would have been better.",,
2637,12,I didn't need your financial help!,I didn't need your financial help!,,
2638,2,"I should be thoughtful, because that's what's expected of me.","I should be thoughtful, because that's what's expected of me.",,
2639,7,"Sorry, I could have come but I was having a really bad hair day.","Sorry, I could have come but I was having a really bad hair day.",,
2640,2,I have a habit of going along with what other people want.,I have a habit of going along with what other people want.,,
2641,14,I'd rather have everything right away.,I'd rather have everything right away.,,
2642,16,I was always first picked when playing any sports back in high school.,I was always first picked when playing any sports back in high school.,,
2643,13,I was aware that bad leadership leads to bad results.,I was aware that bad leadership leads to bad results.,,
2644,8,I could lift that car if I wanted to.,I could lift that car if I wanted to.,,
2645,6,"When I was little, I wanted to be an athlete, but my parents signed me up for ballet instead.","When I was little, I wanted to be an athlete, but my parents signed me up for ballet instead.",,
2646,5,On the way home I talked to an elderly lady on the train.,On the way home I talked to an elderly lady on the train.,,
2647,15,I was proud of being a good kisser.,I was proud of being a good kisser.,,
2648,9,Despite the criticism I thought I did well.,Despite the criticism I thought I did well.,,
2649,14,I could not cook because it was my mother's job.,I could not cook because it was my mother's job.,,
2650,10,"As a pilot, I ensured the safety of passengers and crew by adhering to rigorous protocols.","As a pilot, I ensured the safety of passengers and crew by adhering to rigorous protocols.",,
2651,6,"I couldn't keep up with the intense workout routine, my body feeling weak and exhausted from the exertion.","I couldn't keep up with the intense workout routine, my body feeling weak and exhausted from the exertion.",,
2652,3,I was raised to know how to take care of others.,I was raised to know how to take care of others.,,
2653,16,"Since I've been doing this sport, I'm much more balanced.","Since I've been doing this sport, I'm much more balanced.",,
2654,1,My mind was set - I got married despite everyone being against it.,My mind was set - I got married despite everyone being against it.,,
2655,11,I filtered out all the distractions.,I filtered out all the distractions.,,
2656,4,I was the first one at the library.,I was the first one at the library.,,
2657,5,I like to throw parties for my kids because we always have a house full of people.,I like to throw parties for my kids because we always have a house full of people.,,
2658,11,I remained composed although the situation escalated.,I remained composed although the situation escalated.,,
2659,10,I'm an expert in my field.,I'm an expert in my field.,,
2660,15,"I had enough romance, I wanted something more intimate.","I had enough romance, I wanted something more intimate.",,
2661,9,I could easily seduce you at the bar.,I could easily seduce you at the bar.,,
2662,12,"I came up with a deal: if you vacuum, I'll take you out tonight.","I came up with a deal: if you vacuum, I'll take you out tonight.",,
2663,13,I am able to see the big picture of where the organisation is heading.,I am able to see the big picture of where the organisation is heading.,,
2664,7,Finally the beauty catalogue that I ordered has arrived.,Finally the beauty catalogue that I ordered has arrived.,,
2665,5,"I invited strangers to our table, and it made a very good group of people.","I invited strangers to our table, and it made a very good group of people.",,
2666,15,I was just protecting you from other people at that club.,I was just protecting you from other people at that club.,,
2667,13,I divided the tasks equally among all the team members.,I divided the tasks equally among all the team members.,,
2668,2,I like to just smile at someone because I believe it will make their day better.,I like to just smile at someone because I believe it will make their day better.,,
2669,16,"As I effortlessly lifted the heavy box, the surprised expressions on others' faces made me smile.","As I effortlessly lifted the heavy box, the surprised expressions on others' faces made me smile.",,
2670,8,"The storm raged on, but I stood strong on the deck of the ship.","The storm raged on, but I stood strong on the deck of the ship.",,
2671,2,I would never be able to cheat.,I would never be able to cheat.,,
2672,11,I first weighted all the possible scenarios.,I first weighted all the possible scenarios.,,
2673,7,I like to read fashion magazines.,I like to read fashion magazines.,,
2674,5,I could strike up a conversation with almost everybody that evening.,I could strike up a conversation with almost everybody that evening.,,
2675,9,I have worked hard to get to where I am today.,I have worked hard to get to where I am today.,,
2676,5,"I have never been a loner, I prefer to be surrounded by people.","I have never been a loner, I prefer to be surrounded by people.",,
2677,9,"Every step reflected the confidence I held within, captivating the onlookers with my magnetic presence.","Every step reflected the confidence I held within, captivating the onlookers with my magnetic presence.",,
2678,6,"I was initially a suspect, but the police determined I was not strong enough to hurt them.","I was initially a suspect, but the police determined I was not strong enough to hurt them.",,
2679,15,I struggled to strike a balance between my sexual desires and other important aspects of life.,I struggled to strike a balance between my sexual desires and other important aspects of life.,,
2680,2,I hoped I had been a pleasant companion.,I hoped I had been a pleasant companion.,,
2681,8,I learned how to drive before I was even allowed to.,I learned how to drive before I was even allowed to.,,
2682,10,I was just in a meeting.,I was just in a meeting.,,
2683,10,I never stressed about work responsibilities because I knew that I could handle anything.,I never stressed about work responsibilities because I knew that I could handle anything.,,
2684,1,I always liked dancing.,I always liked dancing.,,
2685,3,I went to walk the dogs from the shelter.,I went to walk the dogs from the shelter.,,
2686,3,I feel fulfilled when I can take care of everybody in the house.,I feel fulfilled when I can take care of everybody in the house.,,
2687,11,I read a book about self-improvement yesterday.,I read a book about self-improvement yesterday.,,
2688,6,I haven't carried cash with me since I was robbed.,I haven't carried cash with me since I was robbed.,,
2689,7,I used to enjoy being able to simply use my smile to achieve things.,I used to enjoy being able to simply use my smile to achieve things.,,
2690,10,I'm very competitive when it comes to promotions and performance in the workplace.,I'm very competitive when it comes to promotions and performance in the workplace.,,
2691,1,I slammed the door after the argument.,I slammed the door after the argument.,,
2692,14,I like extreme sports even though they are really dangerous.,I like extreme sports even though they are really dangerous.,,
2693,11,I ordered them to stop praying and start helping.,I ordered them to stop praying and start helping.,,
2694,5,I never had a problem with learning a new language.,I never had a problem with learning a new language.,,
2695,1,I got overwhelmed with sadness.,I got overwhelmed with sadness.,,
2696,1,I felt it in my gut.,I felt it in my gut.,,
2697,16,"I had to carry the logs all on my own, but it was fine.","I had to carry the logs all on my own, but it was fine.",,
2698,8,"When the tsunami came, I volunteered to save people from drowning.","When the tsunami came, I volunteered to save people from drowning.",,
2699,4,I used to clean the house every Saturday.,I used to clean the house every Saturday.,,
2700,16,"Since I've been eating more protein, I feel much stronger.","Since I've been eating more protein, I feel much stronger.",,
2701,13,I am able to compete with anyone.,I am able to compete with anyone.,,
2702,12,I had to work even over Christmas to earn as much money as possible.,I had to work even over Christmas to earn as much money as possible.,,
2703,9,I thought that confidence is the key aspect of having a healthy and successful life.,I thought that confidence is the key aspect of having a healthy and successful life.,,
2704,7,I was the first one at the clothing store.,I was the first one at the clothing store.,,
2705,7,"Some people hate accessories, but I like wearing them.","Some people hate accessories, but I like wearing them.",,
2706,4,"I went to buy new sponges, these were too dirty.","I went to buy new sponges, these were too dirty.",,
2707,7,I found a nice picture of myself easily.,I found a nice picture of myself easily.,,
2708,1,I overreacted.,I overreacted.,,
2709,3,I took the time to understand and acknowledge the emotions of a colleague who was going through a difficult time.,I took the time to understand and acknowledge the emotions of a colleague who was going through a difficult time.,,
2710,3,"I always wanted to be a researcher, but I wouldn't have time to take care of my family.","I always wanted to be a researcher, but I wouldn't have time to take care of my family.",,
2711,10,I never let my family affect my profession.,I never let my family affect my profession.,,
2712,1,I decided to change my plans for no reason.,I decided to change my plans for no reason.,,
2713,4,I reviewed the paper three times until there were no typos.,I reviewed the paper three times until there were no typos.,,
2714,11,I wanted to discuss the current political situation with you.,I wanted to discuss the current political situation with you.,,
2715,10,I didn't like losing time and started working immediately.,I didn't like losing time and started working immediately.,,
2716,3,I have never left home without making sure that everybody has something to eat first.,I have never left home without making sure that everybody has something to eat first.,,
2717,15,I never thought we could only stay friends.,I never thought we could only stay friends.,,
2718,12,I didn't like when my partner earned more than me.,I didn't like when my partner earned more than me.,,
2719,16,"I hauled heavy loads, it was my job and I liked it.","I hauled heavy loads, it was my job and I liked it.",,
2720,8,"I liked hiking in harsh weather when I was younger, then I got frostbite and lost my toe.","I liked hiking in harsh weather when I was younger, then I got frostbite and lost my toe.",,
2721,1,"I knew they had something against me, although I had no proof.","I knew they had something against me, although I had no proof.",,
2722,13,I didn't accept any position but that of a boss.,I didn't accept any position but that of a boss.,,
2723,6,"I lost my job and the reason was that I couldn't handle stress, but I can.","I lost my job and the reason was that I couldn't handle stress, but I can.",,
2724,6,"If I had to choose between working the body or working the mind, I'd choose the mind.","If I had to choose between working the body or working the mind, I'd choose the mind.",,
2725,10,I worked hard to maintain my position.,I worked hard to maintain my position.,,
2726,9,"I had no doubts, I was certain that they liked me.","I had no doubts, I was certain that they liked me.",,
2727,10,I would never come to work drunk.,I would never come to work drunk.,,
2728,11,I took some days to think over the offer.,I took some days to think over the offer.,,
2729,7,I could never leave the airport without first checking all the fragrances first.,I could never leave the airport without first checking all the fragrances first.,,
2730,8,I always protected my relatives no matter what.,I always protected my relatives no matter what.,,
2731,13,I think my co-worker is an excellent leader.,I think my co-worker is an excellent leader.,,
2732,5,I like to talk so much that I do it with animals too.,I like to talk so much that I do it with animals too.,,
2733,15,I had an STD test done.,I had an STD test done.,,
2734,12,"I wanted my kids to go to prestigious universities, so I paid for tutoring.","I wanted my kids to go to prestigious universities, so I paid for tutoring.",,
2735,14,I could not concentrate and had to constantly play with something because the job was boring.,I could not concentrate and had to constantly play with something because the job was boring.,,
2736,16,"Sweat dripped down my forehead as I gripped the heavy barbell, preparing for another intense set.","Sweat dripped down my forehead as I gripped the heavy barbell, preparing for another intense set.",,
2737,7,I feel social pressure to look beautiful.,I feel social pressure to look beautiful.,,
2738,10,I was promoted because I have good communication skills.,I was promoted because I have good communication skills.,,
2739,15,I joined a university study because they were looking for sexually active people.,I joined a university study because they were looking for sexually active people.,,
2740,6,There were just too many obstacles so I had to give up.,There were just too many obstacles so I had to give up.,,
2741,14,"To avoid having to wash dishes, I bought a plastic one.","To avoid having to wash dishes, I bought a plastic one.",,
2742,7,I got approached by some model agency.,I got approached by some model agency.,,
2743,3,I pitied the beggar and gave him money.,I pitied the beggar and gave him money.,,
2744,10,I always felt driven by leader positions.,I always felt driven by leader positions.,,
2745,10,I always did something extra although my job didn't require it.,I always did something extra although my job didn't require it.,,
2746,1,I wish I could think more rationally.,I wish I could think more rationally.,,
2747,3,"When it came to tears, my heart softened and I accepted the apology.","When it came to tears, my heart softened and I accepted the apology.",,
2748,3,"I was asked to take care of my neighbour, and I obliged.","I was asked to take care of my neighbour, and I obliged.",,
2749,16,I always like physical jobs.,I always like physical jobs.,,
2750,2,"Even though they were acting rude, I was trying to be as polite as I could.","Even though they were acting rude, I was trying to be as polite as I could.",,
2751,11,I considered different viewpoints and engaged in rational dialogue to reach a collective decision.,I considered different viewpoints and engaged in rational dialogue to reach a collective decision.,,
2752,16,I plowed the entire field.,I plowed the entire field.,,
2753,14,I like to build sand castles at the beach.,I like to build sand castles at the beach.,,
2754,6,"I know it hurts, but you should pull yourself together.","I know it hurts, but you should pull yourself together.",,
2755,6,I had trouble keeping up with the pace of a fitness class.,I had trouble keeping up with the pace of a fitness class.,,
2756,1,"I allowed my anxiety to control my actions, avoiding certain situations.","I allowed my anxiety to control my actions, avoiding certain situations.",,
2757,4,We didn't need a cleaning lady because I liked to be in charge of cleaning the house.,We didn't need a cleaning lady because I liked to be in charge of cleaning the house.,,
2758,12,I would be happier if my partner stayed at home and raised the children.,I would be happier if my partner stayed at home and raised the children.,,
2759,11,I never considered going to therapy.,I never considered going to therapy.,,
2760,3,I actively engaged with a team member who was experiencing difficulty at work.,I actively engaged with a team member who was experiencing difficulty at work.,,
2761,7,I felt really good looking in all the new clothes.,I felt really good looking in all the new clothes.,,
2762,6,I couldn't donate blood because I didn't meet the minimum weight requirement.,I couldn't donate blood because I didn't meet the minimum weight requirement.,,
2763,3,I like to take care of our pets.,I like to take care of our pets.,,
2764,15,Last night I turned into a beast.,Last night I turned into a beast.,,
2765,6,"I had to cancel the neighbourhood barbeque because nobody helped me with cleaning the grill, and I could not do it on my own.","I had to cancel the neighbourhood barbeque because nobody helped me with cleaning the grill, and I could not do it on my own.",,
2766,10,I am the manager of this bank.,I am the manager of this bank.,,
2767,2,I frequently sought reassurance and validation from others.,I frequently sought reassurance and validation from others.,,
2768,16,I assembled the furniture on my own.,I assembled the furniture on my own.,,
2769,1,I made the same mistake despite the obvious signs.,I made the same mistake despite the obvious signs.,,
2770,11,I hated art subjects at school.,I hated art subjects at school.,,
2771,15,I insisted on having sex.,I insisted on having sex.,,
2772,9,I'm aware of my qualities.,I'm aware of my qualities.,,
2773,15,I wanted to kiss them both.,I wanted to kiss them both.,,
2774,11,I calmly handled a difficult customer.,I calmly handled a difficult customer.,,
2775,16,I had no problem with climbing that hill.,I had no problem with climbing that hill.,,
2776,7,I would prefer not to eat than to wear something ugly.,I would prefer not to eat than to wear something ugly.,,
2777,4,I established a cleaning routine and adhered to it.,I established a cleaning routine and adhered to it.,,
2778,3,I offered to help the new neighbours the paperwork.,I offered to help the new neighbours the paperwork.,,
2779,2,I could never stand up for myself.,I could never stand up for myself.,,
2780,8,I did it even though it was risky.,I did it even though it was risky.,,
2781,6,I couldn't do it with my bare hands.,I couldn't do it with my bare hands.,,
2782,10,"As a pharmacist, I ensured compliance with regulatory guidelines.","As a pharmacist, I ensured compliance with regulatory guidelines.",,
2783,5,I love team sports so I was really sad that I could not join the volleyball team.,I love team sports so I was really sad that I could not join the volleyball team.,,
2784,14,I don't like to read books because they're boring.,I don't like to read books because they're boring.,,
2785,1,I could not hold back the tears.,I could not hold back the tears.,,
2786,13,"I delegated tasks effectively, matching the skills and strengths of my team members with the right responsibilities.","I delegated tasks effectively, matching the skills and strengths of my team members with the right responsibilities.",,
2787,14,I like to have the best mobile on the market.,I like to have the best mobile on the market.,,
2788,4,"I regularly sanitized frequently touched surfaces in my home, such as doorknobs and light switches.","I regularly sanitized frequently touched surfaces in my home, such as doorknobs and light switches.",,
2789,15,I always thought that it was healthy to have multiple partners.,I always thought that it was healthy to have multiple partners.,,
2790,11,I'm not very good at showing my emotions.,I'm not very good at showing my emotions.,,
2791,13,I was looking out for my employees even though I was on holiday.,I was looking out for my employees even though I was on holiday.,,
2792,6,I needed someone to talk to because it was too much.,I needed someone to talk to because it was too much.,,
2793,8,I had a lot of experience with various drugs.,I had a lot of experience with various drugs.,,
2794,3,I like to spend time with children because they have great ideas and opinions.,I like to spend time with children because they have great ideas and opinions.,,
2795,7,I changed my hair color according to the latest fashion.,I changed my hair color according to the latest fashion.,,
2796,16,I carried it up the stairs myself.,I carried it up the stairs myself.,,
2797,1,They commented on my outfit and I had to do my best not to scold them.,They commented on my outfit and I had to do my best not to scold them.,,
2798,10,"In a business meeting, I actively listened to my colleagues and responded to their proposals with relevant comments.","In a business meeting, I actively listened to my colleagues and responded to their proposals with relevant comments.",,
2799,8,I did not need to ask for help.,I did not need to ask for help.,,
2800,1,I performed a series of rituals before an important event.,I performed a series of rituals before an important event.,,
2801,4,I resolved to brush my dog at least three times a week so he wouldn't shed as much.,I resolved to brush my dog at least three times a week so he wouldn't shed as much.,,
2802,10,"As a journalist, I conducted thorough interviews, verified facts, and crafted compelling stories.","As a journalist, I conducted thorough interviews, verified facts, and crafted compelling stories.",,
2803,7,I thought about starting my own vlog about fashion.,I thought about starting my own vlog about fashion.,,
2804,2,When the deadline was approaching I just decided to share my answers with them.,When the deadline was approaching I just decided to share my answers with them.,,
2805,5,I couldn't stand being cooped up at home for another day.,I couldn't stand being cooped up at home for another day.,,
2806,12,I increased my earning potential to provide better financial support for my family.,I increased my earning potential to provide better financial support for my family.,,
2807,14,"If I had known how boring university was, I would never have gone to it.","If I had known how boring university was, I would never have gone to it.",,
2808,5,I was with my friend who couldn't stop talking.,I was with my friend who couldn't stop talking.,,
2809,16,"When the building was in flames, I carried buckets of water all night.","When the building was in flames, I carried buckets of water all night.",,
2810,8,I bought a new motorbike that is even more powerful than the last one.,I bought a new motorbike that is even more powerful than the last one.,,
2811,10,I never stopped learning.,I never stopped learning.,,
2812,1,"We were arguing over the messages, so I threw my phone on the ground in anger and it shattered all over.","We were arguing over the messages, so I threw my phone on the ground in anger and it shattered all over.",,
2813,9,I was speeding in my new Mercedes.,I was speeding in my new Mercedes.,,
2814,1,"We had a fight, so I packed up all my stuff and left.","We had a fight, so I packed up all my stuff and left.",,
2815,1,"I burst into tears at work after receiving a slightly critical email, even though I knew it was an overreaction and not worth getting so upset about.","I burst into tears at work after receiving a slightly critical email, even though I knew it was an overreaction and not worth getting so upset about.",,
2816,4,I washed my hair so often I ruined it all over.,I washed my hair so often I ruined it all over.,,
2817,7,I followed a lot of beauty influencers on social media.,I followed a lot of beauty influencers on social media.,,
2818,7,I like to wear something that highlights my decolettage.,I like to wear something that highlights my decolettage.,,
2819,2,I never thought I'd be the one to turn him in to the police.,I never thought I'd be the one to turn him in to the police.,,
2820,14,I went to see the new Lego movie and I think I was the only adult in the whole cinema.,I went to see the new Lego movie and I think I was the only adult in the whole cinema.,,
2821,16,"I didn't want to get into a fight, but someone had to show them where their place was.","I didn't want to get into a fight, but someone had to show them where their place was.",,
2822,11,I assessed the risk and decided it was not worth it.,I assessed the risk and decided it was not worth it.,,
2823,6,"I don't want to go with you if you're driving, you are a horrible driver.","I don't want to go with you if you're driving, you are a horrible driver.",,
2824,8,I think I could fight off a bear if I met one in the forest.,I think I could fight off a bear if I met one in the forest.,,
2825,3,"Out of every paycheck, I chose to send a portion of the money to someone because they need it more than I do.","Out of every paycheck, I chose to send a portion of the money to someone because they need it more than I do.",,
2826,13,I was enjoying leading others.,I was enjoying leading others.,,
2827,9,"I knew you said that you didn't want my help, but I was convinced that you can't do it alone.","I knew you said that you didn't want my help, but I was convinced that you can't do it alone.",,
2828,10,I gave a keynote speech at a conference.,I gave a keynote speech at a conference.,,
2829,10,I like to make a good first impression.,I like to make a good first impression.,,
2830,11,I have never cared about what others think.,I have never cared about what others think.,,
2831,12,I took on an extra shift.,I took on an extra shift.,,
2832,2,I like to go for walks in the park and listen to the birds.,I like to go for walks in the park and listen to the birds.,,
2833,3,I ironed the clothes for my partner.,I ironed the clothes for my partner.,,
2834,4,I spent the whole night baking this cake.,I spent the whole night baking this cake.,,
2835,3,I consulted the teacher about our children's grades.,I consulted the teacher about our children's grades.,,
2836,13,I was always leading by example.,I was always leading by example.,,
2837,2,"I wondered how long this meeting would last, but I kept silent.","I wondered how long this meeting would last, but I kept silent.",,
2838,14,I did not take the medicine the doctor recommended.,I did not take the medicine the doctor recommended.,,
2839,9,I always knew that you'd be mine.,I always knew that you'd be mine.,,
2840,12,I sold items we no longer needed to contribute to paying off family debts.,I sold items we no longer needed to contribute to paying off family debts.,,
2841,2,"I saw a very cute cat video, they were just like me.","I saw a very cute cat video, they were just like me.",,
2842,15,I want to have as much fun with others as possible while I'm young.,I want to have as much fun with others as possible while I'm young.,,
2843,14,I didn't take their worries seriously.,I didn't take their worries seriously.,,
2844,12,I never expected anyone to pay my bills.,I never expected anyone to pay my bills.,,
2845,1,I gave them money to feel better.,I gave them money to feel better.,,
2846,8,I strapped on my hiking boots and embarked on a challenging trek.,I strapped on my hiking boots and embarked on a challenging trek.,,
2847,16,"As I navigated the challenging obstacle course, I pushed my body to the limits.","As I navigated the challenging obstacle course, I pushed my body to the limits.",,
2848,4,"I could never go to a public toilet, they are full of bacteria.","I could never go to a public toilet, they are full of bacteria.",,
2849,4,I meticulously reviewed and revised my work.,I meticulously reviewed and revised my work.,,
2850,10,I organised a workshop for all the stakeholders.,I organised a workshop for all the stakeholders.,,
2851,6,"I attempted to swim long distances, but my endurance was weak.","I attempted to swim long distances, but my endurance was weak.",,
2852,10,I have recently completed important and challenging research.,I have recently completed important and challenging research.,,
2853,9,"I knew best what I could and could not do, you didn't have to tell me.","I knew best what I could and could not do, you didn't have to tell me.",,
2854,16,I picked up the steel frames.,I picked up the steel frames.,,
2855,10,I did not talk back to them.,I did not talk back to them.,,
2856,12,I took an extra shift this week.,I took an extra shift this week.,,
2857,5,I was afraid of staying alone.,I was afraid of staying alone.,,
2858,10,"As a psychologist, I developed personalized treatment plans to address mental health concerns.","As a psychologist, I developed personalized treatment plans to address mental health concerns.",,
2859,4,I worked extra hard to be able to afford this massage appointment.,I worked extra hard to be able to afford this massage appointment.,,
2860,11,I like to discuss with people who have different opinions.,I like to discuss with people who have different opinions.,,
2861,8,I've built such a reputation that people are afraid to even look at me.,I've built such a reputation that people are afraid to even look at me.,,
2862,10,"I wanted to make a counter-offer, but that would be a low blow.","I wanted to make a counter-offer, but that would be a low blow.",,
2863,10,"As a project manager, I organized team meetings, allocated resources efficiently, and ensured clear communication channels to meet project deadlines successfully.","As a project manager, I organized team meetings, allocated resources efficiently, and ensured clear communication channels to meet project deadlines successfully.",,
2864,14,I'm the funny one in our family.,I'm the funny one in our family.,,
2865,13,"In my position, it is crucial that I am able to detect and prevent threats early on.","In my position, it is crucial that I am able to detect and prevent threats early on.",,
2866,6,"I tried to do a push-up, but my arms gave out.","I tried to do a push-up, but my arms gave out.",,
2867,11,I always kept my privacy so people couldn't hurt me in any way.,I always kept my privacy so people couldn't hurt me in any way.,,
2868,14,"I was immature even after I graduated, I was still acting like a selfish kid.","I was immature even after I graduated, I was still acting like a selfish kid.",,
2869,10,I am experienced enough to be able to prioritise effectively.,I am experienced enough to be able to prioritise effectively.,,
2870,3,I was aware of how they felt.,I was aware of how they felt.,,
2871,15,"In my private life, I have never encountered rejection.","In my private life, I have never encountered rejection.",,
2872,13,I decided on the direction of the company.,I decided on the direction of the company.,,
2873,4,I focused on maintaining a clean and neat appearance.,I focused on maintaining a clean and neat appearance.,,
2874,14,I like spending time with my kids by jumping around and acting foolish.,I like spending time with my kids by jumping around and acting foolish.,,
2875,14,I didn't take any responsibility.,I didn't take any responsibility.,,
2876,14,I mocked their appearance.,I mocked their appearance.,,
2877,7,"I possessed an undeniable allure that captivated others, drawing their attention and admiration.","I possessed an undeniable allure that captivated others, drawing their attention and admiration.",,
2878,3,"I volunteered at a local food bank, engaging with individuals facing food insecurity.","I volunteered at a local food bank, engaging with individuals facing food insecurity.",,
2879,3,I like to make dinner for my family.,I like to make dinner for my family.,,
2880,9,"Hold my beer, I could do it better than you.","Hold my beer, I could do it better than you.",,
2881,14,I didn't take my responsibilities so seriously.,I didn't take my responsibilities so seriously.,,
2882,15,I like kinky people.,I like kinky people.,,
2883,8,I always could do anything that I told myself.,I always could do anything that I told myself.,,
2884,7,I bought that perfume I saw in the ad.,I bought that perfume I saw in the ad.,,
2885,3,I met an elderly gentleman for whom I do grocery shopping every Monday.,I met an elderly gentleman for whom I do grocery shopping every Monday.,,
2886,5,I couldn't wait till Friday because that's a party day.,I couldn't wait till Friday because that's a party day.,,
2887,5,I called the neighbours over for a barbecue.,I called the neighbours over for a barbecue.,,
2888,7,I wouldn't go out if I didn't know how I looked.,I wouldn't go out if I didn't know how I looked.,,
2889,5,I feel the happiest when hosting a party.,I feel the happiest when hosting a party.,,
2890,1,I could not handle all the algebra rules.,I could not handle all the algebra rules.,,
2891,5,I attended a community workshop and participated in the discussion.,I attended a community workshop and participated in the discussion.,,
2892,5,I'm extremely communicative and love to meet new people.,I'm extremely communicative and love to meet new people.,,
2893,7,I've discovered that the colour of this season is red.,I've discovered that the colour of this season is red.,,
2894,6,"I had to give up, the opponents were just too fierce.","I had to give up, the opponents were just too fierce.",,
2895,13,"As the leader, I left behind a legacy.","As the leader, I left behind a legacy.",,
2896,5,"I have always loved holiday family reunions, it is so nice to be all together again.","I have always loved holiday family reunions, it is so nice to be all together again.",,
2897,2,"Even though I had won, I felt awkward when they gave me the award.","Even though I had won, I felt awkward when they gave me the award.",,
2898,13,I provided guidance and support to help new colleagues integrate into the company culture.,I provided guidance and support to help new colleagues integrate into the company culture.,,
2899,1,I was so worried that I got completely paralysed.,I was so worried that I got completely paralysed.,,
2900,14,I didn't want to be responsible for my decisions.,I didn't want to be responsible for my decisions.,,
2901,3,It is not a problem to make coffee - I like doing it.,It is not a problem to make coffee - I like doing it.,,
2902,14,"When I heard there were going to be carousels in town, I was very happy.","When I heard there were going to be carousels in town, I was very happy.",,
2903,2,I changed my schedule when they asked me to.,I changed my schedule when they asked me to.,,
2904,9,I could easily change that flat tire myself.,I could easily change that flat tire myself.,,
2905,10,"I'm a natural leader, I always take charge and make tough decisions.","I'm a natural leader, I always take charge and make tough decisions.",,
2906,15,"In the privacy of my bedroom, I explored my own desires and pleasures.","In the privacy of my bedroom, I explored my own desires and pleasures.",,
2907,14,"I had a lot of responsibilities, but I went to bed anyway.","I had a lot of responsibilities, but I went to bed anyway.",,
2908,8,I joined a gang.,I joined a gang.,,
2909,16,I have made many friends in the gym.,I have made many friends in the gym.,,
2910,3,For the past week I made lunch for my partner daily.,For the past week I made lunch for my partner daily.,,
2911,1,"I suspected them, although they did nothing wrong.","I suspected them, although they did nothing wrong.",,
2912,4,"When we came to the restaurant, I decided to leave right away, because the tablecloths were filthy.","When we came to the restaurant, I decided to leave right away, because the tablecloths were filthy.",,
2913,7,"I had long legs, a slim waist and I was generally in shape.","I had long legs, a slim waist and I was generally in shape.",,
2914,6,I was unable to carry the heavy box and had to ask for help.,I was unable to carry the heavy box and had to ask for help.,,
2915,10,I have always strived for excellence in everything I have ever done.,I have always strived for excellence in everything I have ever done.,,
2916,3,I baked a cake to make them happy.,I baked a cake to make them happy.,,
2917,12,I set up a college fund for my children's education.,I set up a college fund for my children's education.,,
2918,1,I panicked when I saw the spider on the table.,I panicked when I saw the spider on the table.,,
2919,3,"Even though I don't like this meal, it's his favorite, so I cook it often.","Even though I don't like this meal, it's his favorite, so I cook it often.",,
2920,10,I signed up for an English course so I could handle my business without an interpreter.,I signed up for an English course so I could handle my business without an interpreter.,,
2921,4,My partner wasn't in charge of any chores in the house because I never wanted my partner to work harder than me.,My partner wasn't in charge of any chores in the house because I never wanted my partner to work harder than me.,,
2922,12,I have two jobs to be able to provide for my family.,I have two jobs to be able to provide for my family.,,
2923,6,"There was so much to do at work today, I cried.","There was so much to do at work today, I cried.",,
2924,4,Didn't I tell you not to eat in the living room?,Didn't I tell you not to eat in the living room?,,
2925,16,I already vented the radiator.,I already vented the radiator.,,
2926,8,I managed to climb that old shaky ladder with no hesitation.,I managed to climb that old shaky ladder with no hesitation.,,
2927,2,I never liked the attention.,I never liked the attention.,,
2928,1,I made a bad business decision because I followed my emotions instead of facts.,I made a bad business decision because I followed my emotions instead of facts.,,
2929,11,I never read horoscopes because they are lies made up by ordinary people.,I never read horoscopes because they are lies made up by ordinary people.,,
2930,4,I worked hard so that everything looks perfect now.,I worked hard so that everything looks perfect now.,,
2931,12,I didn't mind working hard for the family's good.,I didn't mind working hard for the family's good.,,
2932,11,I calculated the amount of payments so we could afford a new TV.,I calculated the amount of payments so we could afford a new TV.,,
2933,12,I pursued side hustles ensuring that my family's financial needs were met.,I pursued side hustles ensuring that my family's financial needs were met.,,
2934,9,I was right just as I always am.,I was right just as I always am.,,
2935,8,I did a triple backflip.,I did a triple backflip.,,
2936,1,My intuition tells me that I made the right decision.,My intuition tells me that I made the right decision.,,
2937,3,"I tried calling you several times, are you okay?","I tried calling you several times, are you okay?",,
2938,10,I started my own company when I was 18.,I started my own company when I was 18.,,
2939,9,I think I'm an excellent scientist.,I think I'm an excellent scientist.,,
2940,12,I paid for their private education.,I paid for their private education.,,
2941,7,I watched the fashion show to get some inspiration.,I watched the fashion show to get some inspiration.,,
2942,3,I took care of the injured animal.,I took care of the injured animal.,,
2943,3,I was always happy to help if someone needed me.,I was always happy to help if someone needed me.,,
2944,5,I hosted a dinner for the firm's partners.,I hosted a dinner for the firm's partners.,,
2945,8,I fought my way through.,I fought my way through.,,
2946,6,I was thinking that my inner power is stronger than my outer power.,I was thinking that my inner power is stronger than my outer power.,,
2947,11,I remained calm and focused on the goal.,I remained calm and focused on the goal.,,
2948,2,"I constantly put others' needs and desires before my own, rarely asserting my own preferences or standing up for myself.","I constantly put others' needs and desires before my own, rarely asserting my own preferences or standing up for myself.",,
2949,11,I determined the ideal outcome.,I determined the ideal outcome.,,
2950,8,I really enjoyed the last motorbike meeting.,I really enjoyed the last motorbike meeting.,,
2951,1,"When they told me the news, I started to weep.","When they told me the news, I started to weep.",,
2952,16,"I was not afraid because I knew that if we got into a fight, I'd win.","I was not afraid because I knew that if we got into a fight, I'd win.",,
2953,15,"Behind the bedroom door, I'm passionate and dominant.","Behind the bedroom door, I'm passionate and dominant.",,
2954,7,They told me that I'm naturally beautiful and that they appreciate my appearance.,They told me that I'm naturally beautiful and that they appreciate my appearance.,,
2955,10,I received a compliment for the work I did.,I received a compliment for the work I did.,,
2956,9,"I wanted to be a manager, although I lacked experience.","I wanted to be a manager, although I lacked experience.",,
2957,8,"They told me it'd be tough, but they don't know the shit I've been through.","They told me it'd be tough, but they don't know the shit I've been through.",,
2958,14,I called my friend to see if he wanted to go to the amusement park with me.,I called my friend to see if he wanted to go to the amusement park with me.,,
2959,10,"As a marketing manager, I developed strategic marketing plans, conducted market research, and implemented targeted campaigns.","As a marketing manager, I developed strategic marketing plans, conducted market research, and implemented targeted campaigns.",,
2960,12,I always imagined that I would be the one to bring the money home.,I always imagined that I would be the one to bring the money home.,,
2961,2,"I obliged, because that's what was expected.","I obliged, because that's what was expected.",,
2962,3,I planned the trip for the entire family.,I planned the trip for the entire family.,,
2963,15,I always got what I wanted in bed.,I always got what I wanted in bed.,,
2964,10,I go to every meeting dressed formally.,I go to every meeting dressed formally.,,
2965,1,I had a gut feeling that the job was not right for me.,I had a gut feeling that the job was not right for me.,,
2966,9,I have always been popular in my group of friends.,I have always been popular in my group of friends.,,
2967,12,I needed to be financially stable to start a family.,I needed to be financially stable to start a family.,,
2968,5,"I regret that I didn't go to festivals before, it's the perfect place for me.","I regret that I didn't go to festivals before, it's the perfect place for me.",,
2969,15,"I'm going to the bar tonight, I've been too tense lately.","I'm going to the bar tonight, I've been too tense lately.",,
2970,13,"As a supervisor, I always helped my team members achieve their goals.","As a supervisor, I always helped my team members achieve their goals.",,
2971,8,I prefer to deal with my problems myself.,I prefer to deal with my problems myself.,,
2972,7,I wished the wrinkles would never show on my face.,I wished the wrinkles would never show on my face.,,
2973,10,"I communicated proactively with stakeholders, keeping them informed about progress.","I communicated proactively with stakeholders, keeping them informed about progress.",,
2974,3,I felt independent even when I was a stay-at-home parent.,I felt independent even when I was a stay-at-home parent.,,
2975,14,I went to a party instead of preparing for the presentation.,I went to a party instead of preparing for the presentation.,,
2976,8,I chopped the wood for the fireplace.,I chopped the wood for the fireplace.,,
2977,15,With my experience I could teach sex education.,With my experience I could teach sex education.,,
2978,6,I could never hurt a fly.,I could never hurt a fly.,,
2979,15,I masturbated a lot because my sexual urges were powerful.,I masturbated a lot because my sexual urges were powerful.,,
2980,14,I pretended to be ill so that I wouldn't have to go to work.,I pretended to be ill so that I wouldn't have to go to work.,,
2981,3,I was always drawn to being a nurse.,I was always drawn to being a nurse.,,
2982,3,I organized community events and volunteer initiatives.,I organized community events and volunteer initiatives.,,
2983,3,Today I babysat my six-month-old niece all day.,Today I babysat my six-month-old niece all day.,,
2984,8,The engine roared as I maneuvered the powerful off-road vehicle through the rough and unforgiving terrain.,The engine roared as I maneuvered the powerful off-road vehicle through the rough and unforgiving terrain.,,
2985,11,I carefully evaluated the benefits and drawbacks of accepting a job offer.,I carefully evaluated the benefits and drawbacks of accepting a job offer.,,
2986,5,"I attended a poetry reading or spoken word event, sharing my own work and engaging in discussions with other poets.","I attended a poetry reading or spoken word event, sharing my own work and engaging in discussions with other poets.",,
2987,9,I was never scared of failure.,I was never scared of failure.,,
2988,8,I knew all the gangs in the city.,I knew all the gangs in the city.,,
2989,8,"Life is tough, but I'm tougher.","Life is tough, but I'm tougher.",,
2990,13,I'm good at strategic thinking.,I'm good at strategic thinking.,,
2991,6,I had to ask for help when we were moving because I could not lift the couch.,I had to ask for help when we were moving because I could not lift the couch.,,
2992,15,I really wanted to get laid.,I really wanted to get laid.,,
2993,9,It was easy for me to persuade everyone that I was the right person for the job.,It was easy for me to persuade everyone that I was the right person for the job.,,
2994,3,"I sent a personal invitation to everyone, I think it is more friendly like this.","I sent a personal invitation to everyone, I think it is more friendly like this.",,
2995,2,I never argued with them.,I never argued with them.,,
2996,2,I rarely asserted my own thoughts or desires.,I rarely asserted my own thoughts or desires.,,
2997,12,I told you to just ask if you need money.,I told you to just ask if you need money.,,
2998,6,"I attempted to engage in a physically demanding hobby, but found it challenging to handle the tools.","I attempted to engage in a physically demanding hobby, but found it challenging to handle the tools.",,
2999,3,I planned my whole week so that I would have every night free for my kids.,I planned my whole week so that I would have every night free for my kids.,,
3000,16,I never felt physically exhausted.,I never felt physically exhausted.,,
3001,6,"I can't go to the grocery store by myself, the bags are too heavy.","I can't go to the grocery store by myself, the bags are too heavy.",,
3002,16,I like to spend time in the gym because I don't think about the problems there.,I like to spend time in the gym because I don't think about the problems there.,,
3003,15,I never liked people that were shy in bed.,I never liked people that were shy in bed.,,
3004,12,I paid all the bills for this household.,I paid all the bills for this household.,,
3005,5,I like talking about my problems.,I like talking about my problems.,,
3006,7,I like to wear loose clothes.,I like to wear loose clothes.,,
3007,5,I decided to celebrate my promotion at work in the circle of those closest to me.,I decided to celebrate my promotion at work in the circle of those closest to me.,,
3008,12,"I wanted to buy you that car, why did you buy it yourself?","I wanted to buy you that car, why did you buy it yourself?",,
3009,15,I went to the red light district in Amsterdam.,I went to the red light district in Amsterdam.,,
3010,5,"While I was waiting for my parents to arrive, a stranger's family sat next to me and we talked for about twenty minutes.","While I was waiting for my parents to arrive, a stranger's family sat next to me and we talked for about twenty minutes.",,
3011,3,"It was a new student, so I stood up for them.","It was a new student, so I stood up for them.",,
3012,3,I felt horrible when I couldn't help those in need.,I felt horrible when I couldn't help those in need.,,
3013,13,I was quite young when I became the CEO.,I was quite young when I became the CEO.,,
3014,9,I have never been afraid of failure.,I have never been afraid of failure.,,
3015,8,Dirt doesn't scare me - I like to get my hands dirty.,Dirt doesn't scare me - I like to get my hands dirty.,,
3016,4,I mopped the floor.,I mopped the floor.,,
3017,9,I am self-confident.,I am self-confident.,,
3018,14,I told on my colleague.,I told on my colleague.,,
3019,13,I often had to correct the mistakes made by my subordinates.,I often had to correct the mistakes made by my subordinates.,,
3020,15,I struggled to focus on my work or daily tasks due to constant sexual thoughts.,I struggled to focus on my work or daily tasks due to constant sexual thoughts.,,
3021,15,I wanted to be just friends with benefits!,I wanted to be just friends with benefits!,,
3022,9,I'm better than my classmates.,I'm better than my classmates.,,
3023,1,"When I am angry, I cry.","When I am angry, I cry.",,
3024,4,I've raised my kids to be orderly from a young age.,I've raised my kids to be orderly from a young age.,,
3025,2,Everybody keeps saying that I should smile more.,Everybody keeps saying that I should smile more.,,
3026,6,I should have joined the self defence class.,I should have joined the self defence class.,,
3027,6,"I found it challenging to confront my fears, recognizing my weakness in overcoming them.","I found it challenging to confront my fears, recognizing my weakness in overcoming them.",,
3028,12,"I got paid last week, so I took my family out.","I got paid last week, so I took my family out.",,
3029,2,They were surprised to see that I could stand up for myself.,They were surprised to see that I could stand up for myself.,,
3030,2,They told me how I should behave myself and I listened to them.,They told me how I should behave myself and I listened to them.,,
3031,9,I loved a good challenge.,I loved a good challenge.,,
3032,7,"I spent hours in the bathroom, didn't I?","I spent hours in the bathroom, didn't I?",,
3033,8,I went undercover to help the community.,I went undercover to help the community.,,
3034,2,My friends appreciated that I looked good after the event.,My friends appreciated that I looked good after the event.,,
3035,4,I didn't want help from my kids when it came to cleaning the house.,I didn't want help from my kids when it came to cleaning the house.,,
3036,3,I did not hesitate for a second when they asked me to take care of my mother.,I did not hesitate for a second when they asked me to take care of my mother.,,
3037,14,"I want kids, so that I can have a companion for playing games.","I want kids, so that I can have a companion for playing games.",,
3038,14,I like to joke around instead of being serious.,I like to joke around instead of being serious.,,
3039,1,I made that decision based on my emotions.,I made that decision based on my emotions.,,
3040,11,I had a logical mindset and it saved me a lot of time.,I had a logical mindset and it saved me a lot of time.,,
3041,2,I remained silent during discussions or debates.,I remained silent during discussions or debates.,,
3042,16,I won the tug of war.,I won the tug of war.,,
3043,12,"I don't like splitting the bill, because I want to treat my partner.","I don't like splitting the bill, because I want to treat my partner.",,
3044,14,I had difficulty controlling my impulses.,I had difficulty controlling my impulses.,,
3045,16,I had to climb the tree and cut some branches.,I had to climb the tree and cut some branches.,,
3046,3,"I worry that if I hadn't made dinner, they would have gone hungry.","I worry that if I hadn't made dinner, they would have gone hungry.",,
3047,8,"Ever since I was little, I've wanted a tarantula.","Ever since I was little, I've wanted a tarantula.",,
3048,2,I refrained from expressing my opinions.,I refrained from expressing my opinions.,,
3049,8,I always carried a knife with me.,I always carried a knife with me.,,
3050,12,I booked a single room in a hospital for my mother.,I booked a single room in a hospital for my mother.,,
3051,6,I felt so weak.,I felt so weak.,,
3052,15,I was always very confident in my abilities when it comes to sex.,I was always very confident in my abilities when it comes to sex.,,
3053,3,I was in the middle of cooking when they came.,I was in the middle of cooking when they came.,,
3054,4,I felt that I was responsible for cleaning the house.,I felt that I was responsible for cleaning the house.,,
3055,14,"Instead of engaging in open and honest communication, I would resort to passive-aggressive behavior.","Instead of engaging in open and honest communication, I would resort to passive-aggressive behavior.",,
3056,6,"You can come, but I'm not sure if you're strong enough to play football with us.","You can come, but I'm not sure if you're strong enough to play football with us.",,
3057,1,I love astrology.,I love astrology.,,
3058,9,They often ask me how it is possible that I am so determined and confident.,They often ask me how it is possible that I am so determined and confident.,,
3059,10,"I didn't go for drinks after work, because it's not professional.","I didn't go for drinks after work, because it's not professional.",,
3060,11,"I like to talk about sports, technology and current events.","I like to talk about sports, technology and current events.",,
3061,15,I've always been playful and that's reflected in my relationships.,I've always been playful and that's reflected in my relationships.,,
3062,16,I laughed at the people who turned back in the middle of the climb.,I laughed at the people who turned back in the middle of the climb.,,
3063,2,I was the most responsible student.,I was the most responsible student.,,
3064,14,I challenged them to shotgun the whole can of beer.,I challenged them to shotgun the whole can of beer.,,
3065,12,"As the provider, I was committed to meeting the needs of my loved ones, offering them a sense of security and comfort in an ever-changing world.","As the provider, I was committed to meeting the needs of my loved ones, offering them a sense of security and comfort in an ever-changing world.",,
3066,16,Today I had my first practice since that serious injury.,Today I had my first practice since that serious injury.,,
3067,2,"There is nothing I can do, I just have to be patient.","There is nothing I can do, I just have to be patient.",,
3068,10,I received a work laptop and phone as part of my contract.,I received a work laptop and phone as part of my contract.,,
3069,13,I took a leadership role to mobilize others.,I took a leadership role to mobilize others.,,
3070,10,I told them to fix the air supply otherwise they'd be risking their lives.,I told them to fix the air supply otherwise they'd be risking their lives.,,
3071,11,"I like to play chess, I've been good at it since I was a kid.","I like to play chess, I've been good at it since I was a kid.",,
3072,3,I could never hurt a loved one.,I could never hurt a loved one.,,
3073,5,"I wish I could remember everyone's names, but there are just too many people I met yesterday.","I wish I could remember everyone's names, but there are just too many people I met yesterday.",,
3074,7,I knew my looks captured everyone's attention.,I knew my looks captured everyone's attention.,,
3075,3,I was preparing the party for a week.,I was preparing the party for a week.,,
3076,15,"When I was younger, I used to write spicy stories about people I knew.","When I was younger, I used to write spicy stories about people I knew.",,
3077,9,I have always trusted my instincts.,I have always trusted my instincts.,,
3078,2,They could say anything to me and I would still be polite.,They could say anything to me and I would still be polite.,,
3079,9,I have always known my worth and have never been afraid to show it.,I have always known my worth and have never been afraid to show it.,,
3080,16,I had to get up and go to the kitchen to open the pickles.,I had to get up and go to the kitchen to open the pickles.,,
3081,9,I am a great motivator.,I am a great motivator.,,
3082,5,"I participated in a community theater production, rehearsing and performing alongside a diverse group of actors.","I participated in a community theater production, rehearsing and performing alongside a diverse group of actors.",,
3083,9,I've never been afraid of anything and I don't plan to start now.,I've never been afraid of anything and I don't plan to start now.,,
3084,1,"I would have asked them to come, but I had a feeling they wouldn't appreciate it.","I would have asked them to come, but I had a feeling they wouldn't appreciate it.",,
3085,7,I got so many compliments at the party.,I got so many compliments at the party.,,
3086,15,I attended a swingers party two weeks ago and it was awesome.,I attended a swingers party two weeks ago and it was awesome.,,
3087,13,"As a manager, I nurtured the professional growth of my team members.","As a manager, I nurtured the professional growth of my team members.",,
3088,13,I became a chef.,I became a chef.,,
3089,4,I have always been very diligent.,I have always been very diligent.,,
3090,12,I saved a lot of money so we can go on vacation together.,I saved a lot of money so we can go on vacation together.,,
3091,4,"After everyone finished eating, I went straight into the kitchen and did the dishes.","After everyone finished eating, I went straight into the kitchen and did the dishes.",,
3092,7,I was slim and graceful.,I was slim and graceful.,,
3093,12,I made sure I was financially stable when getting married.,I made sure I was financially stable when getting married.,,
3094,5,I wished there were more opportunities to meet new people.,I wished there were more opportunities to meet new people.,,
3095,10,I felt confident in my professional endeavors.,I felt confident in my professional endeavors.,,
3096,8,"See, I told you nothing would happen to me on that hike.","See, I told you nothing would happen to me on that hike.",,
3097,14,I always kept a back-door in case something went wrong in the relationship.,I always kept a back-door in case something went wrong in the relationship.,,
3098,11,I made an informed decision based on a careful evaluation of the information available.,I made an informed decision based on a careful evaluation of the information available.,,
3099,12,I focused on making enough money for my daughter to study at a good college abroad.,I focused on making enough money for my daughter to study at a good college abroad.,,
3100,7,I know I am lovely.,I know I am lovely.,,
3101,3,I hosted a fundraiser for our project.,I hosted a fundraiser for our project.,,
3102,13,I have all the qualities that I am supposed to have as a leader.,I have all the qualities that I am supposed to have as a leader.,,
3103,10,I have always wanted to provide the best possible service to my customers.,I have always wanted to provide the best possible service to my customers.,,
3104,16,I have not been sick since I have led an active life.,I have not been sick since I have led an active life.,,
3105,16,"If I had to, I wouldn't be afraid to face him.","If I had to, I wouldn't be afraid to face him.",,
3106,10,I hired a new secretary.,I hired a new secretary.,,
3107,4,I changed the bedsheets again.,I changed the bedsheets again.,,
3108,16,I always had a high pain threshold.,I always had a high pain threshold.,,
3109,7,I know I am attractive because everyone keeps looking at me.,I know I am attractive because everyone keeps looking at me.,,
3110,15,I checked out the beautiful people in the room.,I checked out the beautiful people in the room.,,
3111,5,I preferred travelling in groups.,I preferred travelling in groups.,,
3112,4,I always enjoyed long baths.,I always enjoyed long baths.,,
3113,3,I always knew I wanted to help others.,I always knew I wanted to help others.,,
3114,8,"Undeterred by the rough conditions, I went on, my determination fueling every step across the barren landscape.","Undeterred by the rough conditions, I went on, my determination fueling every step across the barren landscape.",,
3115,1,"When I arrived in Thailand and saw all the insects, I wanted to get on the next plane.","When I arrived in Thailand and saw all the insects, I wanted to get on the next plane.",,
3116,16,I always finish first in sports races.,I always finish first in sports races.,,
3117,16,I tamed the horse.,I tamed the horse.,,
3118,15,I never said I was looking for a long-term relationship.,I never said I was looking for a long-term relationship.,,
3119,12,I was the main provider in our family for twenty years.,I was the main provider in our family for twenty years.,,
3120,3,"I walked the dog, because my partner had no time.","I walked the dog, because my partner had no time.",,
3121,3,"Of course I made a cake, it's your birthday!","Of course I made a cake, it's your birthday!",,
3122,13,It's no surprise that I won this election.,It's no surprise that I won this election.,,
3123,2,I consistently downplayed my achievements or talents when receiving praise.,I consistently downplayed my achievements or talents when receiving praise.,,
3124,15,I'm sexually active.,I'm sexually active.,,
3125,8,Through my great wit I simply outsmarted everyone.,Through my great wit I simply outsmarted everyone.,,
3126,16,I single-handedly saved them all.,I single-handedly saved them all.,,
3127,7,I looked good at the party.,I looked good at the party.,,
3128,3,I've always been good at reading other people's emotions.,I've always been good at reading other people's emotions.,,
3129,1,I believed in superstitions such as that a broken mirror brings seven years of bad luck.,I believed in superstitions such as that a broken mirror brings seven years of bad luck.,,
3130,2,I agreed to move where my partner chose.,I agreed to move where my partner chose.,,
3131,10,"If I could, I would ban phones in the workplace.","If I could, I would ban phones in the workplace.",,
3132,9,I knew I looked good and everyone in that room was attracted to me.,I knew I looked good and everyone in that room was attracted to me.,,
3133,8,"Of course, I did it, I'm not a wuss.","Of course, I did it, I'm not a wuss.",,
3134,9,I have never had any doubts about my level of competence.,I have never had any doubts about my level of competence.,,
3135,9,I have always been aware of my self-worth.,I have always been aware of my self-worth.,,
3136,3,I donated my old clothes to the charity.,I donated my old clothes to the charity.,,
3137,8,I could easily carry those wooden logs by myself.,I could easily carry those wooden logs by myself.,,
3138,12,"I took on additional work to generate extra income, ensuring that my family's financial needs were met.","I took on additional work to generate extra income, ensuring that my family's financial needs were met.",,
3139,11,I logically assessed the risks involved in a new investment opportunity.,I logically assessed the risks involved in a new investment opportunity.,,
3140,8,I had to control myself not to hurt anyone.,I had to control myself not to hurt anyone.,,
3141,5,"I joined a social dance class, learning new dance styles and connecting with dance partners in a fun and social environment.","I joined a social dance class, learning new dance styles and connecting with dance partners in a fun and social environment.",,
3142,4,I never sat down until the whole family was fed.,I never sat down until the whole family was fed.,,
3143,7,I had a natural grace and elegance.,I had a natural grace and elegance.,,
3144,1,"When I'm with her, I'm angry.","When I'm with her, I'm angry.",,
3145,6,"I was going to buy a watermelon, but I couldn't manage to take it home.","I was going to buy a watermelon, but I couldn't manage to take it home.",,
3146,3,"I couldn't stand seeing abused animals, so I petitioned the city.","I couldn't stand seeing abused animals, so I petitioned the city.",,
3147,16,I'm stronger than you.,I'm stronger than you.,,
3148,13,I've been told that I was a role model for my colleagues.,I've been told that I was a role model for my colleagues.,,
3149,6,"I enjoyed the walk, but I got tired very quickly.","I enjoyed the walk, but I got tired very quickly.",,
3150,6,I don't know if you're strong enough.,I don't know if you're strong enough.,,
3151,6,I called my friend for help.,I called my friend for help.,,
3152,9,They've told me that I look confident.,They've told me that I look confident.,,
3153,8,I wasn't afraid - I have always liked danger.,I wasn't afraid - I have always liked danger.,,
3154,2,I cooked a dinner and patiently waited for them to come home.,I cooked a dinner and patiently waited for them to come home.,,
3155,1,"I couldn't do it, so I wept.","I couldn't do it, so I wept.",,
3156,12,I bought the watch for you.,I bought the watch for you.,,
3157,12,I worked hard and was expected to be the main source of income for the household.,I worked hard and was expected to be the main source of income for the household.,,
3158,14,I wasn't taking my responsibilities seriously.,I wasn't taking my responsibilities seriously.,,
3159,9,I'd be successful in any field I'd like.,I'd be successful in any field I'd like.,,
3160,5,I didn't want to live in a remote area.,I didn't want to live in a remote area.,,
3161,2,Last week I went to a restaurant my partner chose.,Last week I went to a restaurant my partner chose.,,
3162,10,"It's not a problem, because I have always known how to deal with it.","It's not a problem, because I have always known how to deal with it.",,
3163,11,I insisted I was right and I had numerous research articles to prove it.,I insisted I was right and I had numerous research articles to prove it.,,
3164,16,"I am very good at hammer throwing, because I am strong.","I am very good at hammer throwing, because I am strong.",,
3165,2,Why would I say something if it only leads to arguments?,Why would I say something if it only leads to arguments?,,
3166,2,"I wanted a burger, but the others wanted pizza, so we went for pizza.","I wanted a burger, but the others wanted pizza, so we went for pizza.",,
3167,9,I am direct and honest.,I am direct and honest.,,
3168,1,I refused to walk under a ladder because I believed it would bring bad luck.,I refused to walk under a ladder because I believed it would bring bad luck.,,
3169,11,I managed the financial portfolio for my whole family because they trusted my choices.,I managed the financial portfolio for my whole family because they trusted my choices.,,
3170,4,"I kept a neat and well-organized workspace, with everything in its designated place for easy access and efficiency.","I kept a neat and well-organized workspace, with everything in its designated place for easy access and efficiency.",,
3171,3,I offered help when I saw how desperate she was.,I offered help when I saw how desperate she was.,,
3172,9,I have always believed in myself.,I have always believed in myself.,,
3173,13,I was really happy they gave the project to me.,I was really happy they gave the project to me.,,
3174,8,I skinned the deer.,I skinned the deer.,,
3175,8,"I embraced the rough challenge, pushing my limits with every stride.","I embraced the rough challenge, pushing my limits with every stride.",,
3176,13,My confidence boosts when I'm in a leadership position because I can be bossy.,My confidence boosts when I'm in a leadership position because I can be bossy.,,
3177,9,I was confident enough to pet the bear.,I was confident enough to pet the bear.,,
3178,14,For my sixtieth birthday I asked my partner for a Lego.,For my sixtieth birthday I asked my partner for a Lego.,,
3179,16,I was good at football.,I was good at football.,,
3180,10,I consistently demonstrated a high level of competence and dedication.,I consistently demonstrated a high level of competence and dedication.,,
3181,9,"Other people's opinions are not important to me, I always believe in myself.","Other people's opinions are not important to me, I always believe in myself.",,
3182,1,"At the airport, I'm always scared when I go through security, even if I don't have anything prohibited in my suitcase.","At the airport, I'm always scared when I go through security, even if I don't have anything prohibited in my suitcase.",,
3183,9,I have never been afraid of criticism.,I have never been afraid of criticism.,,
3184,1,My boss made me so angry I locked myself in the office and cried.,My boss made me so angry I locked myself in the office and cried.,,
3185,2,I don't like to judge others.,I don't like to judge others.,,
3186,10,"I am an IT specialist, I used to work for a large corporation but decided to launch my own company last year, it went well and now I make really good money.","I am an IT specialist, I used to work for a large corporation but decided to launch my own company last year, it went well and now I make really good money.",,
3187,12,I pushed my partner through the university studies financially.,I pushed my partner through the university studies financially.,,
3188,11,"I thoroughly researched different vacation destinations, considering factors such as travel costs, weather conditions, and available activities, before making an informed decision on where to go.","I thoroughly researched different vacation destinations, considering factors such as travel costs, weather conditions, and available activities, before making an informed decision on where to go.",,
3189,1,I panicked and made impulsive decisions during a stressful situation.,I panicked and made impulsive decisions during a stressful situation.,,
3190,2,I forgave them quickly and easily.,I forgave them quickly and easily.,,
3191,5,"I attended a community town hall meeting, actively participating in discussions about local issues.","I attended a community town hall meeting, actively participating in discussions about local issues.",,
3192,12,I paid for their vacation so I could have some alone time at home.,I paid for their vacation so I could have some alone time at home.,,
3193,8,I like to fight people I don't like.,I like to fight people I don't like.,,
3194,14,I still like collecting car models.,I still like collecting car models.,,
3195,3,"If I had to choose between me and my children suffering, I would take it on without a second thought.","If I had to choose between me and my children suffering, I would take it on without a second thought.",,
3196,4,I offered to do this job.,I offered to do this job.,,
3197,9,I showcased my expertise and built connections confidently.,I showcased my expertise and built connections confidently.,,
3198,14,I organized the craziest stag do ever.,I organized the craziest stag do ever.,,
3199,14,I am not much more mature than I was when I was a teen although I am almost forty.,I am not much more mature than I was when I was a teen although I am almost forty.,,
3200,15,I've always been a good kisser.,I've always been a good kisser.,,
3201,15,I was so horny I considered approaching a sex worker.,I was so horny I considered approaching a sex worker.,,
3202,2,I had to pretend everything is fine.,I had to pretend everything is fine.,,
3203,13,I organized the conference.,I organized the conference.,,
3204,14,Why can't I ever have fun?,Why can't I ever have fun?,,
3205,7,I looked wonderful at the school prom.,I looked wonderful at the school prom.,,
3206,12,I took a second job.,I took a second job.,,
3207,10,I never gave my tasks to somebody else because I felt like I was the best at finishing them.,I never gave my tasks to somebody else because I felt like I was the best at finishing them.,,
3208,7,I was on a diet.,I was on a diet.,,
3209,1,I went to see a therapist to learn to handle my emotions better.,I went to see a therapist to learn to handle my emotions better.,,
3210,4,Hopefully they will notice that I put in an extra effort into the cleaning today.,Hopefully they will notice that I put in an extra effort into the cleaning today.,,
3211,7,I got hundreds of Tinder matches.,I got hundreds of Tinder matches.,,
3212,7,I arranged the whole dining table to fit with my outfit.,I arranged the whole dining table to fit with my outfit.,,
3213,11,I only believed them when I saw it with my own eyes.,I only believed them when I saw it with my own eyes.,,
3214,15,I've never been shy about getting naked in front of someone new.,I've never been shy about getting naked in front of someone new.,,
3215,13,I was responsible for the production process.,I was responsible for the production process.,,
3216,9,I always believed in myself.,I always believed in myself.,,
3217,16,"I opened the water bottle for them, because the lid was stuck.","I opened the water bottle for them, because the lid was stuck.",,
3218,6,"I preferred to travel alone, but since I was attacked, I feel scared to travel by myself.","I preferred to travel alone, but since I was attacked, I feel scared to travel by myself.",,
3219,9,"With the camera focused on me, I expressed my true self with confidence.","With the camera focused on me, I expressed my true self with confidence.",,
3220,13,"As a supervisor, I always boosted morale and productivity.","As a supervisor, I always boosted morale and productivity.",,
3221,1,"They didn't want to go to dinner with me, so I cried and they went.","They didn't want to go to dinner with me, so I cried and they went.",,
3222,8,I signed up for a weightlifting competition.,I signed up for a weightlifting competition.,,
3223,6,We were bowling and I had to throw the lightest ball because I couldn't hold the heavier ones.,We were bowling and I had to throw the lightest ball because I couldn't hold the heavier ones.,,
3224,6,I asked my neighbors if they could put a box full of books in the elevator for me.,I asked my neighbors if they could put a box full of books in the elevator for me.,,
3225,8,I've always excelled in martial arts.,I've always excelled in martial arts.,,
3226,4,I can't imagine being one of those people who doesn't even wear deodorant in the summer.,I can't imagine being one of those people who doesn't even wear deodorant in the summer.,,
3227,14,I only went to the wedding for the cakes.,I only went to the wedding for the cakes.,,
3228,6,I found it challenging to perform simple tasks like opening jars or lifting objects due to my physical weakness.,I found it challenging to perform simple tasks like opening jars or lifting objects due to my physical weakness.,,
3229,14,I have always been a teenager deep down inside and I don't think it is ever going to change.,I have always been a teenager deep down inside and I don't think it is ever going to change.,,
3230,10,"As an architect, I drafted detailed blueprints, collaborated with clients to understand their vision, and oversaw construction projects.","As an architect, I drafted detailed blueprints, collaborated with clients to understand their vision, and oversaw construction projects.",,
3231,12,I need to be able to weather any storm and provide stability for my family.,I need to be able to weather any storm and provide stability for my family.,,
3232,9,I radiated self confidence so I was successful and got the job.,I radiated self confidence so I was successful and got the job.,,
3233,7,"I like options when it comes to clothes, so I have a lot of them at home.","I like options when it comes to clothes, so I have a lot of them at home.",,
3234,12,I handled the expenses.,I handled the expenses.,,
3235,12,I worked hard so that my children wouldn't have to.,I worked hard so that my children wouldn't have to.,,
3236,11,I never let myself get so upset that I lose control of the situation.,I never let myself get so upset that I lose control of the situation.,,
3237,10,I offered the best services in the entire town.,I offered the best services in the entire town.,,
3238,2,I relied heavily on their approval before I decided about anything.,I relied heavily on their approval before I decided about anything.,,
3239,1,"They told me all about the advantages, but I only cared about how I felt in that place.","They told me all about the advantages, but I only cared about how I felt in that place.",,
3240,5,I like small talk.,I like small talk.,,
3241,11,I think that statistics always need to be interpreted carefully before jumping to conclusions.,I think that statistics always need to be interpreted carefully before jumping to conclusions.,,
3242,1,"I didn't take the well-paid job, because my intuition told me so.","I didn't take the well-paid job, because my intuition told me so.",,
3243,12,"I wanted to make money on my own, not with your help!","I wanted to make money on my own, not with your help!",,
3244,7,"When meeting new people, I noticed their positive reactions to my good looks.","When meeting new people, I noticed their positive reactions to my good looks.",,
3245,11,I have always been very cool-headed in emergency situations.,I have always been very cool-headed in emergency situations.,,
3246,2,I didn't want to cause any trouble so I kept my mouth shut.,I didn't want to cause any trouble so I kept my mouth shut.,,
3247,5,"I attended a social gathering with friends, engaging in lively conversations and enjoying the company of others.","I attended a social gathering with friends, engaging in lively conversations and enjoying the company of others.",,
3248,9,I demonstrated astute judgment and confidence in securing favorable outcomes.,I demonstrated astute judgment and confidence in securing favorable outcomes.,,
3249,11,I decided on a mortgage based on the data from various banks.,I decided on a mortgage based on the data from various banks.,,
3250,12,Of course I wanted to buy that bag for you.,Of course I wanted to buy that bag for you.,,
3251,1,I threw salt over my shoulder after accidentally spilling some.,I threw salt over my shoulder after accidentally spilling some.,,
3252,2,I never voiced my own opinion.,I never voiced my own opinion.,,
3253,13,I made sure everyone was listening to my commands.,I made sure everyone was listening to my commands.,,
3254,7,"My hair was like satin and my skin was peachy, I knew I looked good.","My hair was like satin and my skin was peachy, I knew I looked good.",,
3255,3,"My greatest strength is my concern for others, even though I am often seen as weak because of it.","My greatest strength is my concern for others, even though I am often seen as weak because of it.",,
3256,14,I really craved some chocolate milk.,I really craved some chocolate milk.,,
3257,14,"I never cared if we had enough food in the kitchen, I just took care there was enough alcohol in the household.","I never cared if we had enough food in the kitchen, I just took care there was enough alcohol in the household.",,
3258,15,My partner's lower sex drive created a mismatch in our desires and I had to look elsewhere.,My partner's lower sex drive created a mismatch in our desires and I had to look elsewhere.,,
3259,3,I could have taken care of your children when you were on holidays.,I could have taken care of your children when you were on holidays.,,
3260,1,"I bought a lucky charm, although my friend told me it's a scam.","I bought a lucky charm, although my friend told me it's a scam.",,
3261,6,We had an arm wrestling competition and I lost.,We had an arm wrestling competition and I lost.,,
3262,1,I left some money under the tablecloth for better luck.,I left some money under the tablecloth for better luck.,,
3263,13,I sent out the work schedule to them last week.,I sent out the work schedule to them last week.,,
3264,14,"I was invited to the theatre, but played an online match with a friend instead.","I was invited to the theatre, but played an online match with a friend instead.",,
3265,16,I had to pin the drunk patient towards the wall and wait until the doctor gave him a sedative.,I had to pin the drunk patient towards the wall and wait until the doctor gave him a sedative.,,
3266,8,I went bungee-jumping.,I went bungee-jumping.,,
3267,13,There's nothing I can't do.,There's nothing I can't do.,,
3268,13,I knew I could be influential and other people would hear what I had to say.,I knew I could be influential and other people would hear what I had to say.,,
3269,6,"I challenged them to a fight, but they laughed me off.","I challenged them to a fight, but they laughed me off.",,
3270,14,I could not set and follow any long-term goals.,I could not set and follow any long-term goals.,,
3271,16,I felled many trees so that we have wood for winter.,I felled many trees so that we have wood for winter.,,
3272,9,I have always believed that discipline is the foundation of success.,I have always believed that discipline is the foundation of success.,,
3273,15,I thought cheating was a normal part of a relationship.,I thought cheating was a normal part of a relationship.,,
3274,14,"I don't like being stern, boring, and dull.","I don't like being stern, boring, and dull.",,
3275,1,I let fear take over and avoided an important opportunity.,I let fear take over and avoided an important opportunity.,,
3276,5,I was planning the family party for Saturday.,I was planning the family party for Saturday.,,
3277,7,"As I entered the room, I noticed heads turning and whispers of admiration.","As I entered the room, I noticed heads turning and whispers of admiration.",,
3278,10,I didn't cheat anyone when quoting the price.,I didn't cheat anyone when quoting the price.,,
3279,1,"I refused to listen to different perspectives during a heated argument, allowing my emotions to cloud my judgment.","I refused to listen to different perspectives during a heated argument, allowing my emotions to cloud my judgment.",,
3280,16,"I never cried, emotions don't solve problems.","I never cried, emotions don't solve problems.",,
3281,7,"I had thick curly brown hair and long dark eyelashes, people often thought I was Spanish or Italian.","I had thick curly brown hair and long dark eyelashes, people often thought I was Spanish or Italian.",,
3282,9,I am comfortable in my own skin and do not seek the approval of others to feel good about myself.,I am comfortable in my own skin and do not seek the approval of others to feel good about myself.,,
3283,13,I was happy to be a leader in the project.,I was happy to be a leader in the project.,,
3284,13,"I'm reliable, maybe that's why I have so many responsibilities.","I'm reliable, maybe that's why I have so many responsibilities.",,
3285,6,I was too weak to continue with the exercise.,I was too weak to continue with the exercise.,,
3286,1,"When I saw those puppies, I wanted to take them all home.","When I saw those puppies, I wanted to take them all home.",,
3287,1,I often cry because I am very sensitive.,I often cry because I am very sensitive.,,
3288,7,I won the beauty contest.,I won the beauty contest.,,
3289,11,I would never let my emotions control me at work.,I would never let my emotions control me at work.,,
3290,9,I asked the performer on a date.,I asked the performer on a date.,,
3291,1,I left the debate team after two weeks because I had a hard time coming up with logical arguments.,I left the debate team after two weeks because I had a hard time coming up with logical arguments.,,
3292,13,I was the chair of the programme committee.,I was the chair of the programme committee.,,
3293,15,I always wanted to try new things in bed.,I always wanted to try new things in bed.,,
3294,9,"I was not afraid of the exam, I knew I was very good at it and I didn't even have to study much.","I was not afraid of the exam, I knew I was very good at it and I didn't even have to study much.",,
3295,5,"I wanted to buy that house, because all my friends lived close by.","I wanted to buy that house, because all my friends lived close by.",,
3296,12,I consistently set aside a portion of our income into a savings account to protect my family.,I consistently set aside a portion of our income into a savings account to protect my family.,,
3297,10,I have always tried to create ideal conditions for my employees.,I have always tried to create ideal conditions for my employees.,,
3298,14,I did not know how to handle honest feedback from others.,I did not know how to handle honest feedback from others.,,
3299,7,They told me I was pretty and I thanked them.,They told me I was pretty and I thanked them.,,
3300,16,I could hold my breath for seven minutes.,I could hold my breath for seven minutes.,,
3301,15,"If I go a few days without sex, I get grumpy.","If I go a few days without sex, I get grumpy.",,
3302,13,"I don't know how, but my co-worker always inspires me when I feel unmotivated.","I don't know how, but my co-worker always inspires me when I feel unmotivated.",,
3303,14,I survived the first year of college on frozen pizzas.,I survived the first year of college on frozen pizzas.,,
3304,15,I always knew people liked me.,I always knew people liked me.,,
3305,10,I fixed it like a pro.,I fixed it like a pro.,,
3306,1,I burst into tears over a minor setback.,I burst into tears over a minor setback.,,
3307,4,I was cleaning the windows for three hours.,I was cleaning the windows for three hours.,,
3308,15,I found it difficult to focus on work because I think of sex all the time.,I found it difficult to focus on work because I think of sex all the time.,,
3309,7,I tried to explain to them that it's important to know what material to wear at what time of year.,I tried to explain to them that it's important to know what material to wear at what time of year.,,
3310,2,I just wanted to please them.,I just wanted to please them.,,
3311,3,I realized that my career is less important than my family.,I realized that my career is less important than my family.,,
3312,9,"I do not care what others think, I am always right.","I do not care what others think, I am always right.",,
3313,11,I haven't cried in 20 years.,I haven't cried in 20 years.,,
3314,10,I never liked small talk between me and my employee.,I never liked small talk between me and my employee.,,
3315,7,My friend told me I looked nice yesterday.,My friend told me I looked nice yesterday.,,
3316,7,I wouldn't trade my naturally brown hair for the world.,I wouldn't trade my naturally brown hair for the world.,,
3317,16,"I conquered the challenging obstacle course, feeling an indescribable sense of accomplishment and pride in my physical capabilities.","I conquered the challenging obstacle course, feeling an indescribable sense of accomplishment and pride in my physical capabilities.",,
3318,3,I listened attentively to my friend as they shared their struggles.,I listened attentively to my friend as they shared their struggles.,,
3319,11,I calmly handled an unexpected setback at work by analysing the situation.,I calmly handled an unexpected setback at work by analysing the situation.,,
3320,14,I was constantly involved in some kind of mischief.,I was constantly involved in some kind of mischief.,,
3321,4,I diligently sorted and recycled waste materials.,I diligently sorted and recycled waste materials.,,
3322,15,"No, why would I wait until after another date to become more intimate?","No, why would I wait until after another date to become more intimate?",,
3323,7,I had to dress extra nicely for the sponsors meeting.,I had to dress extra nicely for the sponsors meeting.,,
3324,2,"I didn't raise my hand, because I was afraid to speak aloud.","I didn't raise my hand, because I was afraid to speak aloud.",,
3325,7,I feel that my looks could get me a lot of attention when I was young.,I feel that my looks could get me a lot of attention when I was young.,,
3326,1,I was so angry I was shaking.,I was so angry I was shaking.,,
3327,1,"I was desperate, because I was late.","I was desperate, because I was late.",,
3328,15,"I must admit that every time I saw a woman in a tight dress, I wondered about the type of underwear she was wearing.","I must admit that every time I saw a woman in a tight dress, I wondered about the type of underwear she was wearing.",,
3329,11,"I did not take sides when my friends were arguing, I wanted to stay objective.","I did not take sides when my friends were arguing, I wanted to stay objective.",,
3330,8,I repeatedly engaged in self-destructive behaviors.,I repeatedly engaged in self-destructive behaviors.,,
3331,5,"My partner prefers animals, but I wouldn't be able to live without human company.","My partner prefers animals, but I wouldn't be able to live without human company.",,
3332,13,"I planned, managed and executed the project.","I planned, managed and executed the project.",,
3333,9,I walked up to my boss and told him my opinion.,I walked up to my boss and told him my opinion.,,
3334,8,I am determined to protect my loved ones.,I am determined to protect my loved ones.,,
3335,2,I would always listen to everything the teacher said.,I would always listen to everything the teacher said.,,
3336,8,I told you I'd hurt you.,I told you I'd hurt you.,,
3337,14,I think my friend will never grow up.,I think my friend will never grow up.,,
3338,8,I killed a lion in the jungle.,I killed a lion in the jungle.,,
3339,13,I had to extend my office hours as there were too many students who wanted to consult their work with me.,I had to extend my office hours as there were too many students who wanted to consult their work with me.,,
3340,5,I enjoy visiting the older neighbours and giving them company.,I enjoy visiting the older neighbours and giving them company.,,
3341,6,They say I'm very easily influenced.,They say I'm very easily influenced.,,
3342,7,I always wore the latest fashion pieces and people appreciated that I was so fashionable.,I always wore the latest fashion pieces and people appreciated that I was so fashionable.,,
3343,12,I paid for all their expenses.,I paid for all their expenses.,,
3344,10,I have always been a hard worker.,I have always been a hard worker.,,
3345,11,I'm the last one to believe such lies.,I'm the last one to believe such lies.,,
3346,13,"I have always found it important to know my employees, their strengths and weaknesses and work with that appropriately.","I have always found it important to know my employees, their strengths and weaknesses and work with that appropriately.",,
3347,4,I dusted the apartment at least three times a week.,I dusted the apartment at least three times a week.,,
3348,3,I engaged in meaningful conversations and provided companionship to the elderly residents.,I engaged in meaningful conversations and provided companionship to the elderly residents.,,
3349,2,"I knew I should have been kinder, because kindness is essential in life.","I knew I should have been kinder, because kindness is essential in life.",,
3350,2,"Even though I didn't do anything wrong, the boss was angry at me, but I decided to stay quiet.","Even though I didn't do anything wrong, the boss was angry at me, but I decided to stay quiet.",,
3351,3,I would never want my kids to fend for themselves.,I would never want my kids to fend for themselves.,,
3352,12,I gave my old car to my brother who is still in college.,I gave my old car to my brother who is still in college.,,
3353,6,"When I worked in a restaurant, I only carried two plates because they were too heavy.","When I worked in a restaurant, I only carried two plates because they were too heavy.",,
3354,3,I was compassionate.,I was compassionate.,,
3355,8,I didn't fear any threats.,I didn't fear any threats.,,
3356,11,I preferred to deal with it by myself.,I preferred to deal with it by myself.,,
3357,9,I argued with the policeman about the parking ticket.,I argued with the policeman about the parking ticket.,,
3358,3,"I could see she wasn't feeling well, so I made her some hot chocolate.","I could see she wasn't feeling well, so I made her some hot chocolate.",,
3359,2,I often remained silent in uncomfortable situations not to displease anyone.,I often remained silent in uncomfortable situations not to displease anyone.,,
3360,10,I'd sacrifice anything to get a promotion.,I'd sacrifice anything to get a promotion.,,
3361,8,I tried the extra spicy food.,I tried the extra spicy food.,,
3362,8,I organized the hunting trip.,I organized the hunting trip.,,
3363,13,I gave the order.,I gave the order.,,
3364,8,"Undeterred by the rough sea, I plunged into the depths.","Undeterred by the rough sea, I plunged into the depths.",,
3365,10,"I am a scientist, I specialise in marine biology.","I am a scientist, I specialise in marine biology.",,
3366,1,I like listening to other people's dramas.,I like listening to other people's dramas.,,
3367,6,"During a workout session, I struggled to complete the exercises.","During a workout session, I struggled to complete the exercises.",,
3368,8,I wanted to be part of the army since I was young.,I wanted to be part of the army since I was young.,,
3369,16,I carried all the luggage.,I carried all the luggage.,,
3370,6,"When I started working at the gas station, I bought some tear spray.","When I started working at the gas station, I bought some tear spray.",,
3371,13,I wasn't even nervous before my big presentation.,I wasn't even nervous before my big presentation.,,
3372,2,I apologized even when I wasn't at fault.,I apologized even when I wasn't at fault.,,
3373,1,I gave them money and now I don't know how I'm going to make it to the end of the month.,I gave them money and now I don't know how I'm going to make it to the end of the month.,,
3374,14,I did not listen because I got distracted easily.,I did not listen because I got distracted easily.,,
3375,2,I spent a lot of mental effort to finally speak up.,I spent a lot of mental effort to finally speak up.,,
3376,11,"When I'm angry, I don't engage in exchanges with anyone.","When I'm angry, I don't engage in exchanges with anyone.",,
3377,16,I can see that I've put on muscle mass.,I can see that I've put on muscle mass.,,
3378,13,I led the team towards victory.,I led the team towards victory.,,
3379,2,I apologized all the time not to seem impolite.,I apologized all the time not to seem impolite.,,
3380,6,"I thought I could do the whole workout, but I was wrong.","I thought I could do the whole workout, but I was wrong.",,
3381,3,I took my grandmother to see the flower exhibition.,I took my grandmother to see the flower exhibition.,,
3382,14,I never worried too much.,I never worried too much.,,
3383,13,"I knew what the leadership qualities were, I had lots of experience in this area.","I knew what the leadership qualities were, I had lots of experience in this area.",,
3384,2,I felt the situation was totally out of my control.,I felt the situation was totally out of my control.,,
3385,14,"When I'm feeling down, I like to act like a fool to feel better.","When I'm feeling down, I like to act like a fool to feel better.",,
3386,1,I was so clingy and insecure that I drove my partner away.,I was so clingy and insecure that I drove my partner away.,,
3387,1,I carried a lucky charm with me at all times.,I carried a lucky charm with me at all times.,,
3388,14,I never learned to cook because I didn't have to.,I never learned to cook because I didn't have to.,,
3389,5,"I have a sociable nature, and it makes me an excellent host and event organizer.","I have a sociable nature, and it makes me an excellent host and event organizer.",,
3390,12,I saved up a lot of money for the wedding.,I saved up a lot of money for the wedding.,,
3391,7,I knew it made my skin look really good.,I knew it made my skin look really good.,,
3392,5,I am very proud when people in my community are doing well.,I am very proud when people in my community are doing well.,,
3393,14,I had a hard time respecting authorities.,I had a hard time respecting authorities.,,
3394,9,"I toughed it out, although they told me not to.","I toughed it out, although they told me not to.",,
3395,4,I wish I had more time to keep this flat clean.,I wish I had more time to keep this flat clean.,,
3396,15,I slept with so many people.,I slept with so many people.,,
3397,7,I like to dress nicely.,I like to dress nicely.,,
3398,14,I played with lego and had fun although I was an adult.,I played with lego and had fun although I was an adult.,,
3399,5,I was in the US for a year and people had no problem talking to me even though they didn't know me.,I was in the US for a year and people had no problem talking to me even though they didn't know me.,,
3400,1,I can be very annoyed when someone is chewing with their mouth open.,I can be very annoyed when someone is chewing with their mouth open.,,
3401,9,I knew that my contributions were valuable for the company.,I knew that my contributions were valuable for the company.,,
3402,12,It was my duty to provide for them materially.,It was my duty to provide for them materially.,,
3403,6,"I didn't know how to hang the painting, because the nail was too high.","I didn't know how to hang the painting, because the nail was too high.",,
3404,14,I wanted to smash that cake like a child.,I wanted to smash that cake like a child.,,
3405,16,I pushed the huge rock aside so we could pass.,I pushed the huge rock aside so we could pass.,,
3406,15,I would often imagine having sex with strangers.,I would often imagine having sex with strangers.,,
3407,9,I always knew I was born for this job.,I always knew I was born for this job.,,
3408,15,I had sex at various public places.,I had sex at various public places.,,
3409,15,I got so angry after they accused me of sexual assault.,I got so angry after they accused me of sexual assault.,,
3410,13,I mobilised others to come together for a common cause and make a positive impact on society.,I mobilised others to come together for a common cause and make a positive impact on society.,,
3411,12,"I started a successful business venture, which provided for my family.","I started a successful business venture, which provided for my family.",,
3412,2,"They have always praised my gentle spirit, and I tried to live up to it.","They have always praised my gentle spirit, and I tried to live up to it.",,
3413,7,I have often received compliments about my good looks and now I am confident.,I have often received compliments about my good looks and now I am confident.,,
3414,13,I've always been a friend to my employees rather than a boss.,I've always been a friend to my employees rather than a boss.,,
3415,4,I like vacuuming whilst listening to music.,I like vacuuming whilst listening to music.,,
3416,5,I felt like going out that night.,I felt like going out that night.,,
3417,14,"When they told me to act my age, I told them off.","When they told me to act my age, I told them off.",,
3418,3,I babysat my sister's kids last weekend.,I babysat my sister's kids last weekend.,,
3419,2,I did as they asked me to.,I did as they asked me to.,,
3420,11,I made the best choice based on the available data.,I made the best choice based on the available data.,,
3421,7,I am stunning.,I am stunning.,,
3422,15,I never hid my dirty mind.,I never hid my dirty mind.,,
3423,11,I always knew what I wanted and what I had to do to get it.,I always knew what I wanted and what I had to do to get it.,,
3424,15,I enjoyed it when they took their clothes off.,I enjoyed it when they took their clothes off.,,
3425,14,"When I retired, I ordered a silly goodbye cake for my colleagues.","When I retired, I ordered a silly goodbye cake for my colleagues.",,
3426,10,"I communicated effectively with the team, displaying professionalism.","I communicated effectively with the team, displaying professionalism.",,
3427,4,I like it when I can clean alone and my partner is relaxing at that time.,I like it when I can clean alone and my partner is relaxing at that time.,,
3428,4,I made sure the guest felt at home here.,I made sure the guest felt at home here.,,
3429,3,I could immediately sense something was wrong.,I could immediately sense something was wrong.,,
3430,9,"I navigated the professional setting with ease, engaging in discussions with self-assurance.","I navigated the professional setting with ease, engaging in discussions with self-assurance.",,
3431,12,"Why were you paying for the coffee, when I told you I'll pay?","Why were you paying for the coffee, when I told you I'll pay?",,
3432,1,"I knew it was rational to let them go, but I wanted to make it harder for them.","I knew it was rational to let them go, but I wanted to make it harder for them.",,
3433,14,I could not commit.,I could not commit.,,
3434,5,I'm friendly.,I'm friendly.,,
3435,4,"I had to defrost the freezer, just like I do every few months.","I had to defrost the freezer, just like I do every few months.",,
3436,12,I paid the interns even though I did not have to.,I paid the interns even though I did not have to.,,
3437,11,I calmly confronted a misunderstanding.,I calmly confronted a misunderstanding.,,
3438,6,If something happened I would have just panicked and run away.,If something happened I would have just panicked and run away.,,
3439,3,"I don't like to meddle in people's problems, but if someone attacks my loved ones I don't hesitate for a second.","I don't like to meddle in people's problems, but if someone attacks my loved ones I don't hesitate for a second.",,
3440,14,I don't like to talk about commitments.,I don't like to talk about commitments.,,
3441,1,"I snapped at my friend when they innocently asked a question, even though I knew it was irrational to get angry over such a small matter.","I snapped at my friend when they innocently asked a question, even though I knew it was irrational to get angry over such a small matter.",,
3442,4,I had to get rid of the stain immediately.,I had to get rid of the stain immediately.,,
3443,12,I like the feeling of providing for others.,I like the feeling of providing for others.,,
3444,8,"I didn't want to break up, but I didn't want to show my sensitive side either.","I didn't want to break up, but I didn't want to show my sensitive side either.",,
3445,11,I didn't panic and immediately gave them first aid.,I didn't panic and immediately gave them first aid.,,
3446,2,I am always empathetic to people close to me.,I am always empathetic to people close to me.,,
3447,3,On weekends I worked in a nursing home.,On weekends I worked in a nursing home.,,
3448,4,"Wait, don't spill it, I cleaned the room an hour ago.","Wait, don't spill it, I cleaned the room an hour ago.",,
3449,10,I called a meeting so we could discuss the strategic plan.,I called a meeting so we could discuss the strategic plan.,,
3450,16,I single handedly knocked them out.,I single handedly knocked them out.,,
3451,12,"When I make a lot of money, I feel happy because I know my family will not suffer.","When I make a lot of money, I feel happy because I know my family will not suffer.",,
3452,10,"I like to have my coffee on the table at 9:00 AM every day, can you do it?","I like to have my coffee on the table at 9:00 AM every day, can you do it?",,
3453,12,I donated a lot of money to various charities.,I donated a lot of money to various charities.,,
3454,4,I assumed nobody wanted to help me with chores.,I assumed nobody wanted to help me with chores.,,
3455,11,I feel that I'm good at solving problems.,I feel that I'm good at solving problems.,,
3456,1,"When I was younger, I was one of the die-hard fans of that band, I would cry when seeing their concert.","When I was younger, I was one of the die-hard fans of that band, I would cry when seeing their concert.",,
3457,15,I never let anybody be dominant when having sex with me.,I never let anybody be dominant when having sex with me.,,
3458,8,I don't need to carry guns with me because I'm strong enough to defend myself.,I don't need to carry guns with me because I'm strong enough to defend myself.,,
3459,11,"I chose the car based on the specs, not the looks.","I chose the car based on the specs, not the looks.",,
3460,8,I bought tickets for the hooligans sector.,I bought tickets for the hooligans sector.,,
3461,7,"I received numerous compliments from friends and strangers alike, acknowledging that I was good-looking.","I received numerous compliments from friends and strangers alike, acknowledging that I was good-looking.",,
3462,7,"They've been telling me that I'm beautiful, but I'm more than that.","They've been telling me that I'm beautiful, but I'm more than that.",,
3463,4,I felt that I should try to be a good student.,I felt that I should try to be a good student.,,
3464,5,"I volunteered at a local animal shelter, interacting with the animals and fellow volunteers, and contributing to their well-being and socialization.","I volunteered at a local animal shelter, interacting with the animals and fellow volunteers, and contributing to their well-being and socialization.",,
3465,2,I baked a cake to make them happy.,I baked a cake to make them happy.,,
3466,1,I had a bad feeling about them the second I saw them.,I had a bad feeling about them the second I saw them.,,
3467,10,I went to a conference.,I went to a conference.,,
3468,7,"As I stepped into the room, everyone was looking at me.","As I stepped into the room, everyone was looking at me.",,
3469,7,I liked when my partner complimented my appearance.,I liked when my partner complimented my appearance.,,
3470,13,I was elected in the last elections.,I was elected in the last elections.,,
3471,11,I don't like to make rash decisions - they would only harm my reputation.,I don't like to make rash decisions - they would only harm my reputation.,,
3472,7,"I received special attention at social events, with many individuals expressing their admiration for my good looks.","I received special attention at social events, with many individuals expressing their admiration for my good looks.",,
3473,2,I feel so pretty today.,I feel so pretty today.,,
3474,2,"I didn't like the situation, but I preferred to stay quiet.","I didn't like the situation, but I preferred to stay quiet.",,
3475,7,"I was frequently approached by strangers who wanted to strike up conversations based on my good looks, so I knew I looked good.","I was frequently approached by strangers who wanted to strike up conversations based on my good looks, so I knew I looked good.",,
3476,3,"My friend was having a bad day, so I bought some food and went to see her.","My friend was having a bad day, so I bought some food and went to see her.",,
3477,15,I don't like condoms.,I don't like condoms.,,
3478,8,I protected everyone.,I protected everyone.,,
3479,9,I would be the best president this country has ever seen.,I would be the best president this country has ever seen.,,
3480,10,I always strived for a promotion.,I always strived for a promotion.,,
3481,16,I'm proud that I inspire others on their fitness journey with my hard work.,I'm proud that I inspire others on their fitness journey with my hard work.,,
3482,1,"As soon as my paycheck came, I went shopping.","As soon as my paycheck came, I went shopping.",,
3483,16,I joined the military.,I joined the military.,,
3484,15,I love bachelor parties.,I love bachelor parties.,,
3485,12,"I established an emergency fund to cover unexpected expenses, providing a safety net for my family.","I established an emergency fund to cover unexpected expenses, providing a safety net for my family.",,
3486,6,I was forced to sign up for a self-defence course.,I was forced to sign up for a self-defence course.,,
3487,9,I could easily beat you in tennis.,I could easily beat you in tennis.,,
3488,8,I got bitten by a snake but I remained calm.,I got bitten by a snake but I remained calm.,,
3489,4,I had to throw away the hoodie because it had a stain on it that I could not get rid of.,I had to throw away the hoodie because it had a stain on it that I could not get rid of.,,
3490,14,I signed up for a medieval swording workshop.,I signed up for a medieval swording workshop.,,
3491,16,I have paid a personal trainer to help me with my workouts.,I have paid a personal trainer to help me with my workouts.,,
3492,12,"I earned a lot more than my partner, and now my partner is a stay-at-home parent.","I earned a lot more than my partner, and now my partner is a stay-at-home parent.",,
3493,4,I hated when my partner was washing the dishes because I knew that I could do it better.,I hated when my partner was washing the dishes because I knew that I could do it better.,,
3494,13,I like being in charge.,I like being in charge.,,
3495,9,I am dedicated.,I am dedicated.,,
3496,10,"As a lawyer, I meticulously researched case precedents and prepared persuasive arguments for the courtroom.","As a lawyer, I meticulously researched case precedents and prepared persuasive arguments for the courtroom.",,
3497,3,I made coffee for everyone in our team before we started the team meeting.,I made coffee for everyone in our team before we started the team meeting.,,
3498,7,I made a resolution not to buy leather clothes or shoes because it is insensitive to animals.,I made a resolution not to buy leather clothes or shoes because it is insensitive to animals.,,
3499,7,I like it when the hairdresser massages my head.,I like it when the hairdresser massages my head.,,
3500,3,I called the vet immediately after I noticed that the bird was limping.,I called the vet immediately after I noticed that the bird was limping.,,
3501,3,Taking care of my children is the least I can do for my family.,Taking care of my children is the least I can do for my family.,,
3502,2,I was always the one who did most of the work in group assignments.,I was always the one who did most of the work in group assignments.,,
3503,5,"I know it's important to be alone with yourself, but I just couldn't do it.","I know it's important to be alone with yourself, but I just couldn't do it.",,
3504,5,I had to cheer others up.,I had to cheer others up.,,
3505,3,I felt helpful because I could host a party.,I felt helpful because I could host a party.,,
3506,13,"It is stressful to work here at this position, but I'm good at handling it.","It is stressful to work here at this position, but I'm good at handling it.",,
3507,7,I put on this new perfume today and everyone is turning around to see me.,I put on this new perfume today and everyone is turning around to see me.,,
3508,1,"I couldn't look, it made me feel sick.","I couldn't look, it made me feel sick.",,
3509,4,I kept the kitchen area clean to prevent a buildup of dirty dishes.,I kept the kitchen area clean to prevent a buildup of dirty dishes.,,
3510,16,"I locked myself out, so I had to break down the door.","I locked myself out, so I had to break down the door.",,
3511,1,I was scared because there was a spider in my shower.,I was scared because there was a spider in my shower.,,
3512,8,I drank very heavily.,I drank very heavily.,,
3513,5,I wanted to make more friends.,I wanted to make more friends.,,
3514,11,I never talked about my feelings with my friends.,I never talked about my feelings with my friends.,,
3515,3,"I validated my friend's emotions, providing reassurance during a challenging situation.","I validated my friend's emotions, providing reassurance during a challenging situation.",,
3516,14,My partner never truly listens to what I'm saying and I find it childish.,My partner never truly listens to what I'm saying and I find it childish.,,
3517,13,I was elected as the new mayor of the town.,I was elected as the new mayor of the town.,,
3518,10,"As a software engineer, I consistently demonstrated a strong work ethic and attention to detail.","As a software engineer, I consistently demonstrated a strong work ethic and attention to detail.",,
3519,13,I like to divide the tasks.,I like to divide the tasks.,,
3520,11,I invested my money so that I have some passive income.,I invested my money so that I have some passive income.,,
3521,15,I swam naked.,I swam naked.,,
3522,13,I led my team to success.,I led my team to success.,,
3523,1,I impulsively quit my job without a backup plan.,I impulsively quit my job without a backup plan.,,
3524,10,I always went everywhere ahead of time.,I always went everywhere ahead of time.,,
3525,4,"I was nervous, because I had no time to clean the bathroom.","I was nervous, because I had no time to clean the bathroom.",,
3526,14,I always thought that life is a game and you have to enjoy it.,I always thought that life is a game and you have to enjoy it.,,
3527,6,I was never good at sports.,I was never good at sports.,,
3528,8,"With each step deeper into the haunted house, I explored its eerie corridors, unafraid of the lurking shadows.","With each step deeper into the haunted house, I explored its eerie corridors, unafraid of the lurking shadows.",,
3529,7,I thought I was the most beautiful at the event.,I thought I was the most beautiful at the event.,,
3530,9,I liked speaking in front of a huge audience.,I liked speaking in front of a huge audience.,,
3531,15,"I was thinking about you and me having sex, what do you say?","I was thinking about you and me having sex, what do you say?",,
3532,12,I rented the house for them.,I rented the house for them.,,
3533,6,I did what they told me to do to fit in.,I did what they told me to do to fit in.,,
3534,9,I bought a castle to renovate it.,I bought a castle to renovate it.,,
3535,4,I ought to do some summer clean-up.,I ought to do some summer clean-up.,,
3536,1,"The last time I had a fight with my parents, I locked myself in the attic for the day.","The last time I had a fight with my parents, I locked myself in the attic for the day.",,
3537,3,"My friends have told me that I am empathetic, and I have been very touched by that.","My friends have told me that I am empathetic, and I have been very touched by that.",,
3538,7,"I have to look good, even if I'm just going to take out the trash.","I have to look good, even if I'm just going to take out the trash.",,
3539,13,"I didn't feel affected by criticism at all, I didn't take it personally.","I didn't feel affected by criticism at all, I didn't take it personally.",,
3540,6,"When they called and told me what had happened, I collapsed.","When they called and told me what had happened, I collapsed.",,
3541,3,"It was comforting for me, that I cooked for my family.","It was comforting for me, that I cooked for my family.",,
3542,14,I liked to play computer games and lived in my mom's basement although I was an adult.,I liked to play computer games and lived in my mom's basement although I was an adult.,,
3543,13,I was in charge of the whole project.,I was in charge of the whole project.,,
3544,9,I had no doubt.,I had no doubt.,,
3545,7,I spent hours in front of the mirror.,I spent hours in front of the mirror.,,
3546,2,I frequently deferred to others' opinions and preferences.,I frequently deferred to others' opinions and preferences.,,
3547,15,"Despite being in a committed relationship, I found it difficult to resist strangers.","Despite being in a committed relationship, I found it difficult to resist strangers.",,
3548,4,"I have never left the house messy, I have to clean everything first.","I have never left the house messy, I have to clean everything first.",,
3549,11,I evaluated all the costs and benefits before making the decision.,I evaluated all the costs and benefits before making the decision.,,
3550,2,"I knew that he was acting rude, but it is just because he's had a hard time at work.","I knew that he was acting rude, but it is just because he's had a hard time at work.",,
3551,2,I have been taught to smile even when I am sad or angry.,I have been taught to smile even when I am sad or angry.,,
3552,14,"I'd like to trade football cards, but I don't have anyone to trade them with.","I'd like to trade football cards, but I don't have anyone to trade them with.",,
3553,16,The muscles in my arms and back flexed as I rowed through the calm waters.,The muscles in my arms and back flexed as I rowed through the calm waters.,,
3554,13,"I advocated for causes and initiatives I believed in, inspiring others to join in.","I advocated for causes and initiatives I believed in, inspiring others to join in.",,
3555,7,"I attended a photoshoot where the photographer captured my natural beauty, boosting my self-esteem.","I attended a photoshoot where the photographer captured my natural beauty, boosting my self-esteem.",,
3556,2,"My friend was having a bad day, so I bought some food and went to see her.","My friend was having a bad day, so I bought some food and went to see her.",,
3557,9,I presented my innovative idea with unwavering conviction.,I presented my innovative idea with unwavering conviction.,,
3558,7,I'd like to be pretty like Hollywood stars.,I'd like to be pretty like Hollywood stars.,,
3559,6,I could not keep up with their tempo.,I could not keep up with their tempo.,,
3560,12,I established an emergency fund to protect my family from unexpected expenses.,I established an emergency fund to protect my family from unexpected expenses.,,
3561,1,"I couldn't decide which shirt to buy, so I bought all three.","I couldn't decide which shirt to buy, so I bought all three.",,
3562,15,I liked the way you walked.,I liked the way you walked.,,
3563,10,I never interfered in my employees personal lives.,I never interfered in my employees personal lives.,,
3564,10,"I wanted to focus on my career, family life could wait.","I wanted to focus on my career, family life could wait.",,