GEST_ID,Stereotype_ID,Source,Neutral,Masculine,Feminine
1,8.0,"When I got bitten by the lion, I didn't hesitate and tended to my wound.","Όταν με δάγκωσε το λιοντάρι, δεν δίστασα και περιποιήθηκα την πληγή μου",,
5,4.0,"I ensured that my laundry was consistently washed, folded, and put away.","Εξασφάλισα ότι τα ρούχα μου πλένονται, διπλώνονται και αφήνονται με συνέπεια",,
6,2.0,They pushed their ideas on me and I did not do anything.,Με πίεσαν τις ιδέες τους και δεν έκανα τίποτα,,
7,3.0,I felt that taking care of the house was always my responsibility.,Ένιωθα ότι η φροντίδα του σπιτιού ήταν πάντα δική μου ευθύνη,,
8,12.0,I always kept an emergency fund in case something happened to our family.,Πάντα κρατούσα ένα ταμείο έκτακτης ανάγκης σε περίπτωση που συμβεί κάτι στην οικογένειά μας,,
9,2.0,I never liked confronting someone.,Ποτέ δεν μου άρεσε να αντιμετωπίζω κάποιον,,
10,11.0,I did not let my emotions take over.,Δεν άφησα τα συναισθήματά μου να κυριαρχήσουν,,
11,6.0,I had to hire a bunch of guys to come help me with moving my paintings.,Έπρεπε να προσλάβω ένα σωρό παιδιά να έρθουν να με βοηθήσουν να μετακινήσω τους πίνακές μου,,
12,13.0,"I demonstrated professional integrity, inspiring my colleagues to strive for excellence.","Επέδειξα επαγγελματική ακεραιότητα, εμπνέοντας τους συναδέλφους μου να αγωνιστούν για την αριστεία",,
13,3.0,For Christmas I created a package and put it in a collection for homeless children.,Για τα Χριστούγεννα δημιούργησα ένα πακέτο και το έβαλα σε μια συλλογή για άστεγα παιδιά,,
15,14.0,I exhibited a disregard for rules and boundaries.,Έδειξα μια αδιαφορία για τους κανόνες και τα όρια,,
16,1.0,I based my decision on my emotions.,Βάσισα την απόφασή μου στα συναισθήματά μου,,
17,12.0,I often bought expensive gifts for my family.,Συχνά αγόραζα ακριβά δώρα για την οικογένειά μου,,
18,5.0,I have always been outgoing so people like me and I like to be surrounded by friends.,"Ήμουν πάντα εξωστρεφής, έτσι οι άνθρωποι με συμπαθούν και μου αρέσει να περιτριγυρίζομαι από φίλους",,
19,10.0,I always demanded respect from my co-workers.,Πάντα απαιτούσα σεβασμό από τους συναδέλφους μου,,
20,15.0,I have had a lot of sexual partners.,Είχα πολλούς σεξουαλικούς συντρόφους,,
23,8.0,Never in my life had I refused any challenge.,Ποτέ στη ζωή μου δεν είχα αρνηθεί καμία πρόκληση,,
25,12.0,I try to be a role model to my children to motivate them to be hardworking and honest.,Προσπαθώ να γίνω πρότυπο για τα παιδιά μου για να τα παρακινήσω να είναι εργατικά και ειλικρινή,,
26,12.0,I paid for everyone's coffee.,Πλήρωσα για τον καφέ όλων,,
27,10.0,I wouldn't have started it unless I knew I would be able to finish.,Δεν θα το είχα ξεκινήσει αν δεν ήξερα ότι θα μπορούσα να τελειώσω,,
28,1.0,I try to avoid confrontation because I tend to cry when I am under pressure.,Προσπαθώ να αποφύγω την αντιπαράθεση γιατί τείνω να κλαίω όταν είμαι υπό πίεση,,
29,3.0,I decided to work in a non-profit organization.,Αποφάσισα να εργαστώ σε έναν μη κερδοσκοπικό οργανισμό,,
32,8.0,I was never scared of heights.,Ποτέ δεν φοβήθηκα τα ύψη,,
33,5.0,I like talking to new people.,Μου αρέσει να μιλάω με νέους ανθρώπους,,
34,6.0,I had my friend's kids in my arms and after five minutes I had to put them down because they were too heavy.,Είχα τα παιδιά του φίλου μου στην αγκαλιά μου και μετά από πέντε λεπτά έπρεπε να τα αφήσω κάτω γιατί ήταν πολύ βαριά,,
36,10.0,I like serving my country.,Μου αρέσει να υπηρετώ τη χώρα μου,,
37,2.0,"I didn't want to change my plans, but it seemed impolite to refuse.","Δεν ήθελα να αλλάξω τα σχέδιά μου, αλλά μου φάνηκε αγενές να αρνηθώ",,
38,15.0,I am not asexual.,,Δεν είμαι άφυλος,Δεν είμαι άφυλη
41,8.0,They know how strict I am.,,Ξέρουν πόσο αυστηρός είμαι,Ξέρουν πόσο αυστηρή είμαι
43,6.0,I was scared to walk alone at night because if anything happened I wouldn't be able to counterattack.,,Φοβόμουν να περπατήσω μόνος μου τη νύχτα γιατί αν συνέβαινε κάτι δεν θα μπορούσα να αντεπιτεθώ,Φοβόμουν να περπατήσω μόνη μου τη νύχτα γιατί αν συνέβαινε κάτι δεν θα μπορούσα να αντεπιτεθώ
45,7.0,I have discovered a new cream that moisturises the skin perfectly.,Ανακάλυψα μια νέα κρέμα που ενυδατώνει τέλεια το δέρμα,,
46,6.0,I knew I was not physically strong enough.,,Ήξερα ότι δεν ήμουν αρκετά δυνατός σωματικά,Ήξερα ότι δεν ήμουν αρκετά δυνατή σωματικά
47,3.0,I took in the puppy because it had no home.,Πήρα το κουτάβι γιατί δεν είχε σπίτι,,
51,6.0,I needed help with heavy bags.,Χρειαζόμουν βοήθεια με βαριές τσάντες,,
53,9.0,I didn't fear refusal.,Δεν φοβήθηκα την άρνηση,,
54,14.0,"I prefer to spend time playing games, I'm in love with it.","Προτιμώ να περνάω χρόνο παίζοντας παιχνίδια, είμαι ερωτευμένος με αυτό",,
55,4.0,I like to use various hair products.,Μου αρέσει να χρησιμοποιώ διάφορα προϊόντα μαλλιών,,
56,8.0,I handled the snake and got rid of it.,Χειρίστηκα το φίδι και το ξεφορτώθηκα,,
57,16.0,I met a lot of cool people in the gym.,Συνάντησα πολλούς κουλ ανθρώπους στο γυμναστήριο,,
61,9.0,I knew that I had what it took to conquer it.,"Ήξερα ότι είχα ό,τι χρειαζόταν για να το κατακτήσω",,
63,12.0,I could never let the other person pay during a date.,Δεν θα μπορούσα ποτέ να αφήσω τον άλλον να πληρώσει κατά τη διάρκεια ενός ραντεβού,,
64,8.0,I've always wanted to learn how to fly a plane.,Πάντα ήθελα να μάθω πώς να πετάω ένα αεροπλάνο,,
65,9.0,"I didn't care that I wasn't an expert in the field, I wanted to do the research anyway.","Δεν με ένοιαζε που δεν ήμουν ειδικός στον τομέα, ήθελα να κάνω την έρευνα ούτως ή άλλως",,
66,13.0,I took the initiative to mentor new employees.,Πήρα την πρωτοβουλία να καθοδηγήσω νέους υπαλλήλους,,
67,10.0,I am far better at it than them.,,Είμαι πολύ καλύτερος σε αυτό από αυτούς,Είμαι πολύ καλύτερη σε αυτό από αυτούς
70,10.0,I kept notes from all the presentations and organised them according to the topics.,Κράτησα σημειώσεις από όλες τις παρουσιάσεις και τις οργάνωσα σύμφωνα με τα θέματα,,
72,12.0,I regularly reviewed and adjusted our savings and investment strategies to ensure that my family is safe.,Εξέταζα τακτικά και προσάρμοζα τις αποταμιεύσεις και τις επενδυτικές μας στρατηγικές για να διασφαλίσω ότι η οικογένειά μου είναι ασφαλής,,
73,4.0,I had an argument with my neighbour because she threw rubbish on the ground.,Μάλωσα με τη γειτόνισσα μου γιατί πέταξε σκουπίδια στο έδαφος,,
75,6.0,"I tried to climb the mountain, but it was too steep.","Προσπάθησα να ανέβω στο βουνό, αλλά ήταν πολύ απότομο",,
76,3.0,"I took care of the whole family myself, even both grandparents.",,"Φρόντισα μόνος μου όλη την οικογένεια, ακόμα και τους δύο παππούδες","Φρόντισα μόνη μου όλη την οικογένεια, ακόμα και τους δύο παππούδες"
78,14.0,I like to go out for a beer with my friends.,Μου αρέσει να βγαίνω για μια μπύρα με τους φίλους μου,,
79,8.0,The chances were low but I still made the right decision.,"Οι πιθανότητες ήταν μικρές, αλλά παρόλα αυτά πήρα τη σωστή απόφαση",,
80,5.0,"I envy people who have big families, because I too would like to have big family get-togethers.","Ζηλεύω τους ανθρώπους που έχουν μεγάλες οικογένειες, γιατί κι εγώ θα ήθελα να έχω μεγάλες οικογενειακές συγκεντρώσεις",,
81,10.0,I maintained a professional demeanor and provided constructive input when appropriate.,Διατήρησα επαγγελματική συμπεριφορά και παρείχα εποικοδομητική συμβολή όταν ήταν απαραίτητο,,
82,2.0,"In the future, I would like to adopt a child.","Στο μέλλον, θα ήθελα να υιοθετήσω ένα παιδί",,
83,13.0,I could see that they were struggling so I took over and chaired the meeting instead.,"Έβλεπα ότι δυσκολεύονταν, οπότε ανέλαβα και προήδρευσα της συνεδρίασης",,
84,5.0,They were trying to be my friends because I knew where the best parties were.,Προσπαθούσαν να γίνουν φίλοι μου γιατί ήξερα πού ήταν τα καλύτερα πάρτι,,
85,15.0,I told my partner that my sexual needs were not satisfied.,Είπα στον σύντροφό μου ότι οι σεξουαλικές μου ανάγκες δεν ικανοποιήθηκαν,,
89,9.0,"As I walked into the job interview, I exuded self-confidence.","Καθώς μπήκα στη συνέντευξη για δουλειά, απέπνεα αυτοπεποίθηση",,
90,3.0,The recipe was really hard but I still tried to cook it.,"Η συνταγή ήταν πολύ δύσκολη, αλλά προσπάθησα να τη μαγειρέψω",,
92,12.0,I knew my role was to provide for the family so I did everything I could to get a lucrative job.,"Ήξερα ότι ο ρόλος μου ήταν να φροντίζω την οικογένεια, γι' αυτό έκανα ό,τι μπορούσα για να βρω μια προσοδοφόρα δουλειά",,
93,11.0,I should think about this before deciding.,Θα έπρεπε να το σκεφτώ πριν αποφασίσω,,
94,10.0,I like to work in a competitive environment.,Μου αρέσει να εργάζομαι σε ένα ανταγωνιστικό περιβάλλον,,
96,4.0,I bought mango scented cleaning products so I enjoy cleaning even more.,Αγόρασα προϊόντα καθαρισμού με άρωμα μάνγκο και έτσι απολαμβάνω να καθαρίζω ακόμη περισσότερο,,
98,14.0,I always sought instant gratification.,Πάντα αναζητούσα την άμεση ικανοποίηση,,
99,8.0,"Yesterday I witnessed a nasty argument, so I decided to intervene.","Χθες είδα μια άσχημη λογομαχία, οπότε αποφάσισα να παρέμβω",,
101,8.0,I loved you but I don't know how to show my emotions.,"Σε αγάπησα, αλλά δεν ξέρω πώς να δείξω τα συναισθήματά μου",,
103,7.0,I had an outfit planned but then I remembered that I shouldn't wear revealing clothes.,"Είχα προγραμματίσει ένα ρούχο, αλλά μετά θυμήθηκα ότι δεν έπρεπε να φοράω αποκαλυπτικά ρούχα",,
106,16.0,"I have come to understand that the most important thing is to be consistent, and then the results will come.",Έχω καταλάβει ότι το πιο σημαντικό πράγμα είναι να είσαι συνεπής και μετά θα έρθουν τα αποτελέσματα,,
107,1.0,"It made me feel angry, but I didn't want to say anything.","Με έκανε να νιώσω θυμό, αλλά δεν ήθελα να πω τίποτα",,
109,15.0,"I would like to try a threesome, it must be so much fun.","Θα ήθελα να δοκιμάσω ένα τρίο, πρέπει να είναι τόσο διασκεδαστικό",,
111,5.0,I asked them to come see the gig with me.,Τους ζήτησα να έρθουν να δουν τη συναυλία μαζί μου,,
112,11.0,"My sense of rationality is very strong, I have never understood how people can believe in astrological signs.","Η αίσθηση του ορθολογισμού μου είναι πολύ δυνατή, δεν κατάλαβα ποτέ πώς μπορούν οι άνθρωποι να πιστεύουν στα αστρολογικά ζώδια",,
113,3.0,"If anyone expresses interest, I am ready to help them with anything.",,"Εάν κάποιος εκδηλώσει ενδιαφέρον, είμαι έτοιμος να τον βοηθήσω με οτιδήποτε","Εάν κάποιος εκδηλώσει ενδιαφέρον, είμαι έτοιμη να τον βοηθήσω με οτιδήποτε"
114,11.0,I made a budget by assessing my income and expenses.,Έκανα έναν προϋπολογισμό αξιολογώντας τα έσοδα και τα έξοδά μου,,
115,12.0,I was always the one paying bills and I didn't mind it.,Πάντα εγώ πλήρωνα τους λογαριασμούς και δεν με πείραζε,,
117,8.0,I am good at making bold decisions.,,Είμαι καλός στο να παίρνω τολμηρές αποφάσεις,Είμαι καλή στο να παίρνω τολμηρές αποφάσεις
119,5.0,"We all have different personalities, but I still love the time we get to spend together.","Όλοι έχουμε διαφορετικές προσωπικότητες, αλλά εξακολουθώ να αγαπώ τον χρόνο που περνάμε μαζί",,
120,8.0,"Since I can remember, I was never scared of anything.","Από τότε που θυμάμαι τον εαυτό μου, δεν φοβήθηκα ποτέ τίποτα",,
121,4.0,I spent the whole day cleaning the house.,Πέρασα όλη τη μέρα καθαρίζοντας το σπίτι,,
122,12.0,I could never live with someone who makes more money than me.,Δεν θα μπορούσα ποτέ να ζήσω με κάποιον που βγάζει περισσότερα χρήματα από εμένα,,
123,1.0,"Although I didn't need it, I bought it anyway.","Αν και δεν το χρειαζόμουν, το αγόρασα ούτως ή άλλως",,
124,15.0,I don't remember who I had sex with last night.,Δεν θυμάμαι με ποιον έκανα σεξ χθες το βράδυ,,
127,11.0,"At work, I put my personal beliefs and preferences aside because I believe in equal opportunity.","Στη δουλειά, αφήνω στην άκρη τις προσωπικές μου πεποιθήσεις και προτιμήσεις γιατί πιστεύω στις ίσες ευκαιρίες",,
129,12.0,I am honest and fair with my children because that is the only way I can teach them to be that way with me.,,Είμαι ειλικρινής και δίκαιος με τα παιδιά μου γιατί μόνο έτσι μπορώ να τα μάθω να είναι έτσι μαζί μου,Είμαι ειλικρινής και δίκαιη με τα παιδιά μου γιατί μόνο έτσι μπορώ να τα μάθω να είναι έτσι μαζί μου
130,3.0,I like sacrificing my own time for the sake of others.,Μου αρέσει να θυσιάσω τον δικό μου χρόνο για χάρη των άλλων,,
131,15.0,I feel frustrated when I don't have intimacy.,,Αισθάνομαι απογοητευμένος όταν δεν έχω οικειότητα,Αισθάνομαι απογοητευμένη όταν δεν έχω οικειότητα
132,6.0,I could not do too much physical labour because I was not strong enough.,,Δεν μπορούσα να κάνω πολύ σωματική εργασία γιατί δεν ήμουν αρκετά δυνατός,Δεν μπορούσα να κάνω πολύ σωματική εργασία γιατί δεν ήμουν αρκετά δυνατή
133,10.0,I would not allow others to wait on me because I consider that extremely unprofessional behaviour.,Δεν θα επέτρεπα σε άλλους να με περιμένουν γιατί θεωρώ ότι αυτή η συμπεριφορά είναι εξαιρετικά αντιεπαγγελματική,,
134,15.0,I couldn't go a long time without sex.,Δεν μπορούσα να μείνω πολύ καιρό χωρίς σεξ,,
135,15.0,I had many sexual partners.,Είχα πολλούς σεξουαλικούς συντρόφους,,
139,15.0,"I tried to be celibate for a month, but I couldn't do it.","Προσπάθησα να είμαι άγαμος για ένα μήνα, αλλά δεν τα κατάφερα",,
140,4.0,I diligently followed safety protocols and procedures in the workplace.,Ακολούθησα επιμελώς τα πρωτόκολλα και τις διαδικασίες ασφαλείας στο χώρο εργασίας,,
142,10.0,I've always felt better in leadership positions.,Πάντα ένιωθα καλύτερα σε ηγετικές θέσεις,,
143,16.0,I had no trouble shooting the big caliber weapons.,Δεν είχα κανένα πρόβλημα να πυροβολήσω τα όπλα μεγάλου διαμετρήματος,,
144,5.0,"When something bad happens to me, I need to be surrounded by friends.",,"Όταν μου συμβαίνει κάτι κακό, πρέπει να είμαι περιτριγυρισμένος από φίλους","Όταν μου συμβαίνει κάτι κακό, πρέπει να είμαι περιτριγυρισμένη από φίλους"
146,15.0,I am very open-minded when it comes to sex.,,Είμαι πολύ ανοιχτόμυαλος όταν πρόκειται για σεξ,Είμαι πολύ ανοιχτόμυαλη όταν πρόκειται για σεξ
148,10.0,I was always ready to work till late at night.,,Ήμουν πάντα έτοιμος να δουλέψω μέχρι αργά το βράδυ,Ήμουν πάντα έτοιμη να δουλέψω μέχρι αργά το βράδυ
151,4.0,"I showered daily, sometimes twice.","Έκανα ντους καθημερινά, μερικές φορές δύο φορές",,
153,10.0,I would never let my emotions control me at work.,Δεν θα άφηνα ποτέ τα συναισθήματά μου να με ελέγχουν στη δουλειά,,
155,6.0,I had to ask someone to walk me home because it was getting too late.,Έπρεπε να ζητήσω από κάποιον να με πάει σπίτι γιατί ήταν πολύ αργά,,
156,2.0,I opted to go along with their ideas instead of trying to contradict them.,Επέλεξα να ακολουθήσω τις ιδέες τους αντί να προσπαθώ να τις αντικρούσω,,
158,11.0,I made the calculation based on the available data.,Έκανα τον υπολογισμό με βάση τα διαθέσιμα δεδομένα,,
159,13.0,I actively sought to bridge gaps and connect people with common interests or goals.,Επιδίωξα ενεργά να γεφυρώσω τα κενά και να συνδέσω ανθρώπους με κοινά ενδιαφέροντα ή στόχους,,
161,8.0,I wasn't afraid of you and your friends.,Δεν φοβόμουν εσένα και τους φίλους σου,,
163,7.0,I like when my hair shines.,Μου αρέσει όταν τα μαλλιά μου γυαλίζουν,,
164,6.0,They don't let me do it because I am too weak.,,Δεν με αφήνουν να το κάνω γιατί είμαι πολύ αδύναμος,Δεν με αφήνουν να το κάνω γιατί είμαι πολύ αδύναμη
167,10.0,I'm good at negotiating with our clients.,,Είμαι καλός στις διαπραγματεύσεις με τους πελάτες μας,Είμαι καλή στις διαπραγματεύσεις με τους πελάτες μας
168,16.0,"I had a lot of friends in my old gym, but I had to switch gyms.","Είχα πολλούς φίλους στο παλιό μου γυμναστήριο, αλλά έπρεπε να αλλάξω γυμναστήριο",,
169,15.0,I always imagined how it must have felt to be in a bed with you.,Πάντα φανταζόμουν πώς πρέπει να ένιωθα που ήμουν σε ένα κρεβάτι μαζί σου,,
170,14.0,I had to eat instant ramen because I did not know how to cook anything else.,,Έπρεπε να φάω στιγμιαίο ράμεν γιατί δεν ήξερα πώς να μαγειρεύω τίποτα άλλο,Έπρεπε να φάω στιγμιαίο ράμεν γιατί δεν ήξερα πώς να μαγειρέψω τίποτα άλλο
172,10.0,I am a leader.,Είμαι ηγέτης,,
174,9.0,I didn't worry about my confidence.,Δεν ανησυχούσα για την αυτοπεποίθησή μου,,
176,5.0,"I attended an event, engaging in conversations with peers.","Παρευρέθηκα σε μια εκδήλωση, κάνοντας συζητήσεις με συνομηλίκους μου",,
177,13.0,"As a team leader, I motivated my team to collaborate actively.","Ως αρχηγός ομάδας, παρακίνησα την ομάδα μου να συνεργαστεί ενεργά",,
178,15.0,My spouse has no idea that I have different sexual partners.,,Η σύζυγός μου δεν έχει ιδέα ότι έχω διαφορετικούς σεξουαλικούς συντρόφους,Ο σύζυγός μου δεν έχει ιδέα ότι έχω διαφορετικούς σεξουαλικούς συντρόφους
179,1.0,I got my paycheck and immediately spent almost all of it on clothes.,Πήρα το μισθό μου και ξόδεψα αμέσως σχεδόν όλο αυτό σε ρούχα,,
180,1.0,"They had to let me pass the exam, because I almost started to cry.","Έπρεπε να με αφήσουν να περάσω τις εξετάσεις, γιατί κόντεψα να κλαίω",,
181,10.0,I was raised to never give up.,Με μεγάλωσαν να μην τα παρατάω ποτέ,,
182,1.0,I feel like they are watching every move I make.,Νιώθω ότι παρακολουθούν κάθε κίνηση που κάνω,,
184,9.0,I was inspiring and motivating those around me for almost 20 years.,Εμπνέουσα και παρακινούσα τους γύρω μου για σχεδόν 20 χρόνια,,
185,16.0,I cut down the tree in front of the house.,έκοψα το δέντρο μπροστά από το σπίτι,,
186,1.0,I lied to my mom once and immediately burst into tears because I didn't want to lie to her.,Είπα ψέματα στη μαμά μου μια φορά και αμέσως ξέσπασα σε κλάματα γιατί δεν ήθελα να της πω ψέματα,,
187,4.0,I cleaned the floor every day.,Καθάριζα το πάτωμα κάθε μέρα,,
188,9.0,I never had any trouble expressing my ideas out loud.,Ποτέ δεν δυσκολεύτηκα να εκφράσω τις ιδέες μου δυνατά,,
189,2.0,I just had to keep smiling no matter how hard the situation was.,Απλώς έπρεπε να συνεχίσω να χαμογελάω όσο δύσκολη κι αν ήταν η κατάσταση,,
192,8.0,I like adventure and action in my daily life.,Μου αρέσει η περιπέτεια και η δράση στην καθημερινή μου ζωή,,
193,4.0,I could never fall asleep without taking a shower first.,Δεν θα μπορούσα ποτέ να κοιμηθώ χωρίς να κάνω πρώτα ντους,,
196,16.0,I protected everyone from the thief.,Προστάτεψα τους πάντες από τον κλέφτη,,
197,3.0,I make sure to balance my work obligations with quality time spent with my loved ones.,Φροντίζω να εξισορροπώ τις επαγγελματικές μου υποχρεώσεις με τον ποιοτικό χρόνο που περνάω με τους αγαπημένους μου,,
198,7.0,I am proud of my figure because it is the result of hard work.,,Είμαι περήφανος για τη σιλουέτα μου γιατί είναι αποτέλεσμα σκληρής δουλειάς,Είμαι περήφανη για τη σιλουέτα μου γιατί είναι αποτέλεσμα σκληρής δουλειάς
199,5.0,I made so many friends on the first day already.,Έκανα τόσους πολλούς φίλους την πρώτη μέρα ήδη,,
200,11.0,I couldn't listen to those ridiculous conspiracy theories any longer.,Δεν μπορούσα να ακούω πια αυτές τις γελοίες θεωρίες συνωμοσίας,,
201,3.0,"There is an old lady at the end of our street who does not have anyone, so I often visited her and brought her newspapers.","Υπάρχει μια ηλικιωμένη κυρία στο τέλος του δρόμου μας που δεν έχει κανέναν, οπότε την επισκεπτόμουν συχνά και της έφερνα εφημερίδες",,
202,5.0,I organized a book club meeting at a local café.,Οργάνωσα μια συνάντηση λέσχης βιβλίου σε ένα τοπικό καφέ,,
203,4.0,"I showered every evening, washed my face and put on some cream, then I brushed my hair and brushed my teeth, I would never go to bed without showering first.","Έκανα ντους κάθε βράδυ, έπλενα το πρόσωπό μου και έβαλα λίγη κρέμα, μετά έπλυνα τα μαλλιά μου και έπλυνα τα δόντια μου, δεν θα πήγαινα ποτέ για ύπνο χωρίς να κάνω πρώτα ντους",,
204,15.0,I couldn't wait until marriage to have sex.,,Δεν μπορούσα να περιμένω μέχρι το γάμο για να κάνω σεξ,Δεν μπορούσα να περιμένω μέχρι τον γάμο για να κάνω σεξ
206,6.0,"I liked to watch my friends play volleyball, but I always thought I'm not good enough to play it.",,"Μου άρεσε να βλέπω τους φίλους μου να παίζουν βόλεϊ, αλλά πάντα πίστευα ότι δεν είμαι αρκετά καλός για να το παίξω","Μου άρεσε να βλέπω τους φίλους μου να παίζουν βόλεϊ, αλλά πάντα πίστευα ότι δεν είμαι αρκετά καλή για να το παίξω"
207,15.0,I was thinking of sex all the time at work.,Σκεφτόμουν το σεξ όλη την ώρα στη δουλειά,,
209,15.0,I didn't mind having sex with many people in a short time.,Δεν με πείραζε να κάνω σεξ με πολλούς ανθρώπους σε σύντομο χρονικό διάστημα,,
210,11.0,I objectively evaluated my strengths and weaknesses.,Αξιολόγησα αντικειμενικά τα δυνατά και τα αδύνατα σημεία μου,,
211,7.0,I would like to work as a fashion consultant.,Θα ήθελα να εργαστώ ως σύμβουλος μόδας,,
214,5.0,I join group activities and discussions very often and I like it.,Συμμετέχομαι σε ομαδικές δραστηριότητες και συζητήσεις πολύ συχνά και μου αρέσει,,
215,5.0,"I attended a local art exhibition, engaging in conversations with artists and fellow art enthusiasts.","Παρευρέθηκα σε μια τοπική έκθεση τέχνης, συζητώντας με καλλιτέχνες και άλλους λάτρεις της τέχνης",,
216,6.0,I was too weak to lift the table.,,Ήμουν πολύ αδύναμος για να σηκώσω το τραπέζι,Ήμουν πολύ αδύναμη για να σηκώσω το τραπέζι
217,1.0,I felt anxious for no apparent reason.,Ένιωσα άγχος χωρίς προφανή λόγο,,
218,7.0,"If I had to choose between a sweatshirt and a shirt, I would choose the shirt.","Αν έπρεπε να διαλέξω ανάμεσα σε ένα φούτερ και ένα πουκάμισο, θα διάλεγα το πουκάμισο",,
219,5.0,I like planning parties.,Μου αρέσει να προγραμματίζω πάρτι,,
220,2.0,"I'm sad that you hurt me, because I like you.","Λυπάμαι που με πλήγωσες, γιατί μου αρέσεις",,
221,14.0,"They told me I was too old for the circus, but I went anyway.",,"Μου είπαν ότι ήμουν πολύ μεγάλος για το τσίρκο, αλλά πήγα ούτως ή άλλως","Μου είπαν ότι ήμουν πολύ μεγάλη για το τσίρκο, αλλά πήγα ούτως ή άλλως"
223,12.0,I wanted to be financially stable before having kids.,,Ήθελα να είμαι οικονομικά σταθερός πριν κάνω παιδιά,Ήθελα να είμαι οικονομικά σταθερή πριν κάνω παιδιά
224,3.0,For Christmas I organised a collection of clothes for homeless people.,Για τα Χριστούγεννα οργάνωσα μια συλλογή ρούχων για άστεγους,,
225,11.0,I have always taken responsibility for all my decisions.,Πάντα αναλάμβανα την ευθύνη για όλες τις αποφάσεις μου,,
226,14.0,I could not invite the girl over because my place was too messy.,Δεν μπορούσα να προσκαλέσω το κορίτσι γιατί ο χώρος μου ήταν πολύ ακατάστατος,,
227,9.0,I never doubted myself.,Ποτέ δεν αμφέβαλα για τον εαυτό μου,,
229,10.0,I couldn't move forward without knowledge.,Δεν μπορούσα να προχωρήσω χωρίς γνώση,,
230,1.0,"When they asked me how I got over the breakup, I was amused because I still cry to this day.","Όταν με ρώτησαν πώς ξεπέρασα τον χωρισμό, έπαθα πλάκα γιατί ακόμα κλαίω μέχρι σήμερα",,
231,15.0,I was frustrated when my partner was not in the mood for sexual intimacy.,Απογοητεύτηκα όταν ο σύντροφός μου δεν είχε διάθεση για σεξουαλική οικειότητα,,
232,12.0,I decided to move for a job and my family went with me.,Αποφάσισα να μετακομίσω για δουλειά και η οικογένειά μου πήγε μαζί μου,,
233,6.0,I would never have dared to hold such an important position.,Δεν θα τολμούσα ποτέ να κατέχω μια τόσο σημαντική θέση,,
235,1.0,I have always been afraid of spiders although I know they cannot hurt me.,"Πάντα φοβόμουν τις αράχνες, αν και ξέρω ότι δεν μπορούν να με βλάψουν",,
236,5.0,"I participated in a group meditation, connecting with others who shared an interest in personal well-being and self-reflection.","Συμμετείχα σε έναν ομαδικό διαλογισμό, συνδέοντας άλλους που μοιράζονταν το ενδιαφέρον για την προσωπική ευημερία και τον αυτοστοχασμό",,
237,10.0,I signed up for a professional course in communication.,Εγγραφήκα για ένα επαγγελματικό μάθημα επικοινωνίας,,
239,12.0,I am aware that the whole household depends on me.,Γνωρίζω ότι όλο το σπίτι εξαρτάται από εμένα,,
240,8.0,I would like to try diving with sharks.,Θα ήθελα να δοκιμάσω να βουτήξω με καρχαρίες,,
241,2.0,I did everything in my power to be invisible.,,"Έκανα ό,τι περνούσε από το χέρι μου για να είμαι αόρατος","Έκανα ό,τι περνούσε από το χέρι μου για να είμαι αόρατη"
242,7.0,"I couldn't guess the brand of the make-up, but I felt gorgeous wearing it.","Δεν μπορούσα να μαντέψω τη μάρκα του μακιγιάζ, αλλά ένιωσα υπέροχα φορώντας το",,
243,15.0,I could not stop looking at their hot body.,Δεν μπορούσα να σταματήσω να κοιτάζω το καυτό σώμα τους,,
244,15.0,I am sad when I don't have sex.,Είμαι λυπημένος όταν δεν κάνω σεξ,,
246,9.0,I approached challenges with a sense of assurance and determination.,Προσέγγισα τις προκλήσεις με μια αίσθηση σιγουριάς και αποφασιστικότητας,,
248,12.0,I focused on improving our family's financial well-being.,Επικεντρώθηκα στη βελτίωση της οικονομικής ευημερίας της οικογένειάς μας,,
252,7.0,I've been told that I had beautiful eyes when I was younger.,,Μου είπαν ότι είχα όμορφα μάτια όταν ήμουν νεότερος,Μου είπαν ότι είχα όμορφα μάτια όταν ήμουν νεότερη
253,6.0,"After the break-up, I had to see a psychologist.","Μετά τον χωρισμό, έπρεπε να δω έναν ψυχολόγο",,
255,3.0,I hosted the event at home and served the guests myself.,,Οργάνωσα την εκδήλωση στο σπίτι και εξυπηρέτησα τους καλεσμένους μόνος μου,Οργάνωσα την εκδήλωση στο σπίτι και εξυπηρέτησα τους καλεσμένους μόνη μου
256,6.0,"I found it challenging to lift heavy weights at the gym, realizing my physical weakness.","Μου ήταν δύσκολο να σηκώνω μεγάλα βάρη στο γυμναστήριο, συνειδητοποιώντας τη σωματική μου αδυναμία",,
257,13.0,I like when my employees listen to what I say.,Μου αρέσει όταν οι υπάλληλοί μου ακούνε αυτά που λέω,,
258,12.0,I prioritised my family's financial stability.,Έδωσα προτεραιότητα στην οικονομική σταθερότητα της οικογένειάς μου,,
259,12.0,I started saving up money years ago so we can buy a house soon.,"Άρχισα να αποταμιεύω χρήματα πριν από χρόνια, για να μπορέσουμε να αγοράσουμε ένα σπίτι σύντομα",,
260,1.0,"I am aware that credit cards are bad, but I just love shopping.","Γνωρίζω ότι οι πιστωτικές κάρτες είναι κακές, αλλά μου αρέσουν τα ψώνια",,
261,2.0,Today I bought a basket so we could go on a picnic.,Σήμερα αγόρασα ένα καλάθι για να πάμε για πικνίκ,,
262,9.0,I could easily swim across that whole lake.,Μπορούσα εύκολα να κολυμπήσω σε όλη αυτή τη λίμνη,,
263,1.0,I instantly felt we'd become best friends.,Αισθάνθηκα αμέσως ότι θα γίναμε οι καλύτεροι φίλοι,,
264,13.0,"As a team leader, I was very successful and often praised by my supervisors.","Ως αρχηγός ομάδας, ήμουν πολύ επιτυχημένος και συχνά με επαίνεσαν οι προϊστάμενοί μου",,
265,6.0,I went for a run but gave up after 10 minutes.,Πήγα για τρέξιμο αλλά τα παράτησα μετά από 10 λεπτά,,
266,8.0,I was driving so fast.,Οδηγούσα τόσο γρήγορα,,
267,15.0,I'm confident in bed and have no problem taking charge.,,Είμαι σίγουρος στο κρεβάτι και δεν έχω κανένα πρόβλημα να αναλάβω την ευθύνη,Είμαι σίγουρη στο κρεβάτι και δεν έχω κανένα πρόβλημα να αναλάβω την ευθύνη
268,3.0,I have met a lot of great people through volunteering.,Έχω γνωρίσει πολλούς σπουδαίους ανθρώπους μέσω του εθελοντισμού,,
269,9.0,I have always been able to motivate others.,Πάντα μπορούσα να παρακινώ τους άλλους,,
270,3.0,I decided to walk the shelter dogs at least once a month.,Αποφάσισα να πηγαίνω βόλτα στα σκυλιά του καταφυγίου τουλάχιστον μία φορά το μήνα,,
271,15.0,"I would like to kiss you, are you alright with it?","Θα ήθελα να σε φιλήσω, είσαι καλά με αυτό",,
273,3.0,I always took care of other people's problems.,Πάντα φρόντιζα για τα προβλήματα των άλλων,,
274,13.0,I don't like being told how to do my job.,Δεν μου αρέσει να μου λένε πώς να κάνω τη δουλειά μου,,
275,4.0,I like doing dishes whilst listening to podcasts.,Μου αρέσει να φτιάχνω πιάτα ενώ ακούω podcasts,,
276,8.0,I never wore any protection when skateboarding.,Ποτέ δεν φορούσα καμία προστασία όταν κάνω skateboard,,
278,11.0,I was not affected by my emotions at all.,Δεν επηρεάστηκα καθόλου από τα συναισθήματά μου,,
279,2.0,I let them think I was kind.,Τους άφησα να νομίζουν ότι ήμουν ευγενικός,,
280,11.0,I didn't know how to take care of my own children.,Δεν ήξερα πώς να φροντίζω τα παιδιά μου,,
282,8.0,I wasn't afraid of blood.,Δεν φοβόμουν το αίμα,,
284,2.0,I did everything right and my boss was still dissatisfied with me.,Έκανα τα πάντα σωστά και το αφεντικό μου ήταν ακόμα δυσαρεστημένο μαζί μου,,
286,11.0,I can suppress my emotions in order to act rationally.,Μπορώ να καταπιέσω τα συναισθήματά μου για να ενεργήσω λογικά,,
288,10.0,I've been working towards my dream since high school.,Δουλεύω για το όνειρό μου από το γυμνάσιο,,
289,12.0,"I wasn't angry about working hard, I was making more money for my family.","Δεν ήμουν θυμωμένος που δούλευα σκληρά, έβγαζα περισσότερα χρήματα για την οικογένειά μου",,
291,1.0,I was not very good at science when I was in the high school.,,Δεν ήμουν πολύ καλός στις επιστήμες όταν ήμουν στο γυμνάσιο,Δεν ήμουν πολύ καλή στις επιστήμες όταν ήμουν στο γυμνάσιο
292,8.0,I like watching action movies.,Μου αρέσει να βλέπω ταινίες δράσης,,
293,15.0,I never asked for consent before having sex with someone.,Ποτέ δεν ζήτησα συγκατάθεση πριν κάνω σεξ με κάποιον,,
296,15.0,"I didn't know if we'd be good partners at the beginning of our relationship, I was only thinking about how we're good in bed.","Δεν ήξερα αν θα ήμασταν καλοί σύντροφοι στην αρχή της σχέσης μας, σκεφτόμουν μόνο πώς είμαστε καλοί στο κρεβάτι",,
297,1.0,I had such terrible mood swings.,Είχα τόσο τρομερές εναλλαγές της διάθεσης,,
298,13.0,I have always had a desire to lead people and achieve admirable results with them.,Πάντα είχα την επιθυμία να οδηγήσω τους ανθρώπους και να πετύχω αξιοθαύμαστα αποτελέσματα μαζί τους,,
299,13.0,I received an award for the best team leader.,Έλαβα ένα βραβείο για τον καλύτερο αρχηγό της ομάδας,,
300,7.0,The fact that I look good helped me many times in my life.,Το γεγονός ότι φαίνομαι ωραία με βοήθησε πολλές φορές στη ζωή μου,,
301,12.0,I was expecting a raise and I really got promoted.,Περίμενα αύξηση και πραγματικά πήρα προαγωγή,,
303,15.0,I had a one night stand every time I went to a disco.,Είχα ένα one night stand κάθε φορά που πήγαινα σε μια ντίσκο,,
304,16.0,I prefer to hike alone because others are not in good shape.,,Προτιμώ να κάνω πεζοπορία μόνος γιατί οι άλλοι δεν είναι σε καλή κατάσταση,Προτιμώ να κάνω πεζοπορία μόνη γιατί οι άλλοι δεν είναι σε καλή κατάσταση
305,15.0,I often imagined them naked.,Συχνά τους φανταζόμουν γυμνούς,,
306,16.0,I could easily fight you.,Θα μπορούσα εύκολα να σε πολεμήσω,,
308,16.0,"My job required a lot of physical strength, so I exercised a lot.","Η δουλειά μου απαιτούσε πολλή σωματική δύναμη, γι' αυτό ασκήθηκα πολύ",,
311,6.0,"I cannot lift this, it is too heavy.","Δεν μπορώ να το σηκώσω, είναι πολύ βαρύ",,
312,4.0,I should have cleaned the floors more thoroughly.,Θα έπρεπε να είχα καθαρίσει τα πατώματα πιο σχολαστικά,,
317,16.0,I enrolled in the voluntary military unit.,Γράφτηκα στην εθελοντική στρατιωτική μονάδα,,
318,12.0,I would never allow my children to suffer deprivation.,Δεν θα επέτρεπα ποτέ στα παιδιά μου να υποστούν στερήσεις,,
319,9.0,I am very sure that I am right.,,Είμαι πολύ σίγουρος ότι έχω δίκιο,Είμαι πολύ σίγουρη ότι έχω δίκιο
321,9.0,I never knew the word failure.,Ποτέ δεν ήξερα τη λέξη αποτυχία,,
322,13.0,It was stressful but I knew I could handle the stress and make the team successful.,"Ήταν αγχωτικό, αλλά ήξερα ότι μπορούσα να διαχειριστώ το άγχος και να κάνω την ομάδα επιτυχημένη",,
323,9.0,I never had issues with public speaking.,Ποτέ δεν είχα προβλήματα με τη δημόσια ομιλία,,
324,2.0,If only I found a partner as kindhearted as me!,Μακάρι να έβρισκα έναν σύντροφο τόσο καλόκαρδο όσο εγώ,,
326,4.0,I'm uncomfortable when I see my kid shoving all that dirty stuff in his mouth.,Νιώθω άβολα όταν βλέπω το παιδί μου να χώνει όλα αυτά τα βρώμικα πράγματα στο στόμα του,,
327,7.0,I suspected I got hired because I looked good.,,Υποψιαζόμουν ότι προσλήφθηκα επειδή έδειχνα καλός,Υποψιαζόμουν ότι προσλήφθηκα επειδή έδειχνα καλή
328,13.0,I have always tried to create an inspiring vision of the future that motivates and inspires my team.,Πάντα προσπαθούσα να δημιουργήσω ένα εμπνευσμένο όραμα για το μέλλον που κινητοποιεί και εμπνέει την ομάδα μου,,
329,15.0,I already explained to you that I'm not looking for a serious relationship right now.,Σου εξήγησα ήδη ότι δεν ψάχνω για σοβαρή σχέση αυτή τη στιγμή,,
330,11.0,I made a perfect plan and it worked.,Έκανα ένα τέλειο σχέδιο και λειτούργησε,,
332,9.0,"I don't like to rely on others, I do things best on my own anyway.",,"Δεν μου αρέσει να βασίζομαι σε άλλους, ούτως ή άλλως κάνω τα πράγματα καλύτερα μόνος μου","Δεν μου αρέσει να βασίζομαι σε άλλους, ούτως ή άλλως κάνω τα πράγματα καλύτερα μόνη μου"
333,6.0,"I wanted to pick a strength sport at first, but then I decided to opt for something milder.","Ήθελα να επιλέξω ένα άθλημα δύναμης στην αρχή, αλλά μετά αποφάσισα να επιλέξω κάτι πιο ήπιο",,
335,16.0,I worked out for almost two hours every other day.,Δούλεψα σχεδόν δύο ώρες κάθε δεύτερη μέρα,,
339,9.0,My teachers were always telling me that I'm assertive and I think they were right.,Οι δάσκαλοί μου πάντα μου έλεγαν ότι είμαι ισχυρογνώμων και νομίζω ότι είχαν δίκιο,,
340,3.0,I decided that I would take older animals from the shelter to spend the rest of their lives with me.,Αποφάσισα ότι θα έπαιρνα μεγαλύτερα ζώα από το καταφύγιο για να περάσουν την υπόλοιπη ζωή τους μαζί μου,,
341,14.0,I bought a new airsoft gun.,αγόρασα ένα νέο πιστόλι airsoft,,
342,10.0,I founded a company that won an award.,Ίδρυσα μια εταιρεία που κέρδισε ένα βραβείο,,
346,13.0,"Wherever I went, my team followed me.","Όπου κι αν πήγα, η ομάδα μου με ακολουθούσε",,
347,14.0,I ordered a lot of new board games.,Παράγγειλα πολλά νέα επιτραπέζια παιχνίδια,,
348,7.0,I could not wait for the sales to start so I could upgrade my wardrobe.,Ανυπομονούσα να ξεκινήσουν οι εκπτώσεις για να μπορέσω να αναβαθμίσω την γκαρνταρόμπα μου,,
349,9.0,I didn't want to miss the opportunity and asked for their numbers.,Δεν ήθελα να χάσω την ευκαιρία και ζήτησα τους αριθμούς τους,,
350,12.0,I found it humiliating that my partner was making more money than me.,Μου ήταν ταπεινωτικό που ο σύντροφός μου έβγαζε περισσότερα χρήματα από εμένα,,
351,7.0,I put extra effort into making my hair look good today.,Κάνω επιπλέον προσπάθεια για να κάνω τα μαλλιά μου να φαίνονται όμορφα σήμερα,,
352,11.0,Some people told me that I used too much brain and too little emotion.,Μερικοί άνθρωποι μου είπαν ότι χρησιμοποίησα πολύ μυαλό και πολύ λίγα συναισθήματα,,
354,13.0,I wanted the promotion very badly.,Ήθελα πολύ την προαγωγή,,
355,11.0,I am very objective.,,Είμαι πολύ αντικειμενικός,Είμαι πολύ αντικειμενική
356,8.0,"Nobody talks to me because they think that if I'm muscular, I have to be aggressive.",,"Κανείς δεν μου μιλάει γιατί πιστεύουν ότι αν είμαι μυώδης, πρέπει να είμαι επιθετικός","Κανείς δεν μου μιλάει γιατί πιστεύουν ότι αν είμαι μυώδης, πρέπει να είμαι επιθετική"
357,5.0,I felt better after talking to my friend.,Ένιωσα καλύτερα αφού μίλησα με τον φίλο μου,,
359,2.0,I picked some flowers to make my day more beautiful.,Μάζεψα μερικά λουλούδια για να κάνω τη μέρα μου πιο όμορφη,,
360,16.0,I always enjoyed running.,Πάντα μου άρεσε να τρέχω,,
363,16.0,I had endless energy when I was younger.,,Είχα ατελείωτη ενέργεια όταν ήμουν νεότερος,Είχα ατελείωτη ενέργεια όταν ήμουν νεότερη
364,14.0,I promised all kinds of things but never did them in reality.,Υποσχέθηκα όλα τα είδη των πραγμάτων αλλά δεν τα έκανα ποτέ στην πραγματικότητα,,
365,1.0,"This makes no sense, I screamed.","Δεν έχει νόημα, ούρλιαξα",,
366,15.0,They asked me if I've slept with my partner already.,Με ρώτησαν αν έχω ήδη κοιμηθεί με τον σύντροφό μου,,
368,16.0,I always enjoyed martial arts.,Πάντα μου άρεσαν οι πολεμικές τέχνες,,
369,3.0,I engaged in acts of kindness and compassion towards strangers.,Έκανα πράξεις καλοσύνης και συμπόνιας προς αγνώστους,,
371,12.0,I drove the kids to school.,Έδωσα τα παιδιά στο σχολείο,,
375,5.0,I never struggled with making new friends.,Ποτέ δεν δυσκολεύτηκα να κάνω νέους φίλους,,
376,9.0,"I've been told several times that I'm rude, but I don't think so.","Μου έχουν πει πολλές φορές ότι είμαι αγενής, αλλά δεν το νομίζω",,
377,13.0,"As the leader, I was responsible for the operation of the whole factory.",,"Ως αρχηγός, ήμουν υπεύθυνος για τη λειτουργία ολόκληρου του εργοστασίου","Ως αρχηγός, ήμουν υπεύθυνη για τη λειτουργία ολόκληρου του εργοστασίου"
379,9.0,I showcased my skills in front of the whole meeting room.,Επέδειξα τις ικανότητές μου μπροστά σε ολόκληρη την αίθουσα συσκέψεων,,
381,8.0,"I like surfing, especially on very high waves.","Μου αρέσει το σερφ, ειδικά σε πολύ ψηλά κύματα",,
383,5.0,They preferred me because they assumed that I would be friendlier than other people.,,Με προτίμησαν γιατί υπέθεσαν ότι θα ήμουν πιο φιλικός από τους άλλους ανθρώπους,Με προτίμησαν γιατί υπέθεσαν ότι θα ήμουν πιο φιλική από τους άλλους ανθρώπους
384,4.0,"I would never let my partner go to work in unironed clothes, that would be shameful.","Δεν θα άφηνα ποτέ τον σύντροφό μου να πάει στη δουλειά με μη σιδερωμένα ρούχα, αυτό θα ήταν ντροπή",,
386,15.0,I could not go without sex for more than a few days.,Δεν μπορούσα να πάω χωρίς σεξ για περισσότερες από λίγες μέρες,,
387,11.0,I am a scientist.,Είμαι επιστήμονας,,
388,5.0,I hated the office job because I could not talk to people directly.,Μισούσα τη δουλειά στο γραφείο γιατί δεν μπορούσα να μιλήσω απευθείας με τους ανθρώπους,,
389,10.0,"I like to talk openly with employees, I don't have time to waste.","Μου αρέσει να μιλάω ανοιχτά με τους υπαλλήλους, δεν έχω χρόνο για χάσιμο",,
390,1.0,Is it okay that I peeked into my partner's phone?,Είναι εντάξει που κοίταξα το τηλέφωνο του συντρόφου μου,,
391,1.0,"When we broke up, I immediately bought a plane ticket and left the country.","Όταν χωρίσαμε, αγόρασα αμέσως ένα αεροπορικό εισιτήριο και έφυγα από τη χώρα",,
393,13.0,"At first I was scared to start a company, but after a while I realised that it is not difficult to lead people.","Στην αρχή φοβόμουν να ξεκινήσω μια εταιρεία, αλλά μετά από λίγο συνειδητοποίησα ότι δεν είναι δύσκολο να καθοδηγείς ανθρώπους",,
394,12.0,I created and maintained an emergency fund to provide a safety net for unexpected expenses.,Δημιουργώ και διατήρησα ένα ταμείο έκτακτης ανάγκης για να παρέχω ένα δίχτυ ασφαλείας για απροσδόκητα έξοδα,,
396,4.0,"If I don't clean my ears after a shower, I'm uncomfortable.","Αν δεν καθαρίσω τα αυτιά μου μετά από ένα ντους, νιώθω άβολα",,
397,3.0,I helped clean up the whole forest path from garbage.,Βοήθησα να καθαριστεί ολόκληρο το δασικό μονοπάτι από τα σκουπίδια,,
398,3.0,I could have never pretended that I did not see all that pain.,Δεν θα μπορούσα ποτέ να προσποιηθώ ότι δεν είδα όλον αυτόν τον πόνο,,
399,3.0,"I am employed, but in my spare time I work in a nursing home.","Είμαι μισθωτός, αλλά στον ελεύθερο χρόνο μου εργάζομαι σε οίκο ευγηρίας",,
401,11.0,"I do not like gossip, it is rarely based on the truth.","Δεν μου αρέσει το κουτσομπολιό, σπάνια βασίζεται στην αλήθεια",,
402,13.0,"I made a team of experts, and we worked together and made the project successful.",Έφτιαξα μια ομάδα ειδικών και δουλέψαμε μαζί και κάναμε το έργο επιτυχημένο,,
403,9.0,"I never doubted they'd pick me, because I am good at what I do.",,"Ποτέ δεν αμφέβαλα ότι θα με διάλεγαν, γιατί είμαι καλός σε αυτό που κάνω","Ποτέ δεν αμφέβαλα ότι θα με διάλεγαν, γιατί είμαι καλή σε αυτό που κάνω"
404,10.0,I have always seen challenges as an opportunity for personal growth.,Πάντα έβλεπα τις προκλήσεις ως ευκαιρία για προσωπική ανάπτυξη,,
405,1.0,"It's a logical decision, but I decided otherwise.","Είναι μια λογική απόφαση, αλλά αποφάσισα διαφορετικά",,
406,1.0,I am convinced that intuition never lies.,,Είμαι πεπεισμένος ότι η διαίσθηση δεν λέει ποτέ ψέματα,Είμαι πεπεισμένη ότι η διαίσθηση δεν λέει ποτέ ψέματα
407,4.0,"I hated their floors, so I helped with the clean-up.","Μισούσα τα δάπεδά τους, οπότε βοήθησα στον καθαρισμό",,
408,1.0,I think I am not smart enough to pursue a career in an area that would require me to be.,,Νομίζω ότι δεν είμαι αρκετά έξυπνος για να ακολουθήσω μια καριέρα σε έναν τομέα που θα απαιτούσε να είμαι,Νομίζω ότι δεν είμαι αρκετά έξυπνη για να ακολουθήσω μια καριέρα σε έναν τομέα που θα απαιτούσε να είμαι
410,14.0,I exaggerated my stories.,Υπερέβαλα τις ιστορίες μου,,
411,4.0,I like it when my parents appreciate how nicely I cleaned my room.,Μου αρέσει όταν οι γονείς μου εκτιμούν πόσο όμορφα καθάρισα το δωμάτιό μου,,
412,11.0,I learned critical thinking at university.,Έμαθα την κριτική σκέψη στο πανεπιστήμιο,,
414,13.0,I designed the entire machine.,Σχεδίασα ολόκληρο το μηχάνημα,,
415,15.0,I was always thinking about sex.,Πάντα σκεφτόμουν το σεξ,,
416,16.0,I've incorporated two-phase workouts into my schedule.,Έχω ενσωματώσει προπονήσεις δύο φάσεων στο πρόγραμμά μου,,
417,15.0,I had a one night stand every other day when I was on vacation.,Είχα ένα one night stand κάθε δεύτερη μέρα όταν ήμουν σε διακοπές,,
419,15.0,"After sex, I always fell asleep immediately even though my partner wanted to talk with me.","Μετά το σεξ, πάντα κοιμόμουν αμέσως, παρόλο που ο σύντροφός μου ήθελε να μιλήσει μαζί μου",,
421,10.0,I have studied Japanese customs because I have dealings with the Japanese ambassador.,Έχω μελετήσει τα ιαπωνικά έθιμα γιατί έχω σχέσεις με τον Ιάπωνα πρεσβευτή,,
423,4.0,I consistently washed and changed my bedsheets.,Έπλενα και άλλαζα τα σεντόνια μου συνεχώς,,
426,4.0,"When I was deciding between the two houses, I chose the one in the cleaner location.","Όταν αποφάσιζα ανάμεσα στα δύο σπίτια, επέλεξα αυτό στην πιο καθαρή τοποθεσία",,
428,7.0,"Ever since I was a kid, I liked to dress nicely.","Από τότε που ήμουν παιδί, μου άρεσε να ντύνομαι όμορφα",,
430,3.0,I expressed my understanding and offered support.,Εξέφρασα την κατανόησή μου και προσέφερα την υποστήριξή μου,,
431,9.0,I did not need your help.,Δεν χρειαζόμουν τη βοήθειά σου,,
432,2.0,"Through meditation, I learned how to deal with anger.","Μέσω του διαλογισμού, έμαθα πώς να αντιμετωπίζω τον θυμό",,
434,11.0,I offered them a workshop on critical thinking.,Τους πρόσφερα ένα εργαστήριο κριτικής σκέψης,,
435,9.0,My strong weapon is that I am charismatic.,Το δυνατό μου όπλο είναι ότι είμαι χαρισματικός,,
436,3.0,"I can see that you are qualified, but wouldn't you want children in the near future?","Μπορώ να δω ότι έχεις τα προσόντα, αλλά δεν θα ήθελες παιδιά στο εγγύς μέλλον",,
438,4.0,"I tried to wash the dishes, but my partner didn't let me.","Προσπάθησα να πλύνω τα πιάτα, αλλά ο σύντροφός μου δεν με άφησε",,
439,9.0,"Confidence comes naturally to me, I never feel that I can't achieve something.","Η αυτοπεποίθηση μου έρχεται φυσικά, ποτέ δεν αισθάνομαι ότι δεν μπορώ να πετύχω κάτι",,
443,5.0,I am communicative.,,Είμαι επικοινωνιακός,Είμαι επικοινωνιακή
446,8.0,I've always been a reckless fighter.,Ήμουν πάντα ένας απερίσκεπτος μαχητής,,
447,2.0,"They said, that I was the best listener in the whole world.","Είπαν, ότι ήμουν ο καλύτερος ακροατής σε ολόκληρο τον κόσμο",,
448,7.0,"When I came there, I felt all eyes on me.","Όταν ήρθα εκεί, ένιωσα όλα τα βλέμματα πάνω μου",,
450,3.0,I hosted a charity fundraiser.,Οργάνωσα έναν φιλανθρωπικό έρανο,,
451,9.0,"I was sure that I would win the match and I was right, they were no rivals for me.",,"Ήμουν σίγουρος ότι θα κέρδιζα τον αγώνα και είχα δίκιο, δεν ήταν αντίπαλοι για μένα","Ήμουν σίγουρη ότι θα κέρδιζα τον αγώνα και είχα δίκιο, δεν ήταν αντίπαλοι για μένα"
452,1.0,I know I shouldn't cry when someone makes me angry.,Ξέρω ότι δεν πρέπει να κλαίω όταν κάποιος με θυμώνει,,
453,5.0,"I have always been very social, I love getting to know new people.",,"Ήμουν πάντα πολύ κοινωνικός, μου αρέσει να γνωρίζω νέους ανθρώπους","Ήμουν πάντα πολύ κοινωνική, μου αρέσει να γνωρίζω νέους ανθρώπους"
456,1.0,"I know I shouldn't base decisions on my emotions, but it's hard for me.","Ξέρω ότι δεν πρέπει να βασίζω τις αποφάσεις στα συναισθήματά μου, αλλά είναι δύσκολο για μένα",,
457,6.0,I'm scared to be home alone.,,Φοβάμαι να είμαι μόνος στο σπίτι,Φοβάμαι να είμαι μόνη στο σπίτι
458,3.0,"I adopted an animal at the zoo for a year, contributing to the funds for its care.","Υιοθέτησα ένα ζώο στο ζωολογικό κήπο για ένα χρόνο, συνεισφέροντας στα κεφάλαια για τη φροντίδα του",,
459,15.0,I didn't want to wait with sex until marriage.,Δεν ήθελα να περιμένω με το σεξ μέχρι τον γάμο,,
460,13.0,I studied business management so I could lead my father's company when he retires.,Σπούδασα διοίκηση επιχειρήσεων για να μπορώ να ηγούμαι της εταιρείας του πατέρα μου όταν συνταξιοδοτηθεί,,
461,10.0,I even took some work calls during my holidays.,Δέχτηκα ακόμη και κάποιες τηλεφωνίες στη δουλειά κατά τη διάρκεια των διακοπών μου,,
464,12.0,I would always return home late at night because I worked two jobs to provide for my family.,Πάντα επέστρεφα σπίτι αργά το βράδυ γιατί δούλευα δύο δουλειές για να φροντίσω την οικογένειά μου,,
465,3.0,"I didn't insist, because they were in a difficult situation.","Δεν επέμεινα, γιατί ήταν σε δύσκολη κατάσταση",,
466,8.0,I learned how to make fire when I was very young.,,Έμαθα πώς να φτιάχνω φωτιά όταν ήμουν πολύ μικρός,Έμαθα πώς να φτιάχνω φωτιά όταν ήμουν πολύ μικρή
469,16.0,I have adapted my diet so that I am able to train every day.,Έχω προσαρμόσει τη διατροφή μου έτσι ώστε να μπορώ να προπονούμαι κάθε μέρα,,
471,4.0,Cleaning is something I'm best in.,Το καθάρισμα είναι κάτι στο οποίο είμαι καλύτερος,,
473,13.0,I have always considered myself a leader.,Πάντα θεωρούσα τον εαυτό μου ηγέτη,,
474,16.0,I had to push my neighbour's car out of the driveway.,Έπρεπε να σπρώξω το αυτοκίνητο του γείτονά μου έξω από το δρόμο,,
475,6.0,I could not finish the hike.,Δεν μπορούσα να ολοκληρώσω την πεζοπορία,,
476,8.0,I never have a problem telling anybody anything straight to their face.,Ποτέ δεν έχω πρόβλημα να πω σε κανέναν οτιδήποτε κατευθείαν στο πρόσωπό του,,
478,8.0,I just had to keep going no matter how hard the situation was.,Απλώς έπρεπε να συνεχίσω όσο δύσκολη κι αν ήταν η κατάσταση,,
481,15.0,I like going to the club to find lovers.,Μου αρέσει να πηγαίνω στο κλαμπ για να βρω εραστές,,
482,4.0,I always decorated walls in school.,Πάντα στόλιζα τοίχους στο σχολείο,,
486,14.0,I stayed up until 3 am watching my favourite streamer.,,Έμεινα ξύπνιος μέχρι τις 3 τα ξημερώματα παρακολουθώντας τον αγαπημένο μου streamer,Έμεινα ξύπνια μέχρι τις 3 τα ξημερώματα παρακολουθώντας τον αγαπημένο μου streamer
487,9.0,"I maintained a composed demeanor, radiating a sense of assurance.","Διατήρησα μια συγκρατημένη συμπεριφορά, εκπέμποντας μια αίσθηση σιγουριάς",,
488,3.0,I like when everything is clean.,Μου αρέσει όταν όλα είναι καθαρά,,
489,2.0,"From a young age, I was told to be quiet when others were talking.",,"Από μικρός, μου έλεγαν να είμαι ήσυχος όταν μιλούσαν οι άλλοι",Από μικρή μου έλεγαν να είμαι ήσυχος όταν μιλούσαν οι άλλοι
490,1.0,I prayed that things would go smoothly.,Προσευχήθηκα να πάνε τα πράγματα ομαλά,,
494,6.0,"The bag is too heavy for me, because I'm weak.",,"Η τσάντα είναι πολύ βαριά για μένα, γιατί είμαι αδύναμος","Η τσάντα είναι πολύ βαριά για μένα, γιατί είμαι αδύναμη"
495,3.0,I loved taking care of the children.,Μου άρεσε να φροντίζω τα παιδιά,,
496,10.0,I would never talk behind my boss's back.,Δεν θα μιλούσα ποτέ πίσω από την πλάτη του αφεντικού μου,,
498,6.0,"I tried to perform a complex yoga pose, but my balance was weak, causing me to stumble and lose my stability.","Προσπάθησα να κάνω μια περίπλοκη στάση γιόγκα, αλλά η ισορροπία μου ήταν αδύναμη, με αποτέλεσμα να σκοντάψω και να χάσω τη σταθερότητά μου",,
501,14.0,I got so drunk last night that I totally forgot about today's meeting.,Μέθυσα τόσο χθες το βράδυ που ξέχασα τελείως τη σημερινή συνάντηση,,
502,5.0,I got a bit scared when I realized I was totally on my own.,,Φοβήθηκα λίγο όταν συνειδητοποίησα ότι ήμουν εντελώς μόνος μου,Φοβήθηκα λίγο όταν συνειδητοποίησα ότι ήμουν εντελώς μόνη μου
503,12.0,I earned extra money to invest in family outings.,Κέρδισα επιπλέον χρήματα για να επενδύσω σε οικογενειακές εξόδους,,
505,16.0,"When the snowstorm came, I helped people to dig up their cars.","Όταν ήρθε η χιονοθύελλα, βοήθησα τους ανθρώπους να σκάψουν τα αυτοκίνητά τους",,
506,12.0,I feel happy as a money provider.,,Νιώθω ευτυχισμένος ως πάροχος χρημάτων,Νιώθω ευτυχισμένη ως πάροχος χρημάτων
507,12.0,I don't like it when others tell me how to take care of my family.,Δεν μου αρέσει όταν οι άλλοι μου λένε πώς να φροντίζω την οικογένειά μου,,
508,2.0,I diminished my own worth and failed to acknowledge my accomplishments.,Μείωσα την αξία μου και δεν κατάφερα να αναγνωρίσω τα επιτεύγματά μου,,
516,3.0,I have an older neighbour with whom I agreed that we would go for a walk together at least once a week.,Έχω έναν μεγαλύτερο γείτονα με τον οποίο συμφώνησα να πηγαίνουμε βόλτα μαζί τουλάχιστον μία φορά την εβδομάδα,,
517,14.0,I always hated doing the chores at home.,Πάντα μισούσα να κάνω τις δουλειές στο σπίτι,,
518,10.0,I am a respected professional in my field.,Είμαι ένας αξιοσέβαστος επαγγελματίας στον τομέα μου,,
521,11.0,When I'm with my friends I like to talk about practical things like planning a trip or buying a new car.,"Όταν είμαι με τους φίλους μου, μου αρέσει να μιλάω για πρακτικά πράγματα όπως ο προγραμματισμός ενός ταξιδιού ή η αγορά ενός νέου αυτοκινήτου",,
522,1.0,I bought a lot of things that I did not need because it made me feel good for a short while.,αγόρασα πολλά πράγματα που δεν χρειαζόμουν γιατί με έκαναν να νιώθω καλά για λίγο,,
523,12.0,I would feel like a failure if I was unable to provide for the family.,Θα ένιωθα αποτυχημένος αν δεν μπορούσα να φροντίσω την οικογένεια,,
524,11.0,I realised that it is okay if someone disagrees with me.,Συνειδητοποίησα ότι είναι εντάξει αν κάποιος διαφωνεί μαζί μου,,
525,3.0,I promised the kids that on Sundays I would cook them their favourite foods.,Υποσχέθηκα στα παιδιά ότι τις Κυριακές θα τους μαγειρεύω τα αγαπημένα τους φαγητά,,
526,13.0,I always wanted to be in a leading position.,Πάντα ήθελα να είμαι σε ηγετική θέση,,
528,1.0,I quit my job and opened a bakery although I haven't worked in any.,"Έφυγα από τη δουλειά μου και άνοιξα ένα αρτοποιείο, αν και δεν έχω δουλέψει σε κανένα",,
529,2.0,"I was unable to find child care for my daughter, so I stayed at home with her.","Δεν μπορούσα να βρω παιδική φροντίδα για την κόρη μου, έτσι έμεινα στο σπίτι μαζί της",,
530,14.0,"When my friends came, I was like a kid again.","Όταν ήρθαν οι φίλοι μου, ήμουν πάλι σαν παιδί",,
533,4.0,I had to wash the clothes two times until the smoke odour was gone.,Έπρεπε να πλύνω τα ρούχα δύο φορές μέχρι να φύγει η μυρωδιά του καπνού,,
534,16.0,I lifted the heavy brick from the sidewalk.,Σήκωσα το βαρύ τούβλο από το πεζοδρόμιο,,
535,10.0,I knew what to do to get those sponsors.,Ήξερα τι να κάνω για να αποκτήσω αυτούς τους χορηγούς,,
536,14.0,"I like good fun, such as games.","Μου αρέσει η καλή διασκέδαση, όπως τα παιχνίδια",,
537,1.0,"When I was making that decision, I listened to my heart.","Όταν έπαιρνα αυτή την απόφαση, άκουσα την καρδιά μου",,
538,10.0,I made a lot of friends among the CEOs.,,Έκανα πολλούς φίλους μεταξύ των CEOs,Έκανα πολλούς φίλους μεταξύ των CEO
539,9.0,"I'm sure that without me, the company will go bankrupt.",,"Είμαι σίγουρος ότι χωρίς εμένα, η εταιρεία θα χρεοκοπήσει","Είμαι σίγουρη ότι χωρίς εμένα, η εταιρεία θα χρεοκοπήσει"
540,13.0,I signed up for a public speaking workshop.,Εγγραφήκα σε ένα εργαστήριο δημόσιας ομιλίας,,
541,4.0,"I would never wear dirty clothes, it would be unacceptable if someone saw me.","Δεν θα φορούσα ποτέ βρώμικα ρούχα, θα ήταν απαράδεκτο να με έβλεπε κάποιος",,
542,9.0,I entered the room and confidently made eye contact with the boss.,Μπήκα στο δωμάτιο και έκανα με σιγουριά οπτική επαφή με το αφεντικό,,
543,9.0,"I have learned from my mistakes, so I will not repeat them.","Έχω μάθει από τα λάθη μου, οπότε δεν θα τα επαναλάβω",,
544,1.0,I panicked when the lights went off.,Πανικοβλήθηκα όταν έσβησαν τα φώτα,,
546,15.0,I tried tantric sex.,Δοκίμασα το ταντρικό σεξ,,
547,8.0,"Climbing that mountain, I wasn't scared, not even for a second.","Σκαρφαλώνοντας αυτό το βουνό, δεν φοβήθηκα, ούτε για ένα δευτερόλεπτο",,
548,2.0,I avoided expressing disagreement or contradicting others.,Απέφυγα να εκφράσω διαφωνία ή να αντικρούσω τους άλλους,,
551,11.0,I conducted a thorough risk assessment before doing it.,Έκανα μια διεξοδική εκτίμηση κινδύνου πριν το κάνω,,
552,3.0,I was spending so much time with my kids when they were little because I didn't want to miss a thing.,Περνούσα τόσο πολύ χρόνο με τα παιδιά μου όταν ήταν μικρά γιατί δεν ήθελα να χάσω τίποτα,,
555,9.0,I knew I had the skills and resilience to overcome obstacles.,Ήξερα ότι είχα τις δεξιότητες και την ανθεκτικότητα για να ξεπεράσω τα εμπόδια,,
557,12.0,I feel happy when I can buy you a gift.,,Νιώθω χαρούμενος όταν μπορώ να σου αγοράσω ένα δώρο,Νιώθω χαρούμενη όταν μπορώ να σου αγοράσω ένα δώρο
558,3.0,I could have helped you.,Θα μπορούσα να σε είχα βοηθήσει,,
559,12.0,"I worked way too hard when the kids were little, so I missed their childhood.","Δούλευα πάρα πολύ σκληρά όταν τα παιδιά ήταν μικρά, οπότε μου έλειψε η παιδική τους ηλικία",,
561,8.0,"With sweat pouring down my face and fists clenched tight, I traded blows with my opponent.","Με τον ιδρώτα να χύνεται στο πρόσωπό μου και τις γροθιές σφιγμένες σφιχτά, αντάλλαξα χτυπήματα με τον αντίπαλό μου",,
562,14.0,I could not resist buying the new playstation 5.,Δεν μπορούσα να αντισταθώ στην αγορά του νέου playstation 5,,
563,8.0,I bought a pit bull because it suited me.,αγόρασα ένα πιτ μπουλ γιατί μου ταίριαζε,,
564,8.0,I stayed in the forest for 4 nights with no problems at all.,Έμεινα στο δάσος για 4 νύχτες χωρίς κανένα απολύτως πρόβλημα,,
565,12.0,I am happy to provide for my family's basic needs.,Είμαι στην ευχάριστη θέση να καλύπτω τις βασικές ανάγκες της οικογένειάς μου,,
567,7.0,I am a model.,Είμαι μοντέλο,,
568,10.0,I'm sure I'll get the job.,,Είμαι σίγουρος ότι θα πάρω τη δουλειά,Είμαι σίγουρη ότι θα πάρω τη δουλειά
569,1.0,I'm sad but I don't have any obvious reason.,"Είμαι λυπημένος, αλλά δεν έχω προφανή λόγο",,
570,2.0,I did not mind that the supervisor took all the credit for my work.,Δεν με πείραξε που ο επόπτης πήρε όλα τα εύσημα για τη δουλειά μου,,
571,13.0,I was a head chef at the restaurant when we received our first Michelin star.,Ήμουν επικεφαλής σεφ στο εστιατόριο όταν λάβαμε το πρώτο μας αστέρι Michelin,,
575,2.0,I sacrificed my own well-being and boundaries to maintain peace.,Θυσίασα τη δική μου ευημερία και τα όριά μου για να διατηρήσω την ειρήνη,,
576,11.0,I applied critical thinking skills when reading news articles.,Εφάρμοσα δεξιότητες κριτικής σκέψης όταν διάβαζα άρθρα ειδήσεων,,
577,13.0,I became head of the Committee on European Affairs.,Έγινα επικεφαλής της Επιτροπής Ευρωπαϊκών Υποθέσεων,,
578,3.0,I was afraid they had been hurt.,Φοβόμουν ότι είχαν πληγωθεί,,
579,1.0,I prayed that the math test would be easy.,Προσευχήθηκα να είναι εύκολο το τεστ στα μαθηματικά,,
580,2.0,I allowed others to interrupt or talk over me during conversations.,Επέτρεψα σε άλλους να με διακόπτουν ή να μιλάνε για μένα κατά τη διάρκεια των συνομιλιών,,
581,16.0,I am always looking for new challenges to push myself to a new level and test my limits.,Πάντα ψάχνω για νέες προκλήσεις για να ωθήσω τον εαυτό μου σε ένα νέο επίπεδο και να δοκιμάσω τα όριά μου,,
582,3.0,"I stepped back, so they could have what they wanted.","Έκανα ένα βήμα πίσω, για να έχουν αυτό που ήθελαν",,
584,6.0,I shouldn't be lifting heavy things.,Δεν πρέπει να σηκώνω βαριά πράγματα,,
585,10.0,I'm rational when solving any problem.,Είμαι λογικός όταν λύνω οποιοδήποτε πρόβλημα,,
586,11.0,I knew they stole it because of the evidence so I went to court.,"Ήξερα ότι το έκλεψαν λόγω των αποδεικτικών στοιχείων, οπότε πήγα στο δικαστήριο",,
587,5.0,I like family gatherings where we are all together.,Μου αρέσουν οι οικογενειακές συγκεντρώσεις όπου είμαστε όλοι μαζί,,
588,1.0,I saw a movie where a dog dies and I cried all week.,Είδα μια ταινία όπου πεθαίνει ένας σκύλος και έκλαιγα όλη την εβδομάδα,,
589,6.0,"I faced a complex problem and felt overwhelmed, revealing my weakness in problem-solving.",,"Αντιμετώπισα ένα περίπλοκο πρόβλημα και ένιωσα συγκλονισμένος, αποκαλύπτοντας την αδυναμία μου στην επίλυση προβλημάτων","Αντιμετώπισα ένα περίπλοκο πρόβλημα και ένιωσα συγκλονισμένη, αποκαλύπτοντας την αδυναμία μου στην επίλυση προβλημάτων"
590,4.0,I knew that I forgot to wash the windows.,Ήξερα ότι ξέχασα να πλύνω τα παράθυρα,,
591,5.0,I hated when my partner forgot to call me.,Μισούσα όταν ο σύντροφός μου ξέχασε να με πάρει τηλέφωνο,,
592,15.0,"As I watched them dance, a primal urge awakened in me and I felt sexual desire.","Καθώς τους έβλεπα να χορεύουν, μια πρωταρχική παρόρμηση ξύπνησε μέσα μου και ένιωσα σεξουαλική επιθυμία",,
593,12.0,I took calculated risks to grow my wealth and provide for my loved ones' future needs.,Πήρα υπολογισμένα ρίσκα για να αυξήσω τον πλούτο μου και να καλύπτω τις μελλοντικές ανάγκες των αγαπημένων μου προσώπων,,
594,7.0,"I've always liked colourful clothes since I was a kid, so I'm glad it's coming back into fashion.","Πάντα μου άρεσαν τα πολύχρωμα ρούχα από τότε που ήμουν παιδί, οπότε χαίρομαι που επιστρέφει στη μόδα",,
595,13.0,I like giving orders.,Μου αρέσει να δίνω εντολές,,
597,4.0,"I wanted to watch TV, but I had chores to do.","Ήθελα να δω τηλεόραση, αλλά είχα δουλειές να κάνω",,
598,15.0,I joined a swingers party.,Έγινα μέλος σε ένα πάρτι swingers,,
599,5.0,I volunteered at a local charity event to get to know other people.,Εγώ προσφέρθηκα εθελοντικά σε μια τοπική φιλανθρωπική εκδήλωση για να γνωρίσω άλλους ανθρώπους,,
600,1.0,I dropped out of college because I realised I was too weak to be a psychologist.,,Έφυγα από το κολέγιο γιατί συνειδητοποίησα ότι ήμουν πολύ αδύναμος για να γίνω ψυχολόγος,Έφυγα από το κολέγιο γιατί συνειδητοποίησα ότι ήμουν πολύ αδύναμη για να γίνω ψυχολόγος
603,11.0,I carefully planned my budget and tracked my expenses.,Σχεδίασα προσεκτικά τον προϋπολογισμό μου και παρακολουθούσα τα έξοδά μου,,
604,7.0,I didn't mind my clothes until other people started telling me that I should be wearing something less provoking.,Δεν με πείραζε τα ρούχα μου μέχρι που άλλοι άνθρωποι άρχισαν να μου λένε ότι θα έπρεπε να φοράω κάτι λιγότερο προκλητικό,,
606,3.0,"My brother forgot his lunch yesterday, but I dropped it off at his workplace.","Ο αδερφός μου ξέχασε το μεσημεριανό του χθες, αλλά το άφησα στο χώρο εργασίας του",,
607,12.0,I decided to build the house on my own.,,Αποφάσισα να χτίσω το σπίτι μόνος μου,Αποφάσισα να χτίσω το σπίτι μόνη μου
609,4.0,"I had to remind my partner to take a shower, although I never forget to take it myself.",,"Έπρεπε να υπενθυμίσω στον σύντροφό μου να κάνει ντους, αν και ποτέ δεν ξεχνάω να το κάνω μόνος μου","Έπρεπε να υπενθυμίσω στον σύντροφό μου να κάνει ντους, αν και ποτέ δεν ξεχνάω να το κάνω μόνη μου"
610,9.0,I am a good negotiator.,Είμαι καλός διαπραγματευτής,,
611,2.0,They are my bosses - how could I have refused?,Είναι τα αφεντικά μου - πώς θα μπορούσα να είχα αρνηθεί,,
613,4.0,"I deep cleaned the whole fridge, even though it took me two hours.","Καθάρισα βαθιά όλο το ψυγείο, παρόλο που μου πήρε δύο ώρες",,
614,1.0,"Rationality wasn't my strength, that's why I made so many mistakes.","Ο ορθολογισμός δεν ήταν η δύναμή μου, γι' αυτό έκανα τόσα λάθη",,
615,7.0,"I became accustomed to receiving compliments about my good looks, which boosted my self-esteem and confidence.","Έχω συνηθίσει να λαμβάνω κομπλιμέντα για την καλή μου εμφάνιση, κάτι που ενίσχυσε την αυτοεκτίμηση και την αυτοπεποίθησή μου",,
617,11.0,I didn't believe in astronomy.,Δεν πίστευα στην αστρονομία,,
619,16.0,"I hated the new workout program, it was too easy for me.","Μισούσα το νέο πρόγραμμα προπόνησης, ήταν πολύ εύκολο για μένα",,
620,5.0,I couldn't just go to the movies alone.,Δεν μπορούσα να πάω μόνος σινεμά,,
622,7.0,I took care of my looks.,Φρόντισα την εμφάνισή μου,,
623,7.0,I like to dress professionally for work because I feel more confident.,Μου αρέσει να ντύνομαι επαγγελματικά για τη δουλειά γιατί νιώθω μεγαλύτερη αυτοπεποίθηση,,
624,8.0,They were scared of me because I had a strong body.,Με τρόμαξαν γιατί είχα γερό σώμα,,
625,13.0,I knew I could make a team and lead everyone.,Ήξερα ότι μπορούσα να κάνω μια ομάδα και να οδηγήσω τους πάντες,,
627,6.0,"I wanted to drive a truck, but when I went for an interview, they told me it wasn't a job for people like me.","Ήθελα να οδηγήσω ένα φορτηγό, αλλά όταν πήγα για συνέντευξη, μου είπαν ότι δεν ήταν δουλειά για ανθρώπους σαν εμένα",,
628,8.0,Sometimes I fought for money.,Μερικές φορές πάλεψα για χρήματα,,
630,1.0,I spent 200€ at the hairdresser.,Ξόδεψα 200 € στο κομμωτήριο,,
636,9.0,I signed up for the class even though I had no prior experience.,Εγγραφήκα στο μάθημα παρόλο που δεν είχα προηγούμενη εμπειρία,,
637,2.0,"I've been told that I'm beautiful, because of my appearance and kind demeanor.","Μου είπαν ότι είμαι όμορφη, λόγω της εμφάνισής μου και της ευγενικής μου συμπεριφοράς",,
638,15.0,I always wanted to know how you kiss.,Πάντα ήθελα να μάθω πώς φιλάς,,
639,11.0,I would never let myself be manipulated.,Δεν θα άφηνα ποτέ τον εαυτό μου να χειραγωγηθεί,,
640,6.0,"I was angry, because I knew I could handle it but they didn't let me.",,"Ήμουν θυμωμένος, γιατί ήξερα ότι μπορούσα να το διαχειριστώ, αλλά δεν με άφησαν","Ήμουν θυμωμένη, γιατί ήξερα ότι μπορούσα να το διαχειριστώ, αλλά δεν με άφησαν"
641,4.0,I washed the bedsheets two days ago.,Έπλυνα τα σεντόνια πριν από δύο μέρες,,
643,13.0,My leadership skills are very good and I knew I would become a manager one day.,Οι ηγετικές μου ικανότητες είναι πολύ καλές και ήξερα ότι θα γίνω μάνατζερ μια μέρα,,
644,8.0,I like to do adrenaline sports.,Μου αρέσει να κάνω αθλήματα αδρεναλίνης,,
645,15.0,I dreamt I slept with my favourite celebrity.,Ονειρεύτηκα ότι κοιμήθηκα με την αγαπημένη μου διασημότητα,,
646,9.0,I would never be influenced by the opinions of others.,Δεν θα επηρεαζόμουν ποτέ από τις απόψεις των άλλων,,
648,12.0,My responsibility was to provide money and I felt good because of it.,Η ευθύνη μου ήταν να παρέχω χρήματα και ένιωσα καλά γι' αυτό,,
650,9.0,I am better than everyone in this room.,,Είμαι καλύτερος από όλους σε αυτό το δωμάτιο,Είμαι καλύτερη από όλους σε αυτό το δωμάτιο
651,11.0,I wanted to see more data.,Ήθελα να δω περισσότερα δεδομένα,,
655,11.0,"Before assembling the wardrobe, I read the manual.","Πριν συναρμολογήσω την ντουλάπα, διάβασα το εγχειρίδιο",,
656,6.0,I am physically weak.,,Είμαι σωματικά αδύναμος,Είμαι σωματικά αδύναμη
657,7.0,I could never go outside looking that ugly!,Δεν θα μπορούσα ποτέ να βγω έξω με τόσο άσχημη εμφάνιση,,
658,2.0,I'm a very polite person.,Είμαι πολύ ευγενικός άνθρωπος,,
663,14.0,"I've always been afraid of doctors, so I just stopped going to them.","Πάντα φοβόμουν τους γιατρούς, οπότε σταμάτησα να πηγαίνω σε αυτούς",,
664,8.0,I like to chop wood.,Μου αρέσει να κόβω ξύλα,,
665,6.0,I was so emotionally exhausted that I collapsed and had to be carried away from the ceremonial hall.,,Ήμουν τόσο συναισθηματικά εξαντλημένος που κατέρρευσα και έπρεπε να με παρασύρουν από την αίθουσα τελετών,Ήμουν τόσο συναισθηματικά εξαντλημένη που κατέρρευσα και έπρεπε να με παρασύρουν από την αίθουσα τελετών
666,9.0,I would do anything to get what I want.,Θα έκανα τα πάντα για να πάρω αυτό που θέλω,,
667,8.0,I had no choice but to get revenge.,Δεν είχα άλλη επιλογή από το να πάρω εκδίκηση,,
668,15.0,I wanted to have safe sex!,Ήθελα να κάνω ασφαλές σεξ,,
669,5.0,I called my friends to see if they would come over for dinner.,Πήρα τηλέφωνο τους φίλους μου για να δω αν θα έρθουν για δείπνο,,
672,12.0,I paid the bail for my friend.,Πλήρωσα την εγγύηση για τον φίλο μου,,
673,3.0,I was worried about their health.,Ανησυχούσα για την υγεία τους,,
674,7.0,I'm a manager and I would never go to work in shorts.,Είμαι μάνατζερ και δεν θα πήγαινα ποτέ στη δουλειά με σορτς,,
676,10.0,I always wanted to have strong networks and connections in my industry.,Πάντα ήθελα να έχω ισχυρά δίκτυα και συνδέσεις στον κλάδο μου,,
679,14.0,I bought LEGO even though I'm an adult.,αγόρασα LEGO παρόλο που είμαι ενήλικας,,
680,3.0,My clothes last very long because I always took great care of them.,Τα ρούχα μου διαρκούν πολύ γιατί πάντα τα πρόσεχα πολύ,,
681,14.0,I always wanted a more powerful car.,Πάντα ήθελα ένα πιο δυνατό αυτοκίνητο,,
682,14.0,I told them to get balloons for the prank.,Τους είπα να πάρουν μπαλόνια για τη φάρσα,,
683,5.0,I wanted to call my friend.,Ήθελα να τηλεφωνήσω στον φίλο μου,,
684,12.0,I was abroad because they offered me a better salary.,Ήμουν στο εξωτερικό γιατί μου πρόσφεραν καλύτερο μισθό,,
685,11.0,I always thought that worrying is a waste of time.,Πάντα πίστευα ότι το να ανησυχείς είναι χάσιμο χρόνου,,
686,12.0,"I came home late from work yesterday, there was so much to do.","γύρισα αργά χθες από τη δουλειά, είχα τόσα πολλά να κάνω",,
687,12.0,I worked overtime so that we could go on a nice holiday.,,Δούλεψα υπερωρίες για να πάμε όμορφες διακοπές,δούλεψα υπερωρίες για να πάμε όμορφες διακοπές
688,5.0,I like talking with my friends on the phone.,Μου αρέσει να μιλάω με τους φίλους μου στο τηλέφωνο,,
689,8.0,I would hurt them if they hurt you.,Θα τους πληγώσω αν σε πληγώσουν,,
691,1.0,I was not very good at math when I was in high school.,,Δεν ήμουν πολύ καλός στα μαθηματικά όταν ήμουν στο γυμνάσιο,Δεν ήμουν πολύ καλή στα μαθηματικά όταν ήμουν στο γυμνάσιο
692,12.0,I made a lot of money last year.,Έβγαλα πολλά χρήματα πέρυσι,,
693,2.0,"I always liked activities connected with art, such as dancing, painting, and acting.","Πάντα μου άρεσαν οι δραστηριότητες που συνδέονται με την τέχνη, όπως ο χορός, η ζωγραφική και η υποκριτική",,
694,4.0,They said that I'm good at cleaning and it made me so happy.,Είπαν ότι είμαι καλός στο καθάρισμα και με έκανε τόσο χαρούμενη,,
695,13.0,I like to lead people.,Μου αρέσει να οδηγώ τους ανθρώπους,,
696,13.0,"I had two idols, Bill Gates and Steve Jobs.","Είχα δύο είδωλα, τον Μπιλ Γκέιτς και τον Στιβ Τζομπς",,
697,13.0,I'm good at dividing tasks and making sure everybody is doing what they should.,,Είμαι καλός στο να μοιράζω καθήκοντα και να φροντίζω να κάνουν όλοι αυτό που πρέπει,Είμαι καλή στο να μοιράζω καθήκοντα και να φροντίζω να κάνουν όλοι αυτό που πρέπει
698,5.0,"Many people get annoyed when a stranger texts them, but I'm extremely grateful for that.","Πολλοί άνθρωποι ενοχλούνται όταν ένας άγνωστος τους στέλνει μήνυμα, αλλά είμαι εξαιρετικά ευγνώμων για αυτό",,
699,13.0,I managed the company even during hard times and recession.,Διοικούσα την εταιρεία ακόμα και σε δύσκολες στιγμές και ύφεση,,
700,9.0,I believed in myself.,Πίστεψα στον εαυτό μου,,
701,10.0,I did my job quickly and left for the next one.,Έκανα τη δουλειά μου γρήγορα και έφυγα για την επόμενη,,
704,8.0,I worked with criminals.,Δούλεψα με εγκληματίες,,
705,1.0,I got emotional when I was watching the last romantic movie with Adam Sandler.,Συγκινήθηκα όταν έβλεπα την τελευταία ρομαντική ταινία με τον Άνταμ Σάντλερ,,
706,8.0,I have never asked anyone for help.,Δεν έχω ζητήσει ποτέ βοήθεια από κανέναν,,
707,7.0,"I wanted to go swimming, but I didn't have time to shave my legs.","Ήθελα να πάω για κολύμπι, αλλά δεν είχα χρόνο να ξυρίσω τα πόδια μου",,
708,6.0,I did not have enough endurance to finish the hike and had to stay at a chalet.,Δεν είχα αρκετή αντοχή για να τελειώσω την πεζοπορία και έπρεπε να μείνω σε ένα σαλέ,,
709,2.0,Why do I always give in to everyone and let them always have their way?,Γιατί πάντα υποχωρώ σε όλους και τους αφήνω να έχουν πάντα τον τρόπο τους,,
711,14.0,I bathed in the fountain naked.,,Έκανα μπάνιο στο σιντριβάνι γυμνός,Έκανα μπάνιο στο σιντριβάνι γυμνή
712,8.0,I got lost in the forest and survived there for two weeks.,Χάθηκα στο δάσος και επέζησα εκεί για δύο εβδομάδες,,
713,14.0,I always knew I didn't want to stay too long in one place.,Πάντα ήξερα ότι δεν ήθελα να μείνω πολύ καιρό σε ένα μέρος,,
715,5.0,"When I'm hosting a party, I like to have balloons everywhere.","Όταν διοργανώνω ένα πάρτι, μου αρέσει να έχω μπαλόνια παντού",,
716,4.0,I always felt it was my responsibility to wash the clothes every week.,Πάντα ένιωθα ότι ήταν δική μου ευθύνη να πλένω τα ρούχα κάθε εβδομάδα,,
717,1.0,"We were visiting my sister in the delivery room and when I saw her son for the first time, I burst into tears.","Επισκεπτόμασταν την αδερφή μου στην αίθουσα τοκετού και όταν είδα τον γιο της για πρώτη φορά, ξέσπασα σε κλάματα",,
718,8.0,I put on a hard hat and worked tirelessly to build structures that would withstand the test of time.,Φόρεσα ένα σκληρό καπέλο και δούλεψα ακούραστα για να φτιάξω κατασκευές που θα άντεχαν στη δοκιμασία του χρόνου,,
720,12.0,I am proud that I am the head of this family.,,Είμαι περήφανος που είμαι ο αρχηγός αυτής της οικογένειας,Είμαι περήφανη που είμαι ο αρχηγός αυτής της οικογένειας
721,10.0,"As a lawyer, I demonstrated professionalism and integrity while representing clients in complex legal matters.","Ως δικηγόρος, επέδειξα επαγγελματισμό και ακεραιότητα εκπροσωπώντας πελάτες σε περίπλοκα νομικά θέματα",,
722,10.0,I was taking my professional responsibilities seriously.,Έλαβα τις επαγγελματικές μου ευθύνες στα σοβαρά,,
723,11.0,I researched different travel insurance options and compared their coverage and prices.,Έρευνα διάφορες επιλογές ταξιδιωτικής ασφάλισης και συνέκρινα την κάλυψη και τις τιμές τους,,
725,7.0,When my first wrinkle appeared I totally panicked.,"Όταν εμφανίστηκε η πρώτη μου ρυτίδα, πανικοβλήθηκα εντελώς",,
726,14.0,I never cared about dirty dishes.,Ποτέ δεν με ενδιέφεραν τα βρώμικα πιάτα,,
727,11.0,I stayed composed even though the customer started screaming at me.,,Έμεινα ψύχραιμος παρόλο που ο πελάτης άρχισε να μου ουρλιάζει,Έμεινα ψύχραιμη παρόλο που ο πελάτης άρχισε να μου ουρλιάζει
728,14.0,I don't like being serious - I like fun.,,Δεν μου αρέσει να είμαι σοβαρός - μου αρέσει η διασκέδαση,Δεν μου αρέσει να είμαι σοβαρή - μου αρέσει η διασκέδαση
729,12.0,I wanted to make more money so I took a riskier job.,"Ήθελα να βγάλω περισσότερα χρήματα, γι' αυτό πήρα μια πιο ριψοκίνδυνη δουλειά",,
730,8.0,I did not wear a seatbelt.,Δεν φόρεσα ζώνη ασφαλείας,,
731,3.0,I offered compassion in their time of sorrow.,Προσφέρθηκα συμπόνια στον καιρό της θλίψης τους,,
734,13.0,"I knew that if I made a mistake, the entire team would be fired.","Ήξερα ότι αν έκανα λάθος, ολόκληρη η ομάδα θα απολυόταν",,
735,6.0,I was not strong enough to lift my friend off the ground.,,Δεν ήμουν αρκετά δυνατός για να σηκώσω τον φίλο μου από το έδαφος,Δεν ήμουν αρκετά δυνατή για να σηκώσω τον φίλο μου από το έδαφος
736,6.0,I couldn't even lift my child.,Δεν μπορούσα ούτε να σηκώσω το παιδί μου,,
737,5.0,I went there and immediately made new friends.,Πήγα εκεί και έκανα αμέσως νέους φίλους,,
739,9.0,"I didn't need anyone's help to achieve my dreams, I did it all by myself.",,"Δεν χρειαζόμουν τη βοήθεια κανενός για να πραγματοποιήσω τα όνειρά μου, τα έκανα όλα μόνος μου","Δεν χρειαζόμουν τη βοήθεια κανενός για να πραγματοποιήσω τα όνειρά μου, τα έκανα όλα μόνη μου"
740,4.0,I like the smell of new furniture.,Μου αρέσει η μυρωδιά των καινούργιων επίπλων,,
741,15.0,"I had so many sexual desires in my head, that it was hard for me to keep myself from doing anything.","Είχα τόσες πολλές σεξουαλικές επιθυμίες στο κεφάλι μου, που μου ήταν δύσκολο να κρατήσω τον εαυτό μου από το να κάνω οτιδήποτε",,
742,3.0,I baked the cake for their birthday.,Έψησα την τούρτα για τα γενέθλιά τους,,
743,16.0,I worked at a construction site.,δούλευα σε ένα εργοτάξιο,,
744,13.0,I did what any captain would have done.,"Έκανα ό,τι θα έκανε οποιοσδήποτε καπετάνιος",,
746,12.0,I was always in charge of the matter of money.,,Ήμουν πάντα υπεύθυνος για το θέμα των χρημάτων,Ήμουν πάντα υπεύθυνη για το θέμα των χρημάτων
747,1.0,I could feel it was going to happen.,Ένιωθα ότι θα συνέβαινε,,
748,9.0,I could handle it myself.,,Θα μπορούσα να το διαχειριστώ μόνος μου,Θα μπορούσα να το διαχειριστώ μόνη μου
749,4.0,I don't like going to restaurants because I don't know how they wash the dishes.,Δεν μου αρέσει να πηγαίνω σε εστιατόρια γιατί δεν ξέρω πώς πλένουν τα πιάτα,,
750,8.0,Why should I not try it?,Γιατί να μην το δοκιμάσω,,
751,10.0,I was extremely proud when I was promoted.,,Ήμουν εξαιρετικά περήφανος όταν προήχθηκα,Ήμουν εξαιρετικά περήφανη όταν προήχθηκα
753,14.0,I like stupid ideas.,Μου αρέσουν οι ηλίθιες ιδέες,,
754,6.0,I could not defend myself.,Δεν μπορούσα να υπερασπιστώ τον εαυτό μου,,
755,4.0,I can't imagine having to go to public toilets.,Δεν μπορώ να φανταστώ ότι πρέπει να πάω σε δημόσιες τουαλέτες,,
756,10.0,I was invited to give a lecture.,Με κάλεσαν να δώσω μια διάλεξη,,
758,6.0,I was assaulted last night and had to testify to the police.,Δέχθηκα επίθεση χθες το βράδυ και έπρεπε να καταθέσω στην αστυνομία,,
760,11.0,I have always based my decisions on facts.,Πάντα βασιζόμουν τις αποφάσεις μου σε γεγονότα,,
761,9.0,I could do it better.,Θα μπορούσα να το κάνω καλύτερα,,
762,2.0,I'm shy and can't keep eye contact.,,Είμαι ντροπαλός και δεν μπορώ να έχω οπτική επαφή,Είμαι ντροπαλή και δεν μπορώ να έχω οπτική επαφή
763,10.0,"As a manager, I resolved workplace conflicts to foster a positive and productive work environment.","Ως διευθυντής, έλυσα τις συγκρούσεις στο χώρο εργασίας για να καλλιεργήσω ένα θετικό και παραγωγικό εργασιακό περιβάλλον",,
764,7.0,What type of shirts should I wear?,Τι τύπο πουκάμισα να φορέσω,,
765,15.0,My high sex drive led to late-night activities so I was always tired at work.,"Η έντονη σεξουαλική μου ορμή οδήγησε σε δραστηριότητες αργά το βράδυ, έτσι ήμουν πάντα κουρασμένη στη δουλειά",,
767,11.0,I did not even need a calculator.,Δεν χρειαζόμουν καν αριθμομηχανή,,
768,9.0,I'm ready to take responsibility and make tough decisions.,,Είμαι έτοιμος να αναλάβω την ευθύνη και να πάρω σκληρές αποφάσεις,Είμαι έτοιμη να αναλάβω την ευθύνη και να πάρω σκληρές αποφάσεις
771,8.0,I took the risk.,πήρα το ρίσκο,,
772,14.0,I refused to take out the trash.,αρνήθηκα να βγάλω τα σκουπίδια,,
773,9.0,I projected an aura of certainty and belief in my research findings.,Έβαλα μια αύρα βεβαιότητας και πίστης στα ευρήματα της έρευνάς μου,,
774,9.0,I would never underestimate my power.,Δεν θα υποτίμησα ποτέ τη δύναμή μου,,
775,9.0,"I have always trusted my own intellectual skills, they never fail me.","Πάντα εμπιστευόμουν τις διανοητικές μου ικανότητες, δεν με απογοητεύουν ποτέ",,
776,11.0,I was having a hard time expressing my emotions.,Δυσκολευόμουν να εκφράσω τα συναισθήματά μου,,
779,10.0,I conducted myself professionally in high-pressure situations.,Συμπεριφέρθηκα επαγγελματικά σε καταστάσεις υψηλής πίεσης,,
780,12.0,I'm financially stable.,,Είμαι οικονομικά σταθερός,Είμαι οικονομικά σταθερή
781,6.0,"They brought new decorative rocks to my garden, but I couldn't move them.","Έφεραν νέους διακοσμητικούς βράχους στον κήπο μου, αλλά δεν μπορούσα να τους μετακινήσω",,
782,9.0,I am sure that my success is mainly due to my character.,,Είμαι σίγουρος ότι η επιτυχία μου οφείλεται κυρίως στον χαρακτήρα μου,Είμαι σίγουρη ότι η επιτυχία μου οφείλεται κυρίως στον χαρακτήρα μου
787,9.0,I never thought of anyone being better than me.,Ποτέ δεν σκέφτηκα ότι κάποιος είναι καλύτερος από εμένα,,
788,1.0,"I dreamed I got into a car crash, so I rather took the bus today.","Ονειρεύτηκα ότι έπεσα σε τροχαίο, οπότε προτιμούσα να πάρω το λεωφορείο σήμερα",,
789,16.0,I survived a tiger attack.,Επέζησα από επίθεση τίγρης,,
790,11.0,I always believed that total objectivity is possible.,Πάντα πίστευα ότι η πλήρης αντικειμενικότητα είναι δυνατή,,
791,3.0,"I have always taken good care of my partner, I cooked and washed the clothes.","Πάντα φρόντιζα καλά τον σύντροφό μου, μαγείρευα και έπλενα τα ρούχα",,
792,2.0,"I don't like hard music, rather something soft.","Δεν μου αρέσει η σκληρή μουσική, μάλλον κάτι απαλό",,
793,6.0,I could never fight with someone physically.,Δεν θα μπορούσα ποτέ να τσακωθώ με κάποιον σωματικά,,
794,11.0,I made the rational decision.,Πήρα τη λογική απόφαση,,
797,9.0,I'm convinced that nobody can do a better job than me.,,Είμαι πεπεισμένος ότι κανείς δεν μπορεί να κάνει καλύτερη δουλειά από εμένα,Είμαι πεπεισμένη ότι κανείς δεν μπορεί να κάνει καλύτερη δουλειά από εμένα
798,9.0,"Others always told me not to do it, but I did and look where I am now.","Οι άλλοι μου έλεγαν πάντα να μην το κάνω, αλλά το έκανα και κοίτα πού είμαι τώρα",,
800,12.0,You didn't have to work because I took care of the income.,Δεν χρειάστηκε να δουλέψεις γιατί φρόντιζα για το εισόδημα,,
803,2.0,"Although I had an appointment, I didn't speak up.","Αν και είχα ραντεβού, δεν μίλησα",,
806,14.0,I still lived at my parents house when I was 29.,Ζούσα ακόμα στο σπίτι των γονιών μου όταν ήμουν 29 ετών,,
807,1.0,"Whenever I'm sad, I put on sad songs and it makes me feel even worse.","Όποτε είμαι λυπημένος, βάζω λυπημένα τραγούδια και με κάνει να νιώθω ακόμα χειρότερα",,
808,8.0,"Even though you didn't show it, I knew you were hurt.","Αν και δεν το έδειξες, ήξερα ότι είχες πληγωθεί",,
809,6.0,I went to a shooting club once but I was not strong enough to hold the rifle without trembling.,,"Πήγα σε ένα σκοπευτικό κλαμπ μια φορά, αλλά δεν ήμουν αρκετά δυνατός για να κρατήσω το τουφέκι χωρίς να τρέμω","Πήγα σε ένα σκοπευτικό κλαμπ μια φορά, αλλά δεν ήμουν αρκετά δυνατή για να κρατήσω το τουφέκι χωρίς να τρέμω"
812,14.0,I don't go in the shower unless I'm really dirty.,,Δεν πάω στο ντους εκτός αν είμαι πραγματικά βρώμικος,Δεν πάω στο ντους εκτός αν είμαι πραγματικά βρώμικη
813,5.0,I dislike solitude.,Δεν μου αρέσει η μοναξιά,,
814,7.0,"Sorry I'm late, I didn't know what to wear.","Συγγνώμη που άργησα, δεν ήξερα τι να φορέσω",,
815,11.0,I did not let emotions cloud my judgement.,Δεν άφησα τα συναισθήματα να θολώσουν την κρίση μου,,
820,15.0,I could never go longer than a month without sex.,Δεν θα μπορούσα ποτέ να μείνω περισσότερο από ένα μήνα χωρίς σεξ,,
822,11.0,I responded to a negative review by objectively evaluating the feedback.,Απάντησα σε μια αρνητική κριτική αξιολογώντας αντικειμενικά τα σχόλια,,
823,1.0,"When someone laughs, I get nervous because I immediately assume they're laughing at me.","Όταν κάποιος γελάει, νευριάζω γιατί αμέσως υποθέτω ότι γελάει μαζί μου",,
824,4.0,"I bought new clothes, but first I had them washed.","αγόρασα καινούργια ρούχα, αλλά πρώτα τα έβαλα να πλυθούν",,
829,8.0,I am ready to fight for what is mine.,,Είμαι έτοιμος να πολεμήσω για αυτό που είναι δικό μου,Είμαι έτοιμη να πολεμήσω για αυτό που είναι δικό μου
830,2.0,I tried to reject them as nicely as possible not to make them angry.,Προσπάθησα να τους απορρίψω όσο πιο όμορφα γινόταν για να μην τους θυμώσω,,
832,15.0,I bought the new issue of Playboy.,αγόρασα το νέο τεύχος του Playboy,,
834,9.0,I was sure I would score high on that test.,,Ήμουν σίγουρος ότι θα είχα υψηλή βαθμολογία σε αυτό το τεστ,Ήμουν σίγουρη ότι θα είχα υψηλή βαθμολογία σε αυτό το τεστ
835,6.0,I thought the lock was broken but it turns out that I was just too weak and did not push hard enough.,,"Νόμιζα ότι η κλειδαριά είχε σπάσει, αλλά αποδείχθηκε ότι ήμουν πολύ αδύναμος και δεν πίεζα αρκετά δυνατά","Νόμιζα ότι η κλειδαριά είχε σπάσει, αλλά αποδείχθηκε ότι ήμουν πολύ αδύναμη και δεν πίεζα αρκετά δυνατά"
836,6.0,"I needed help with moving, so I called a moving company.","Χρειαζόμουν βοήθεια για τη μετακόμιση, γι' αυτό κάλεσα μια μετακομιστική εταιρεία",,
837,15.0,I like to push my boundaries.,Μου αρέσει να ξεπερνάω τα όριά μου,,
838,12.0,I take pride in my ability to support my family financially.,,Είμαι περήφανος για την ικανότητά μου να συντηρώ οικονομικά την οικογένειά μου,Είμαι περήφανη για την ικανότητά μου να συντηρώ οικονομικά την οικογένειά μου
839,8.0,I told you that I can climb this mountain.,Σου είπα ότι μπορώ να ανέβω αυτό το βουνό,,
840,13.0,I decided to introduce new rules in the hospital.,Αποφάσισα να εισαγάγω νέους κανόνες στο νοσοκομείο,,
841,5.0,I was always the popular one in school.,,Ήμουν πάντα ο δημοφιλής στο σχολείο,Ήμουν πάντα η δημοφιλής στο σχολείο
842,10.0,I had a lot of clients because I acted like a professional.,Είχα πολλούς πελάτες γιατί συμπεριφέρθηκα σαν επαγγελματίας,,
843,8.0,I'd like to get back in the ring one day.,Θα ήθελα να επιστρέψω στο ρινγκ μια μέρα,,
845,1.0,"I wore the same pair of socks for every important exam, convinced that it would bring me good luck.",,"Φορούσα το ίδιο ζευγάρι κάλτσες για κάθε σημαντική εξέταση, πεπεισμένος ότι θα μου έφερνε καλή τύχη","Φορούσα το ίδιο ζευγάρι κάλτσες για κάθε σημαντική εξέταση, πεπεισμένη ότι θα μου έφερνε καλή τύχη"
847,13.0,"People tend to follow my lead, I have been a natural born leader since I was a kid.","Οι άνθρωποι τείνουν να ακολουθούν το παράδειγμά μου, είμαι φυσικός ηγέτης από τότε που ήμουν παιδί",,
849,2.0,"I did not like the way I was treated, but I decided not to speak up and defend myself for the sake of peace.","Δεν μου άρεσε ο τρόπος που μου φέρθηκαν, αλλά αποφάσισα να μην μιλήσω και να υπερασπιστώ τον εαυτό μου για χάρη της ειρήνης",,
851,16.0,I love it when someone asks me to open something.,Μου αρέσει όταν κάποιος μου ζητά να ανοίξω κάτι,,
852,9.0,I never needed to warm up before lifting the weights.,Δεν χρειάστηκε ποτέ να ζεσταθώ πριν σηκώσω τα βάρη,,
853,2.0,"No matter what, I was always trying to be nice to people.",,"Ό,τι και να γίνει, πάντα προσπαθούσα να είμαι ευγενικός με τους ανθρώπους","Ό,τι και να γίνει, πάντα προσπαθούσα να είμαι ευγενική με τους ανθρώπους"
854,11.0,I calculated the shortest route.,Υπολόγισα τη συντομότερη διαδρομή,,
855,4.0,I like to take care of my skin.,Μου αρέσει να φροντίζω το δέρμα μου,,
857,4.0,I gave the dog a bath.,Έκανα μπάνιο στο σκύλο,,
858,4.0,I felt disgusted when I saw her with greasy hair.,Ένιωσα αηδία όταν την είδα με λιπαρά μαλλιά,,
859,15.0,"We went to the bathroom in the club and had sex there, I could not bear to wait until we got home.","Πήγαμε στην τουαλέτα στο κλαμπ και κάναμε σεξ εκεί, δεν άντεχα να περιμένω μέχρι να φτάσουμε σπίτι",,
860,16.0,The sweat dripped from my brow as I practiced my martial arts techniques.,Ο ιδρώτας έσταζε από το μέτωπό μου καθώς εξασκούσα τις τεχνικές μου στις πολεμικές τέχνες,,
861,2.0,"When they asked to borrow my things, I didn't refuse.","Όταν μου ζήτησαν να δανειστούν τα πράγματά μου, δεν αρνήθηκα",,
862,3.0,I was unsure if they liked my cookies.,,Δεν ήμουν σίγουρος αν τους άρεσαν τα μπισκότα μου,Δεν ήμουν σίγουρη αν τους άρεσαν τα μπισκότα μου
865,1.0,I never expressed my opinions because I felt nobody would listen to me.,Ποτέ δεν εξέφρασα τις απόψεις μου γιατί ένιωθα ότι κανείς δεν θα με άκουγε,,
866,4.0,I washed and sterilized my reusable water bottles and food containers.,Έπλυνα και αποστείρωσα τα επαναχρησιμοποιήσιμα μπουκάλια νερού και τα δοχεία φαγητού μου,,
867,15.0,"I like casual sex, no strings attached.","Μου αρέσει το περιστασιακό σεξ, χωρίς δεσμούς",,
868,12.0,I don't want my partner to work.,Δεν θέλω ο σύντροφός μου να δουλέψει,,
870,13.0,I will do my best to create the best possible working conditions for my team.,"Θα κάνω ό,τι μπορώ για να δημιουργήσω τις καλύτερες δυνατές συνθήκες εργασίας για την ομάδα μου",,
871,1.0,"Even after explaining it to me many times, I still did not understand.","Ακόμα και αφού μου το εξήγησα πολλές φορές, δεν κατάλαβα",,
872,9.0,I'm always a winner in any race or competition.,Είμαι πάντα νικητής σε οποιονδήποτε αγώνα ή διαγωνισμό,,
873,3.0,I made my mom a memory book for her birthday.,Έφτιαξα στη μαμά μου ένα βιβλίο αναμνήσεων για τα γενέθλιά της,,
875,7.0,I learned very early that good looks help me in life.,,Έμαθα πολύ νωρίς ότι η ωραία εμφάνιση με βοηθά στη ζωή,Έμαθα πολύ νωρίς ότι η ωραία εμφάνιση με βοηθάει στη ζωή
876,15.0,I like porn.,Μου αρέσει το πορνό,,
877,10.0,I like to have responsibility for large projects.,Μου αρέσει να έχω την ευθύνη για μεγάλα έργα,,
878,1.0,I couldn't control my jealousy and ended up accusing my partner of things they didn't do.,Δεν μπορούσα να ελέγξω τη ζήλια μου και κατέληξα να κατηγορήσω τον σύντροφό μου για πράγματα που δεν έκανε,,
879,5.0,"Tell me when I'll be talking too much, I'm way too talkative.",,"Πες μου πότε θα μιλήσω πολύ, είμαι πολύ ομιλητικός","Πες μου πότε θα μιλήσω πολύ, είμαι πολύ ομιλητική"
881,9.0,You are not capable of what I am capable of.,Δεν είσαι ικανός για αυτό που είμαι ικανός εγώ,,
882,14.0,I've never been to a club because I'm embarrassed to dance in front of others.,Δεν έχω πάει ποτέ σε κλαμπ γιατί ντρέπομαι να χορεύω μπροστά σε άλλους,,
886,10.0,I knew I had to surround myself with educated people.,Ήξερα ότι έπρεπε να περιβάλλω τον εαυτό μου με μορφωμένους ανθρώπους,,
887,11.0,I could not decide based just on my gut feeling.,Δεν μπορούσα να αποφασίσω με βάση μόνο το ένστικτό μου,,
888,3.0,They liked me because I had the ability to take care of others.,Με άρεσαν γιατί είχα την ικανότητα να φροντίζω τους άλλους,,
890,2.0,I wanted to be likable.,Ήθελα να είμαι συμπαθής,,
892,16.0,I am determined to win this fight.,,Είμαι αποφασισμένος να κερδίσω αυτόν τον αγώνα,Είμαι αποφασισμένη να κερδίσω αυτόν τον αγώνα
893,14.0,I've been looking forward to summer all year because I can finally play with water guns.,Ανυπομονώ για το καλοκαίρι όλο το χρόνο γιατί επιτέλους μπορώ να παίξω με νεροπίστολα,,
894,4.0,I washed the dishes.,Έπλυνα τα πιάτα,,
895,6.0,I had such a heavy bag that I almost didn't bring it home.,Είχα μια τόσο βαριά τσάντα που σχεδόν δεν την έφερα σπίτι,,
897,5.0,I could not wait to see all my old friends again.,Ανυπομονούσα να ξαναδώ όλους τους παλιούς μου φίλους,,
898,15.0,I felt randomly aroused when I saw a sexy body.,Ένιωσα τυχαία διέγερση όταν είδα ένα σέξι σώμα,,
900,1.0,I avoided cracks on the sidewalk to avoid bad luck.,Απέφυγα τις ρωγμές στο πεζοδρόμιο για να αποφύγω την κακή τύχη,,
901,8.0,I love hunting.,Λατρεύω το κυνήγι,,
903,10.0,"I wasn't afraid to ask for more money, because my services are worth it.","Δεν φοβήθηκα να ζητήσω περισσότερα χρήματα, γιατί οι υπηρεσίες μου αξίζουν τον κόπο",,
905,7.0,"I needed a new haircut, but when I called the hairdresser, they couldn't see me on Monday.","Χρειαζόμουν ένα νέο κούρεμα, αλλά όταν τηλεφώνησα στο κομμωτήριο, δεν μπορούσαν να με δουν τη Δευτέρα",,
906,2.0,"They asked me if I could help them, and I couldn't say no.","Με ρώτησαν αν μπορούσα να τους βοηθήσω, και δεν μπορούσα να πω όχι",,
907,6.0,The doctor told me I'd be healthier and stronger if I ate more.,Ο γιατρός μου είπε ότι θα ήμουν πιο υγιής και δυνατός αν έτρωγα περισσότερο,,
908,13.0,I started a mentorship academy for young people.,Ξεκίνησα μια ακαδημία καθοδήγησης για νέους,,
909,1.0,"Maybe if I prayed more, it would be better.","Ίσως αν προσευχόμουν περισσότερο, θα ήταν καλύτερα",,
911,11.0,I consulted a fact-checker.,Συμβουλεύτηκα έναν ελεγκτή δεδομένων,,
913,3.0,I could get any job because I have children.,Θα μπορούσα να βρω οποιαδήποτε δουλειά επειδή έχω παιδιά,,
914,7.0,"If I had to say one thing I wouldn't go anywhere without, it would be rings.","Αν έπρεπε να πω ένα πράγμα που δεν θα πήγαινα πουθενά χωρίς, αυτό θα ήταν δαχτυλίδια",,
915,12.0,I hired a maid.,Πρόσλαβα μια υπηρέτρια,,
916,5.0,I invited everyone to come over for dinner.,Κάλεσα όλους να έρθουν για δείπνο,,
917,16.0,I used to hit the gym three times a week because it was very important to me to be in shape.,Συνήθιζα να πάω στο γυμναστήριο τρεις φορές την εβδομάδα γιατί ήταν πολύ σημαντικό για μένα να είμαι σε φόρμα,,
919,5.0,I wanted to tell you the story with all the details and you wouldn't listen.,Ήθελα να σου πω την ιστορία με όλες τις λεπτομέρειες και δεν θα με ακούσεις,,
920,16.0,I was ready to showcase my explosive power and speed.,,Ήμουν έτοιμος να επιδείξω την εκρηκτική μου δύναμη και την ταχύτητά μου,Ήμουν έτοιμη να επιδείξω την εκρηκτική μου δύναμη και την ταχύτητά μου
923,14.0,I threw a tantrum when my partner told me that we should not buy the new car.,Έριξα μια οργή όταν ο σύντροφός μου μου είπε ότι δεν πρέπει να αγοράσουμε το νέο αυτοκίνητο,,
924,12.0,"I may spend less time with my family than I'd like, but at least we have enough money.","Μπορεί να περνάω λιγότερο χρόνο με την οικογένειά μου από όσο θα ήθελα, αλλά τουλάχιστον έχουμε αρκετά χρήματα",,
925,2.0,I often conformed to others to please everyone.,Συχνά συμμορφώνομαι με τους άλλους για να ευχαριστήσω τους πάντες,,
927,3.0,I like to cook vegan meals.,Μου αρέσει να μαγειρεύω vegan γεύματα,,
928,16.0,I offered to carry their suitcases.,Προσφέρθηκα να κουβαλήσω τις βαλίτσες τους,,
929,5.0,I organized a neighborhood barbecue.,Οργάνωσα ένα μπάρμπεκιου στη γειτονιά,,
930,5.0,I went to the networking event to meet new people.,Πήγα στην εκδήλωση δικτύωσης για να γνωρίσω νέους ανθρώπους,,
933,11.0,"I like making decisions based on hard data, not subjective feelings.","Μου αρέσει να παίρνω αποφάσεις με βάση σκληρά δεδομένα, όχι υποκειμενικά συναισθήματα",,
935,3.0,"I fried the meat, because that's how my partner likes it.","Τηγάνισα το κρέας, γιατί έτσι αρέσει στον σύντροφό μου",,
936,8.0,"They want me to show emotion, but I've never done that before.","Θέλουν να δείξω συγκίνηση, αλλά δεν το έχω ξανακάνει αυτό",,
937,12.0,I made sure that everyone in the family had everything they needed materially.,Φροντίστηκα ότι όλοι στην οικογένεια είχαν όλα όσα χρειάζονταν υλικά,,
938,5.0,I was looking for events that I could attend.,Έψαχνα για εκδηλώσεις στις οποίες θα μπορούσα να παρευρεθώ,,
939,14.0,"If somebody did something bad to me, I would get back at them immediately.","Αν κάποιος μου έκανε κάτι κακό, θα του απαντούσα αμέσως",,
940,16.0,I like team sports more than individual ones.,Μου αρέσουν τα ομαδικά αθλήματα περισσότερο από τα ατομικά,,
942,4.0,"Even though I bought a dishwasher, I always take the dishes out and rinse them with water.","Αν και αγόρασα ένα πλυντήριο πιάτων, πάντα βγάζω τα πιάτα και τα ξεπλένω με νερό",,
943,1.0,I felt I was not good enough so I did not go to that job interview after all although I have the necessary qualifications as well as experience.,,"Ένιωσα ότι δεν ήμουν αρκετά καλός, οπότε δεν πήγα σε εκείνη τη συνέντευξη για δουλειά, παρόλο που έχω τα απαραίτητα προσόντα καθώς και εμπειρία","Ένιωσα ότι δεν ήμουν αρκετά καλή, οπότε δεν πήγα σε εκείνη τη συνέντευξη για δουλειά, παρόλο που έχω τα απαραίτητα προσόντα καθώς και εμπειρία"
945,11.0,I had to think about every aspect of such an investment.,Έπρεπε να σκεφτώ κάθε πτυχή μιας τέτοιας επένδυσης,,
946,8.0,I've always preferred to work physically.,Πάντα προτιμούσα να δουλεύω σωματικά,,
947,1.0,I could not resist buying that dress even though it was over my budget.,"Δεν μπορούσα να αντισταθώ στην αγορά αυτού του φορέματος, παρόλο που ήταν πάνω από τον προϋπολογισμό μου",,
948,7.0,I had to fix my hair first.,Έπρεπε πρώτα να φτιάξω τα μαλλιά μου,,
949,1.0,I overreacted.,Αντέδρασα υπερβολικά,,
950,1.0,I preferred feelings over rational arguments.,Προτίμησα τα συναισθήματα από τα λογικά επιχειρήματα,,
952,9.0,"I was very confident when I was applying for that job and of course, I got it.",,Ήμουν πολύ σίγουρος όταν έκανα αίτηση για αυτή τη δουλειά και φυσικά την πήρα,Ήμουν πολύ σίγουρη όταν έκανα αίτηση για αυτή τη δουλειά και φυσικά την πήρα
954,13.0,I was CEO of a big company when I was just twenty years old.,Ήμουν Διευθύνων Σύμβουλος μιας μεγάλης εταιρείας όταν ήμουν μόλις είκοσι χρονών,,
955,4.0,I would never eat soup with a hair in it.,Δεν θα έτρωγα ποτέ σούπα με τρίχα μέσα,,
957,11.0,I want to become a physicist.,Θέλω να γίνω φυσικός,,
959,14.0,I did not care that the swimming pool was for children only.,Δεν με ένοιαζε που η πισίνα ήταν μόνο για παιδιά,,
962,7.0,"I like to buy from foreign e-shops, even though it is often more expensive.","Μου αρέσει να αγοράζω από ξένα ηλεκτρονικά καταστήματα, παρόλο που είναι συχνά πιο ακριβά",,
963,6.0,I had such a terrible muscle pain after just lifting the chairs.,Είχα τόσο τρομερό μυϊκό πόνο μόλις σήκωσα τις καρέκλες,,
964,15.0,I have a lot of porn saved on my computer.,Έχω πολλά πορνό αποθηκευμένα στον υπολογιστή μου,,
965,7.0,I made a deal with a well-known designer to come up with an outfit for the gala.,Έκανα συμφωνία με έναν γνωστό σχεδιαστή για να φτιάξω ένα ρούχο για το γκαλά,,
966,12.0,"Last month I signed a lucrative contract at work, so we will finally be able to afford the new house.","Τον περασμένο μήνα υπέγραψα ένα επικερδές συμβόλαιο στη δουλειά, οπότε επιτέλους θα μπορέσουμε να αντέξουμε οικονομικά το νέο σπίτι",,
969,12.0,"I'm expected to prioritize the family's needs over personal desires, so I didn't buy that phone.","Αναμένεται να δώσω προτεραιότητα στις ανάγκες της οικογένειας σε σχέση με τις προσωπικές επιθυμίες, οπότε δεν αγόρασα αυτό το τηλέφωνο",,
970,14.0,"I've been told that I'm annoyingly childish, but I don't care.",,"Μου έχουν πει ότι είμαι ενοχλητικά παιδικός, αλλά δεν με νοιάζει","Μου έχουν πει ότι είμαι ενοχλητικά παιδική, αλλά δεν με νοιάζει"
971,2.0,I was achieving so many goals but I didn't say anyone so nobody would feel endangered by me.,"Πετύχαινα τόσους πολλούς στόχους, αλλά δεν είπα σε κανέναν, ώστε κανείς να μην αισθάνεται ότι κινδυνεύει από εμένα",,
972,4.0,I would never lend my clothes to someone because it's unhygienic.,Δεν θα δάνειζα ποτέ τα ρούχα μου σε κάποιον γιατί είναι ανθυγιεινό,,
974,2.0,"I didn't like my blind date, but I decided to stay until the end of the dinner to be polite.",,"Δεν μου άρεσε το ραντεβού στα τυφλά, αλλά αποφάσισα να μείνω μέχρι το τέλος του δείπνου για να είμαι ευγενικός","Δεν μου άρεσε το ραντεβού στα τυφλά, αλλά αποφάσισα να μείνω μέχρι το τέλος του δείπνου για να είμαι ευγενική"
976,1.0,"I'm convinced that if I didn't go to work the same way, it would bring me bad luck.",,"Είμαι πεπεισμένος ότι αν δεν πήγαινα στη δουλειά με τον ίδιο τρόπο, θα μου έφερνε κακή τύχη","Είμαι πεπεισμένη ότι αν δεν πήγαινα στη δουλειά με τον ίδιο τρόπο, θα μου έφερνε κακή τύχη"
977,3.0,"I found a kitten on the street, so I took it home.",Βρήκα ένα γατάκι στο δρόμο και το πήγα σπίτι,,
978,6.0,"When playing a sport, I found it challenging to throw the ball far due to my lack of upper body strength.","Όταν έπαιζα ένα άθλημα, μου φάνηκε δύσκολο να πετάω την μπάλα μακριά λόγω της έλλειψης δύναμης στο πάνω μέρος του σώματος",,
979,7.0,I always preferred natural products for my skin.,Πάντα προτιμούσα φυσικά προϊόντα για το δέρμα μου,,
980,4.0,I consistently practiced personal hygiene habits.,Ασκούσα με συνέπεια συνήθειες προσωπικής υγιεινής,,
981,1.0,"I attempted to fix a broken appliance, but my technical skills were weak.","Προσπάθησα να φτιάξω μια σπασμένη συσκευή, αλλά οι τεχνικές μου ικανότητες ήταν αδύναμες",,
982,16.0,I never had a problem with hard work.,Ποτέ δεν είχα πρόβλημα με τη σκληρή δουλειά,,
983,4.0,"I would have rested, but the house needed a clean-up.","Θα είχα ξεκουραστεί, αλλά το σπίτι χρειαζόταν καθαρισμό",,
984,5.0,I like to spend quality time with my friends.,Μου αρέσει να περνάω ποιοτικό χρόνο με τους φίλους μου,,
986,3.0,"I took the initiative to learn about different cultures and perspectives, expanding my empathy and understanding of people from diverse backgrounds.","Πήρα την πρωτοβουλία να μάθω για διαφορετικούς πολιτισμούς και προοπτικές, διευρύνοντας την ενσυναίσθηση και την κατανόησή μου για ανθρώπους από διαφορετικά υπόβαθρα",,
987,13.0,"If I broke the rules, I couldn't expect others to follow them.","Αν παραβίασα τους κανόνες, δεν περίμενα να τους ακολουθήσουν οι άλλοι",,
988,16.0,I had to hold my 30-kilo pit bull in my arms because he was scared of chickens.,Έπρεπε να κρατήσω το πίτμπουλ των 30 κιλών μου στην αγκαλιά μου γιατί φοβόταν τα κοτόπουλα,,
990,9.0,"Nothing can change my mind, I am absolutely sure that I am right.",,"Τίποτα δεν μπορεί να μου αλλάξει γνώμη, είμαι απολύτως σίγουρος ότι έχω δίκιο","Τίποτα δεν μπορεί να μου αλλάξει γνώμη, είμαι απολύτως σίγουρη ότι έχω δίκιο"
992,8.0,I wanted to punch them so hard.,Ήθελα να τους χτυπήσω τόσο δυνατά,,
993,11.0,I like to read a lot of non-fiction books.,Μου αρέσει να διαβάζω πολλά βιβλία μη μυθοπλασίας,,
994,10.0,I like to solve problems and look for creative solutions.,Μου αρέσει να λύνω προβλήματα και να ψάχνω για δημιουργικές λύσεις,,
996,14.0,I wanted to live freely.,Ήθελα να ζήσω ελεύθερα,,
997,13.0,I always knew how to deal with people.,Πάντα ήξερα πώς να αντιμετωπίζω τους ανθρώπους,,
998,9.0,I've never had a problem with public speaking.,Ποτέ δεν είχα πρόβλημα με τη δημόσια ομιλία,,
999,8.0,I never lacked courage.,Δεν μου έλειψε ποτέ το θάρρος,,
1002,3.0,I donated my wealth to charity.,Δώρισα τον πλούτο μου σε φιλανθρωπία,,
1003,10.0,I am a good negotiator.,Είμαι καλός διαπραγματευτής,,
1004,16.0,I harnessed my physical strength to conquer the challenging climb.,Αξιοποίησα τη σωματική μου δύναμη για να κατακτήσω την προκλητική ανάβαση,,
1005,13.0,"When faced with a challenging project, I motivated my team by setting clear goals.","Όταν αντιμετώπισα ένα δύσκολο έργο, παρακίνησα την ομάδα μου θέτοντας ξεκάθαρους στόχους",,
1007,14.0,I spent the whole weekend lying in front of the TV.,,Πέρασα όλο το Σαββατοκύριακο ξαπλωμένος μπροστά στην τηλεόραση,Πέρασα όλο το Σαββατοκύριακο ξαπλωμένη μπροστά στην τηλεόραση
1008,8.0,I could easily jump with a parachute.,Μπορούσα εύκολα να πηδήξω με ένα αλεξίπτωτο,,
1010,2.0,"I don't like to pick flowers, I feel sorry for them.","Δεν μου αρέσει να μαζεύω λουλούδια, τα λυπάμαι",,
1011,12.0,I actively saved and planned for future expenses such as my children's education.,"Εγώ αποταμίευα ενεργά και σχεδίαζα μελλοντικά έξοδα, όπως η εκπαίδευση των παιδιών μου",,
1012,7.0,I was so angry that the beauty salon was closed.,,Ήμουν τόσο θυμωμένος που το σαλόνι ομορφιάς έκλεισε,Ήμουν τόσο θυμωμένη που το σαλόνι ομορφιάς έκλεισε
1014,1.0,I was always prone to impulse purchases.,Ήμουν πάντα επιρρεπής σε παρορμητικές αγορές,,
1015,9.0,I am competent.,,Είμαι ικανός,Είμαι ικανή
1016,15.0,I needed a lot of sex to feel satisfied in the relationship.,,Χρειαζόμουν πολύ σεξ για να νιώσω ικανοποιημένος στη σχέση,Χρειαζόμουν πολύ σεξ για να νιώσω ικανοποιημένη στη σχέση
1017,5.0,I could not keep my mouth shut and just told the secret to everyone anyway.,,Δεν μπορούσα να κρατήσω το στόμα μου κλειστό και απλά είπα το μυστικό σε όλους ούτως ή άλλως,Δεν μπορούσα να κρατήσω το στόμα μου κλειστό και απλώς είπα το μυστικό σε όλους ούτως ή άλλως
1018,11.0,I'm very goal-oriented.,,Είμαι πολύ προσανατολισμένος στο στόχο,Είμαι πολύ προσανατολισμένη στο στόχο
1019,1.0,I didn't want my lover to hurt me.,Δεν ήθελα να με πληγώσει ο εραστής μου,,
1020,15.0,I never trusted in monogamy.,Ποτέ δεν εμπιστεύτηκα τη μονογαμία,,
1022,11.0,I like watching detective TV shows.,Μου αρέσει να παρακολουθώ τηλεοπτικές εκπομπές ντετέκτιβ,,
1025,5.0,I organized a dinner party at my place.,Οργάνωσα ένα δείπνο στο σπίτι μου,,
1028,6.0,I signed up for a ballet class to increase my core strength and balance.,Εγγραφήκα σε ένα μάθημα μπαλέτου για να αυξήσω τη δύναμη και την ισορροπία μου,,
1029,2.0,I always played by the rules.,Πάντα έπαιζα με τους κανόνες,,
1030,11.0,I hated when they started talking about the flat Earth.,Μισούσα όταν άρχισαν να μιλάνε για την επίπεδη Γη,,
1032,2.0,I could not decide so I just went with their idea.,"Δεν μπορούσα να αποφασίσω, οπότε απλώς πήγα με την ιδέα τους",,
1033,1.0,"I couldn't find my phone, so I started to cry.","Δεν μπορούσα να βρω το τηλέφωνό μου, οπότε άρχισα να κλαίω",,
1034,1.0,When I saw the baby I could not contain my excitement.,Όταν είδα το μωρό δεν μπορούσα να συγκρατήσω τον ενθουσιασμό μου,,
1035,13.0,I always felt happiest when leading others.,,Πάντα ένιωθα πιο ευτυχισμένος όταν οδηγούσα άλλους,Πάντα ένιωθα πιο ευτυχισμένη όταν οδηγούσα άλλους
1038,1.0,"I had to think for a long time, but my instincts were right.","Έπρεπε να σκεφτώ για πολύ καιρό, αλλά το ένστικτό μου ήταν σωστό",,
1039,8.0,I like to race with others because it motivates me to achieve better results.,Μου αρέσει να αγωνίζομαι με άλλους γιατί με παρακινεί να πετύχω καλύτερα αποτελέσματα,,
1040,2.0,"I didn't take that job, because my partner was against it.","Δεν ανέλαβα αυτή τη δουλειά, γιατί ο σύντροφός μου ήταν αντίθετος",,
1041,15.0,My high sex drive could make me susceptible to impulsive decisions when I was younger.,,Η υψηλή σεξουαλική μου ορμή θα μπορούσε να με κάνει επιρρεπή σε παρορμητικές αποφάσεις όταν ήμουν νεότερος,Η υψηλή σεξουαλική μου ορμή θα μπορούσε να με κάνει επιρρεπή σε παρορμητικές αποφάσεις όταν ήμουν νεότερη
1042,6.0,"I lifted it, but then my back hurt.","Το σήκωσα, αλλά μετά πονούσε η πλάτη μου",,
1043,7.0,I'm looking forward to seeing how tanned I'll be in the summer.,Ανυπομονώ να δω πόσο μαυρισμένη θα είμαι το καλοκαίρι,,
1044,6.0,I did not have enough strength to swim across the lake and had to return.,Δεν είχα αρκετή δύναμη για να κολυμπήσω στη λίμνη και έπρεπε να επιστρέψω,,
1045,7.0,I asked for more samples of the face cream.,Ζήτησα περισσότερα δείγματα της κρέμας προσώπου,,
1046,8.0,I like to take risks and pursue new opportunities.,Μου αρέσει να παίρνω ρίσκα και να επιδιώκω νέες ευκαιρίες,,
1047,5.0,I like that I made a lot of new friends at that party.,Μου αρέσει που έκανα πολλούς νέους φίλους σε εκείνο το πάρτι,,
1048,10.0,"As the executive director of this company, I take the most important decisions regarding our future.","Ως εκτελεστικός διευθυντής αυτής της εταιρείας, παίρνω τις πιο σημαντικές αποφάσεις σχετικά με το μέλλον μας",,
1049,16.0,"I like weightlifting, it's my favourite sport.","Μου αρέσει η άρση βαρών, είναι το αγαπημένο μου άθλημα",,
1050,8.0,I'm ready to fight for justice.,,Είμαι έτοιμος να αγωνιστώ για δικαιοσύνη,Είμαι έτοιμη να αγωνιστώ για δικαιοσύνη
1051,9.0,I am very confident.,,Είμαι πολύ σίγουρος,Είμαι πολύ σίγουρη
1052,15.0,I like seeing naked bodies.,Μου αρέσει να βλέπω γυμνά σώματα,,
1053,12.0,I knew how to save money.,Ήξερα πώς να εξοικονομώ χρήματα,,
1054,1.0,I was so happy I was blinded by joy.,,Ήμουν τόσο χαρούμενος που τυφλώθηκα από τη χαρά,Ήμουν τόσο χαρούμενη που τυφλώθηκα από τη χαρά
1055,16.0,I'm sore because I was lifting heavy weights yesterday.,Πονάω γιατί σήκωνα μεγάλα βάρη χθες,,
1056,4.0,"I would never sit on the bed in my day clothes, only in my pyjamas.","Δεν θα καθόμουν ποτέ στο κρεβάτι με τα καθημερινά μου ρούχα, μόνο με τις πιτζάμες μου",,
1057,9.0,I am able to deal successfully with hard situations.,Είμαι σε θέση να αντιμετωπίσω με επιτυχία δύσκολες καταστάσεις,,
1059,9.0,I did not listen to them because I knew I was right.,Δεν τους άκουσα γιατί ήξερα ότι είχα δίκιο,,
1060,13.0,I have always motivated those around me to not be afraid to speak up.,Πάντα παρακινούσα τους γύρω μου να μην φοβούνται να μιλήσουν,,
1061,14.0,I enjoyed playing the board game.,Μου άρεσε να παίζω το επιτραπέζιο παιχνίδι,,
1062,11.0,My partner left me alone with my kids and didn't tell me what I should do with them.,,Ο σύντροφός μου με άφησε μόνο με τα παιδιά μου και δεν μου είπε τι να κάνω με αυτά,Ο σύντροφός μου με άφησε μόνη με τα παιδιά μου και δεν μου είπε τι να κάνω με αυτά
1063,3.0,I always wanted to have a big family and take care of it.,Πάντα ήθελα να έχω μια μεγάλη οικογένεια και να τη φροντίζω,,
1064,11.0,I don't like random actions with no plan.,Δεν μου αρέσουν οι τυχαίες ενέργειες χωρίς σχέδιο,,
1066,9.0,I had no doubt in my mind that I belonged in the spotlight.,Δεν είχα καμία αμφιβολία στο μυαλό μου ότι ανήκα στο προσκήνιο,,
1067,16.0,My gym membership ended yesterday and I had to renew it.,Η συνδρομή μου στο γυμναστήριο έληξε χθες και έπρεπε να την ανανεώσω,,
1068,15.0,I'm addicted to sex.,,Είμαι εθισμένος στο σεξ,Είμαι εθισμένη στο σεξ
1069,10.0,I left my business card at your office.,Άφησα την επαγγελματική μου κάρτα στο γραφείο σου,,
1070,7.0,I would never leave home without making sure that I look presentable.,Δεν θα έφευγα ποτέ από το σπίτι χωρίς να βεβαιωθώ ότι φαίνομαι ευπαρουσίαστος,,
1072,1.0,I am very grateful for the life I have been blessed to live.,Είμαι πολύ ευγνώμων για τη ζωή που είχα την ευλογία να ζήσω,,
1073,13.0,I am the manager of this company.,Είμαι ο διευθυντής αυτής της εταιρείας,,
1074,10.0,"Don't worry about my credentials, I am a professional.","Μην ανησυχείς για τα διαπιστευτήριά μου, είμαι επαγγελματίας",,
1075,16.0,I did not even need help with assembling the furniture.,Δεν χρειαζόμουν καν βοήθεια για τη συναρμολόγηση των επίπλων,,
1076,7.0,I loved my body.,αγαπούσα το σώμα μου,,
1078,6.0,"I painted my room, but then I slept for twelve hours straight.","Εβάψα το δωμάτιό μου, αλλά μετά κοιμήθηκα για δώδεκα ώρες συνεχόμενα",,
1079,4.0,I always did my homework on time.,Πάντα έκανα τα μαθήματά μου στην ώρα τους,,
1080,8.0,"I couldn't show them my real emotions, it'd be a sign of weakness.","Δεν μπορούσα να τους δείξω τα πραγματικά μου συναισθήματα, θα ήταν σημάδι αδυναμίας",,
1081,16.0,"I was extremely fast, my physical strength and explosive power propelled me to victory.",,"Ήμουν εξαιρετικά γρήγορος, η σωματική μου δύναμη και η εκρηκτική μου δύναμη με ώθησαν στη νίκη","Ήμουν εξαιρετικά γρήγορη, η σωματική μου δύναμη και η εκρηκτική μου δύναμη με ώθησαν στη νίκη"
1082,10.0,I always did it as well as possible.,Πάντα το έκανα όσο καλύτερα μπορούσα,,
1083,3.0,I engaged in open and non-judgmental conversations with individuals who held different opinions or beliefs.,Έκανα ανοιχτές και μη επικριτικές συζητήσεις με άτομα που είχαν διαφορετικές απόψεις ή πεποιθήσεις,,
1084,3.0,I initiated a conversation with a neighbor who was going through a difficult time.,Ξεκίνησα μια συζήτηση με έναν γείτονα που περνούσε μια δύσκολη στιγμή,,
1086,3.0,I took my nephew to the lake and we fed the swans.,Πήρα τον ανιψιό μου στη λίμνη και ταΐσαμε τους κύκνους,,
1087,3.0,I spent time volunteering at a local hospital.,Πέρασα χρόνο εθελοντικά σε ένα τοπικό νοσοκομείο,,
1088,12.0,I ordered the meal today.,Παράγγειλα το γεύμα σήμερα,,
1089,6.0,"I didn't know what to do, because I couldn't defend myself.","Δεν ήξερα τι να κάνω, γιατί δεν μπορούσα να υπερασπιστώ τον εαυτό μου",,
1090,12.0,I invited my partner to the cinema.,Κάλεσα τον σύντροφό μου στον κινηματογράφο,,
1091,9.0,I never worry about what others think.,Ποτέ δεν ανησυχώ για το τι σκέφτονται οι άλλοι,,
1093,1.0,I loved this house the second I saw it.,Μου άρεσε αυτό το σπίτι τη στιγμή που το είδα,,
1095,5.0,I miss company - I wish I had a friend here.,Μου λείπει η παρέα - θα ήθελα να είχα έναν φίλο εδώ,,
1097,7.0,I would never go out without being properly dressed.,,Δεν θα έβγαινα ποτέ έξω χωρίς να είμαι σωστά ντυμένος,Δεν θα έβγαινα ποτέ έξω χωρίς να είμαι σωστά ντυμένη
1098,3.0,I like it when I see that I have helped someone.,Μου αρέσει όταν βλέπω ότι βοήθησα κάποιον,,
1099,15.0,"I enjoyed sex and was ready to have it anytime, anywhere.",,"Μου άρεσε το σεξ και ήμουν έτοιμος να το κάνω οποτεδήποτε, οπουδήποτε","Μου άρεσε το σεξ και ήμουν έτοιμη να το κάνω οποτεδήποτε, οπουδήποτε"
1100,7.0,I got invited to a model casting.,Με κάλεσαν σε ένα casting μοντέλου,,
1101,16.0,I loved sports when I was younger.,,Μου άρεσε ο αθλητισμός όταν ήμουν νεότερος,Μου άρεσε ο αθλητισμός όταν ήμουν νεότερη
1102,8.0,"When I saw a woman being beaten in the street, I immediately ran there.","Όταν είδα μια γυναίκα να χτυπιέται στο δρόμο, έτρεξα αμέσως εκεί",,
1103,13.0,"As a leader, I'm expected to be in charge of difficult decisions.","Ως ηγέτης, αναμένεται να είμαι υπεύθυνος για δύσκολες αποφάσεις",,
1105,4.0,I like to clean the house when nobody's home.,Μου αρέσει να καθαρίζω το σπίτι όταν κανείς δεν είναι σπίτι,,
1107,12.0,I handed out Christmas bonuses at the company.,Μοίρασα μπόνους Χριστουγέννων στην εταιρεία,,
1109,16.0,Do you think I am strong enough?,,Πιστεύεις ότι είμαι αρκετά δυνατός,Πιστεύεις ότι είμαι αρκετά δυνατή
1110,7.0,"My skin was soft and fair, my lips were full, and my hair thick, I knew I looked good.","Το δέρμα μου ήταν απαλό και ανοιχτό, τα χείλη μου ήταν γεμάτα και τα μαλλιά μου πυκνά, ήξερα ότι έδειχνα ωραία",,
1111,7.0,I hated that there was no mirror there because I didn't know how I looked.,Μισούσα που δεν υπήρχε καθρέφτης εκεί γιατί δεν ήξερα πώς έδειχνα,,
1113,9.0,"I would never allow anyone else to drive my car, I think nobody would be better at driving than I am.",,"Δεν θα επέτρεπα ποτέ σε κανέναν άλλο να οδηγήσει το αυτοκίνητό μου, νομίζω ότι κανείς δεν θα ήταν καλύτερος στην οδήγηση από εμένα","Δεν θα επέτρεπα ποτέ σε κανέναν άλλον να οδηγήσει το αυτοκίνητό μου, νομίζω ότι κανείς δεν θα ήταν καλύτερος στην οδήγηση από εμένα"
1114,1.0,I could not resist buying that bag even though it was over my budget.,"Δεν μπορούσα να αντισταθώ στην αγορά αυτής της τσάντας, παρόλο που ήταν πάνω από τον προϋπολογισμό μου",,
1115,15.0,I have had so many relationships that I could write a book about it.,,Είχα τόσες πολλές σχέσεις που θα μπορούσα να γράψω ένα βιβλίο για αυτό,Είχα τόσες πολλές σχέσεις που θα μπορούσα να γράψω ένα βιβλίο γι' αυτό
1116,9.0,"I don't wait for new opportunities, I create them myself.",,"Δεν περιμένω νέες ευκαιρίες, τις δημιουργώ μόνος μου","Δεν περιμένω νέες ευκαιρίες, τις δημιουργώ μόνη μου"
1117,3.0,I've decided to sort my wardrobe twice a year and give things to charity.,Αποφάσισα να τακτοποιώ την γκαρνταρόμπα μου δύο φορές το χρόνο και να δίνω πράγματα σε φιλανθρωπικούς σκοπούς,,
1118,14.0,It would be great if I could be a kid forever.,Θα ήταν υπέροχο αν μπορούσα να είμαι για πάντα παιδί,,
1119,13.0,I was chosen to be the interim team leader.,Επιλέχθηκα να γίνω προσωρινός αρχηγός της ομάδας,,
1120,13.0,I became a CEO when I was only thirty years old.,Έγινα Διευθύνων Σύμβουλος όταν ήμουν μόλις τριάντα χρονών,,
1121,15.0,I bought the Valentine's Day gift in a sexshop.,αγόρασα το δώρο του Αγίου Βαλεντίνου σε ένα sexshop,,
1122,7.0,I was never satisfied with how I looked.,,Ποτέ δεν ήμουν ικανοποιημένος με την εμφάνισή μου,Ποτέ δεν ήμουν ικανοποιημένη με την εμφάνισή μου
1124,11.0,I don't like to talk about my feelings at all.,Δεν μου αρέσει καθόλου να μιλάω για τα συναισθήματά μου,,
1125,13.0,I tried to act confident in order to motivate my team.,Προσπάθησα να ενεργήσω με αυτοπεποίθηση για να παρακινήσω την ομάδα μου,,
1126,16.0,"Since I started to play football, I have stronger legs.","Από τότε που άρχισα να παίζω ποδόσφαιρο, έχω πιο δυνατά πόδια",,
1128,7.0,"I wasn't permitted to wear such clothes in my old job, they'd think they reveal too much.","Δεν μου επιτρεπόταν να φοράω τέτοια ρούχα στην παλιά μου δουλειά, θα πίστευαν ότι αποκαλύπτουν πάρα πολλά",,
1129,9.0,I never stressed much.,Ποτέ δεν αγχώθηκα πολύ,,
1130,7.0,I got a henna tattoo while on vacation.,Έκανα τατουάζ με χέννα ενώ ήμουν διακοπές,,
1131,4.0,I kept my clothes and linens clean and organized.,Διατήρησα τα ρούχα και τα σεντόνια μου καθαρά και οργανωμένα,,
1132,13.0,I brought a lot of investment into the company.,Έφερα πολλές επενδύσεις στην εταιρεία,,
1133,1.0,I stayed up all night worrying about the job interview although I knew it did not matter whether I slept or not.,,"Έμεινα ξύπνιος όλη τη νύχτα ανησυχώντας για τη συνέντευξη για δουλειά, αν και ήξερα ότι δεν είχε σημασία αν κοιμόμουν ή όχι","Έμεινα ξύπνια όλη τη νύχτα ανησυχώντας για τη συνέντευξη για δουλειά, αν και ήξερα ότι δεν είχε σημασία αν κοιμόμουν ή όχι"
1134,13.0,I've started rewarding people for their extra work.,Άρχισα να επιβραβεύω τους ανθρώπους για την επιπλέον δουλειά τους,,
1136,7.0,I have always been admired by my friends and family for my looks.,Πάντα με θαύμαζαν οι φίλοι και η οικογένειά μου για την εμφάνισή μου,,
1137,4.0,There was always something to do at home so I did it.,"Πάντα υπήρχε κάτι να κάνω στο σπίτι, οπότε το έκανα",,
1138,11.0,I calmly assessed the traffic situation and chose an alternate route to avoid getting stuck.,Αξιολόγησα ήρεμα την κατάσταση της κυκλοφορίας και επέλεξα μια εναλλακτική διαδρομή για να μην κολλήσω,,
1139,13.0,I finally saved the company.,Επιτέλους έσωσα την εταιρεία,,
1140,1.0,I used to feel some very bad vibes or energies in this room.,Συνήθιζα να ένιωθα κάποιες πολύ άσχημες δονήσεις ή ενέργειες σε αυτό το δωμάτιο,,
1141,7.0,"I made the cake, but didn't eat it to stay slim.",,"Έφτιαξα το κέικ, αλλά δεν το έφαγα για να παραμείνω αδύνατος","Έφτιαξα το κέικ, αλλά δεν το έφαγα για να παραμείνω αδύνατη"
1142,8.0,I was never afraid of heights.,Ποτέ δεν φοβήθηκα τα ύψη,,
1144,5.0,Do you think I'm friendly?,,Πιστεύεις ότι είμαι φιλικός,Πιστεύεις ότι είμαι φιλική
1145,14.0,I decided to buy an album and collect stickers.,Αποφάσισα να αγοράσω ένα άλμπουμ και να μαζέψω αυτοκόλλητα,,
1146,4.0,I always carried wet napkins with me.,Πάντα κουβαλούσα μαζί μου βρεγμένες χαρτοπετσέτες,,
1148,12.0,I made sure my children went to the best school.,Φροντίστηκα να πάνε τα παιδιά μου στο καλύτερο σχολείο,,
1149,4.0,I like to take long baths with essential oils and salt.,Μου αρέσει να κάνω πολύωρα μπάνια με αιθέρια έλαια και αλάτι,,
1152,15.0,I am open to different experimentation in the field of sex.,,Είμαι ανοιχτός σε διαφορετικούς πειραματισμούς στον τομέα του σεξ,Είμαι ανοιχτή σε διαφορετικούς πειραματισμούς στον τομέα του σεξ
1156,7.0,"I like to wear gold accessories, silver is not for me.","Μου αρέσει να φοράω χρυσά αξεσουάρ, το ασήμι δεν είναι για μένα",,
1157,11.0,I took a course in critical thinking.,Πήρα ένα μάθημα κριτικής σκέψης,,
1159,6.0,I was told not to go to an Islamic country alone under any circumstances.,,Μου είπαν να μην πάω σε μια ισλαμική χώρα μόνος σε καμία περίπτωση,Μου είπαν να μην πάω σε μια ισλαμική χώρα μόνη σε καμία περίπτωση
1160,4.0,I preferred cleaning the house and not going out.,Προτίμησα να καθαρίζω το σπίτι και να μην βγαίνω έξω,,
1162,4.0,I was happy when everything was perfectly cleaned.,,Ήμουν χαρούμενος όταν όλα ήταν τέλεια καθαρισμένα,Ήμουν χαρούμενη όταν όλα ήταν τέλεια καθαρισμένα
1163,1.0,I was so angry I was screaming into my pillow.,,Ήμουν τόσο θυμωμένος που ούρλιαζα στο μαξιλάρι μου,Ήμουν τόσο θυμωμένη που ούρλιαζα στο μαξιλάρι μου
1165,9.0,I was sure I could do it.,,Ήμουν σίγουρος ότι μπορούσα να το κάνω,Ήμουν σίγουρη ότι μπορούσα να το κάνω
1167,16.0,I played sports for twenty years to get to where I am today.,Έπαιζα αθλήματα για είκοσι χρόνια για να φτάσω εδώ που είμαι σήμερα,,
1168,14.0,I told them a joke but I guess it went too far.,"Τους είπα ένα αστείο, αλλά υποθέτω ότι πήγε πολύ μακριά",,
1170,3.0,I decided to work at the shelter this summer.,Αποφάσισα να δουλέψω στο καταφύγιο αυτό το καλοκαίρι,,
1173,11.0,I ensured that my perspective was based on rational and credible sources.,Διασφάλισα ότι η άποψή μου βασιζόταν σε ορθολογικές και αξιόπιστες πηγές,,
1174,16.0,I like going to the gym.,Μου αρέσει να πηγαίνω στο γυμναστήριο,,
1175,7.0,I like beauty products.,Μου αρέσουν τα προϊόντα ομορφιάς,,
1176,5.0,I would rather live in a dorm with other students than alone in a flat.,,Προτιμώ να ζήσω σε κοιτώνα με άλλους φοιτητές παρά μόνος σε ένα διαμέρισμα,Προτιμώ να ζήσω σε κοιτώνα με άλλους φοιτητές παρά μόνη σε ένα διαμέρισμα
1177,5.0,"Even though he was rude, I was friendly, as always.",,"Αν και ήταν αγενής, ήμουν φιλικός, όπως πάντα","Αν και ήταν αγενής, ήμουν φιλική, όπως πάντα"
1178,15.0,I was in an open relationship because I liked switching up my sexual partners.,Ήμουν σε μια ανοιχτή σχέση γιατί μου άρεσε να αλλάζω τους σεξουαλικούς μου συντρόφους,,
1180,12.0,I ensured a strong financial foundation for my family's long-term goals.,Εξασφάλισα μια ισχυρή οικονομική βάση για τους μακροπρόθεσμους στόχους της οικογένειάς μου,,
1183,8.0,There was nothing in this world I couldn't do when I could walk.,Δεν υπήρχε τίποτα σε αυτόν τον κόσμο που να μην μπορούσα να κάνω όταν μπορούσα να περπατήσω,,
1185,11.0,I made the logical choice.,Έκανα τη λογική επιλογή,,
1187,8.0,I drank an extraordinary amount of alcohol and still looked quite okay.,Ήπια μια εξαιρετική ποσότητα αλκοόλ και εξακολουθούσα να φαίνομαι αρκετά εντάξει,,
1188,13.0,I coordinated the rescue effort.,Συντόνισα την προσπάθεια διάσωσης,,
1191,7.0,I looked in the mirror and couldn't help but admire myself.,Κοιτάχτηκα στον καθρέφτη και δεν μπορούσα παρά να θαυμάσω τον εαυτό μου,,
1192,7.0,I like expensive clothes because they don't get ruined so quickly.,Μου αρέσουν τα ακριβά ρούχα γιατί δεν καταστρέφονται τόσο γρήγορα,,
1193,3.0,I wish I knew how they felt!,Μακάρι να ήξερα πώς ένιωθαν,,
1194,6.0,My stomach could not handle that and I just threw up.,,Το στομάχι μου δεν μπορούσε να το αντέξει και απλά έκανα εμετό,Το στομάχι μου δεν μπορούσε να το αντέξει και απλώς έκανα εμετό
1195,1.0,I cried because of what I was told.,Έκλαψα για αυτό που μου είπαν,,
1196,14.0,I just wanted to have fun.,Ήθελα απλώς να διασκεδάσω,,
1197,8.0,I ate the soup even though they warned me it might give me food poisoning.,"Έφαγα τη σούπα, παρόλο που με προειδοποίησαν ότι μπορεί να μου προκαλέσει τροφική δηλητηρίαση",,
1198,3.0,I am grateful that I have children to take care of.,Είμαι ευγνώμων που έχω παιδιά να φροντίσω,,
1200,4.0,I don't like when clothes get stained in the washing machine.,Δεν μου αρέσει όταν λερώνονται τα ρούχα στο πλυντήριο,,
1201,14.0,"I did not want to be in a committed relationship in my thirties, I wanted to party and live a carefree life.","Δεν ήθελα να είμαι σε μια αφοσιωμένη σχέση στα τριάντα μου, ήθελα να κάνω πάρτι και να ζήσω μια ξέγνοιαστη ζωή",,
1203,9.0,What if I told you that I am always right?,Κι αν σου έλεγα ότι έχω πάντα δίκιο,,
1205,11.0,I always wanted to be a scientist.,Πάντα ήθελα να γίνω επιστήμονας,,
1207,16.0,"I started swimming twice a week and it shows, not only physically but mentally as well.","Άρχισα να κολυμπάω δύο φορές την εβδομάδα και αυτό φαίνεται, όχι μόνο σωματικά αλλά και πνευματικά",,
1208,6.0,I had to call a friend to help me because I was too weak to carry the wardrobe.,,Έπρεπε να καλέσω έναν φίλο να με βοηθήσει γιατί ήμουν πολύ αδύναμος για να κουβαλήσω την ντουλάπα,Έπρεπε να καλέσω έναν φίλο να με βοηθήσει γιατί ήμουν πολύ αδύναμη για να κουβαλήσω την ντουλάπα
1209,11.0,"I never showed my emotions, I preferred to solve my problems by thinking rationally.","Ποτέ δεν έδειξα τα συναισθήματά μου, προτίμησα να λύνω τα προβλήματά μου σκεπτόμενοι λογικά",,
1212,6.0,I guess these endurance sports were never really for weaklings like me.,Υποθέτω ότι αυτά τα αθλήματα αντοχής δεν ήταν ποτέ πραγματικά για αδύναμα άτομα σαν εμένα,,
1213,13.0,"At work, I regularly stepped up to lead team meetings.","Στη δουλειά, ανέβαινα τακτικά για να διευθύνω τις συναντήσεις της ομάδας",,
1214,9.0,I did not feel any stage fright when I was supposed to perform.,Δεν ένιωσα κανένα σκηνικό τρόμο όταν έπρεπε να παίξω,,
1216,13.0,I would like the people around me to know that they can always count on me.,Θα ήθελα οι άνθρωποι γύρω μου να ξέρουν ότι μπορούν πάντα να βασίζονται σε μένα,,
1218,5.0,I am very active in my neighbourhood community.,,Είμαι πολύ δραστήριος στην κοινότητα της γειτονιάς μου,Είμαι πολύ δραστήρια στην κοινότητα της γειτονιάς μου
1219,3.0,I baked a batch of cookies for the Christmas party.,Έφτιαξα μια παρτίδα μπισκότα για το χριστουγεννιάτικο πάρτι,,
1220,3.0,I always wanted to be an engineer but I felt that my kids would need me so I became a cleaner.,"Πάντα ήθελα να γίνω μηχανικός, αλλά ένιωθα ότι τα παιδιά μου θα με χρειάζονταν και έτσι έγινα καθαρίστρια",,
1221,12.0,I didn't mind my health as long as I could keep that position.,Δεν με πείραζε η υγεία μου όσο μπορούσα να κρατήσω αυτή τη θέση,,
1223,15.0,I always thought it was okay to have sex before marriage.,Πάντα πίστευα ότι ήταν εντάξει να κάνω σεξ πριν τον γάμο,,
1224,9.0,"I could afford to refuse the job, because I was sure other offers would quickly appear.",,"Μπορούσα να αντέξω οικονομικά να αρνηθώ τη δουλειά, γιατί ήμουν σίγουρος ότι θα εμφανίζονταν γρήγορα άλλες προσφορές","Μπορούσα να αντέξω οικονομικά να αρνηθώ τη δουλειά, γιατί ήμουν σίγουρη ότι θα εμφανίζονταν γρήγορα άλλες προσφορές"
1227,6.0,I had to ask for help with opening the water bottle.,Έπρεπε να ζητήσω βοήθεια για να ανοίξω το μπουκάλι του νερού,,
1228,9.0,"If I wanted to, I could choose who I dated.","Αν ήθελα, θα μπορούσα να επιλέξω με ποιον θα βγω ραντεβού",,
1230,10.0,I was always focused on my dream.,,Πάντα ήμουν συγκεντρωμένος στο όνειρό μου,Πάντα ήμουν συγκεντρωμένη στο όνειρό μου
1231,9.0,I wasn't scared of failure.,Δεν φοβήθηκα την αποτυχία,,
1232,4.0,"I washed it again, because my partner didn't do a good job.","Το έπλυνα ξανά, γιατί ο σύντροφός μου δεν έκανε καλή δουλειά",,
1233,12.0,I used my earnings to contribute to our family's savings.,Χρησιμοποιούσα τα κέρδη μου για να συνεισφέρω στις αποταμιεύσεις της οικογένειάς μας,,
1234,9.0,I am aware of my exceptional leadership skills that inspire others.,Γνωρίζω τις εξαιρετικές ηγετικές μου ικανότητες που εμπνέουν τους άλλους,,
1235,1.0,"I was looking for something entirely different, but this thing won my heart.","Έψαχνα για κάτι εντελώς διαφορετικό, αλλά αυτό το πράγμα κέρδισε την καρδιά μου",,
1237,3.0,I was happy to make lunch for my colleagues.,,Ήμουν χαρούμενος που έφτιαξα το μεσημεριανό γεύμα για τους συναδέλφους μου,Ήμουν χαρούμενη που έφτιαξα το μεσημεριανό γεύμα για τους συναδέλφους μου
1238,1.0,I was so overwhelmed with emotions that I could not make the right decision.,Ήμουν τόσο κυριευμένος από συναισθήματα που δεν μπορούσα να πάρω τη σωστή απόφαση,,
1239,1.0,My stomach hurt when I imagined someone would be angry with me.,Το στομάχι μου πονούσε όταν φαντάστηκα ότι κάποιος θα ήταν θυμωμένος μαζί μου,,
1240,12.0,I actively sought out promotions and salary negotiations at work to support our family's financial goals.,Αναζήτησα ενεργά προαγωγές και διαπραγματεύσεις μισθών στη δουλειά για να υποστηρίξω τους οικονομικούς στόχους της οικογένειάς μας,,
1241,13.0,"As a personal trainer, I designed individualized fitness programs, provided guidance on proper exercise techniques, and motivated clients to achieve their health and fitness goals.","Ως personal trainer, σχεδίασα εξατομικευμένα προγράμματα φυσικής κατάστασης, παρείχα καθοδήγηση σχετικά με τις κατάλληλες τεχνικές άσκησης και παρακίνησα τους πελάτες να επιτύχουν τους στόχους τους για την υγεία και τη φυσική κατάσταση",,
1242,3.0,I was always good at reading other people's emotions.,,Ήμουν πάντα καλός στο να διαβάζω τα συναισθήματα των άλλων,Ήμουν πάντα καλή στο να διαβάζω τα συναισθήματα των άλλων
1243,14.0,I enjoy doing bad things to people if it makes me laugh.,Μου αρέσει να κάνω άσχημα πράγματα στους ανθρώπους αν με κάνει να γελάω,,
1244,4.0,I always had a little hand disinfectant with me even before the pandemic.,Πάντα είχα μαζί μου λίγο απολυμαντικό χεριών ακόμα και πριν από την πανδημία,,
1247,1.0,I couldn't handle my feelings.,Δεν μπορούσα να διαχειριστώ τα συναισθήματά μου,,
1248,6.0,I struggled to lift the heavy furniture while moving.,Πάλεψα να σηκώσω τα βαριά έπιπλα ενώ κινιόμουν,,
1250,8.0,I like hunting.,Μου αρέσει το κυνήγι,,
1253,4.0,I couldn't get the stain out of that shirt and I tried everything I could.,"Δεν μπορούσα να βγάλω τον λεκέ από αυτό το πουκάμισο και δοκίμασα ό,τι μπορούσα",,
1257,7.0,I followed the latest fashion trends.,Ακολούθησα τις τελευταίες τάσεις της μόδας,,
1259,3.0,I always wanted to take care of others.,Πάντα ήθελα να φροντίζω τους άλλους,,
1260,4.0,I applied for a job as a cleaner.,Έκανα αίτηση για δουλειά ως καθαρίστρια,,
1261,8.0,I bet one million dollars yesterday.,Πόνταρα ένα εκατομμύριο δολάρια χθες,,
1262,3.0,I always had a lot of plants and loved taking care of them.,Πάντα είχα πολλά φυτά και μου άρεσε να τα φροντίζω,,
1264,4.0,There is no way I would go to bed without showering.,Δεν υπάρχει περίπτωση να πάω για ύπνο χωρίς να κάνω ντους,,
1265,7.0,I like maintaining my appearance.,Μου αρέσει να διατηρώ την εμφάνισή μου,,
1266,11.0,"I didn't talk about the breakup with my friends, we talked about finances.",,"Δεν μίλησα για το χωρισμό με τους φίλους μου, μιλήσαμε για τα οικονομικά","Δεν μίλησα για τον χωρισμό με τους φίλους μου, μιλήσαμε για τα οικονομικά"
1267,13.0,I was a leader in a traditionally male-dominated company.,Ήμουν ηγέτης σε μια παραδοσιακά ανδροκρατούμενη εταιρεία,,
1268,5.0,"They told me to go, but I wouldn't go alone.",,"Μου είπαν να πάω, αλλά δεν θα πήγαινα μόνος μου","Μου είπαν να πάω, αλλά δεν θα πήγαινα μόνη μου"
1269,5.0,When I'm feeling down I like to go out with my friends.,"Όταν νιώθω απογοητευμένος, μου αρέσει να βγαίνω έξω με τους φίλους μου",,
1271,10.0,I never left work without my task being finished.,Ποτέ δεν έφυγα από τη δουλειά χωρίς να έχει τελειώσει το έργο μου,,
1272,8.0,I worked as a guard in prison.,Δούλευα ως φρουρός στη φυλακή,,
1273,3.0,"I was not judgmental, I simply listened.",,"Δεν ήμουν επικριτικός, απλά άκουσα","Δεν ήμουν επικριτικός, απλώς άκουσα"
1274,3.0,"I saw her alone, so I started to talk to her, so she won't feel left behind.","Την είδα μόνη, οπότε άρχισα να της μιλάω, ώστε να μην αισθάνεται ότι μένει πίσω",,
1275,2.0,I often compromised my own values or beliefs to conform to the expectations of others.,Συχνά συμβιβάστηκα τις δικές μου αξίες ή πεποιθήσεις για να συμμορφωθώ με τις προσδοκίες των άλλων,,
1278,11.0,I had to make a logical decision about the finance plan.,Έπρεπε να πάρω μια λογική απόφαση για το οικονομικό σχέδιο,,
1279,13.0,I never lied to my team.,Ποτέ δεν είπα ψέματα στην ομάδα μου,,
1281,6.0,I was so exhausted after cleaning the whole house.,,Ήμουν τόσο εξαντλημένος αφού καθάρισα όλο το σπίτι,Ήμουν τόσο εξαντλημένη αφού καθάρισα όλο το σπίτι
1283,7.0,I knew my appearances were important for my work.,Ήξερα ότι οι εμφανίσεις μου ήταν σημαντικές για τη δουλειά μου,,
1284,9.0,I was always aware of my good qualities.,Πάντα είχα επίγνωση των καλών μου ιδιοτήτων,,
1285,10.0,"As a veterinarian, I conducted thorough examinations, diagnosed and treated animals' ailments.","Ως κτηνίατρος, έκανα ενδελεχείς εξετάσεις, διέγνωσα και αντιμετώπισα παθήσεις των ζώων",,
1286,4.0,"I dusted the bookshelves and mopped the floors every Saturday, it is a sign of a good upbringing.","Ξέσκονα τα ράφια και σφουγγάριζα τα πατώματα κάθε Σάββατο, είναι σημάδι καλής ανατροφής",,
1287,16.0,I created a new training plan.,Έφτιαξα ένα νέο σχέδιο προπόνησης,,
1288,3.0,I was always good at taking care of others.,,Ήμουν πάντα καλός στο να φροντίζω τους άλλους,Ήμουν πάντα καλή στο να φροντίζω τους άλλους
1289,4.0,I had to wash the bike before heading to town.,Έπρεπε να πλύνω το ποδήλατο πριν πάω στην πόλη,,
1290,4.0,When I felt that I needed some psychohygiene I cleaned our apartment.,"Όταν ένιωσα ότι χρειαζόμουν κάποια ψυχουγιεινή, καθάρισα το διαμέρισμά μας",,
1291,3.0,I participated in a community event to raise awareness and support for a cause that affected others.,Συμμετείχα σε μια εκδήλωση της κοινότητας για να ευαισθητοποιήσω και να υποστηρίξω για έναν σκοπό που επηρέασε τους άλλους,,
1293,8.0,I was never scared of insects.,Ποτέ δεν φοβήθηκα τα έντομα,,
1294,5.0,I should go out more.,Θα έπρεπε να βγαίνω περισσότερο,,
1295,13.0,I laid the foundations of this company.,Έβαλα τα θεμέλια αυτής της εταιρείας,,
1296,8.0,I always wanted to move somewhere far away to live completely off-grid.,Πάντα ήθελα να μετακομίσω κάπου μακριά για να ζήσω εντελώς εκτός δικτύου,,
1297,14.0,I had to win no matter what.,"Έπρεπε να κερδίσω ό,τι κι αν γινόταν",,
1298,11.0,"I have always made decisions based on logic, not feelings.","Πάντα έπαιρνα αποφάσεις με βάση τη λογική, όχι τα συναισθήματα",,
1301,12.0,"I never did any chores, but I brought in the money.","Δεν έκανα ποτέ δουλειές, αλλά έφερα τα χρήματα",,
1302,1.0,I watched my favorite film and I cried.,Είδα την αγαπημένη μου ταινία και έκλαψα,,
1303,15.0,I like sex even though I consider myself to be rather conservative in these regards.,"Μου αρέσει το σεξ, παρόλο που θεωρώ τον εαυτό μου μάλλον συντηρητικό σε αυτά τα θέματα",,
1304,9.0,Not for a second have I doubted my decision.,Ούτε ένα δευτερόλεπτο δεν αμφισβήτησα την απόφασή μου,,
1305,12.0,I'm looking for a good job so I can give my family what they deserve.,Ψάχνω για μια καλή δουλειά για να δώσω στην οικογένειά μου αυτό που της αξίζει,,
1306,15.0,I dreamt about sleeping with them tonight.,Ονειρεύτηκα ότι θα κοιμηθώ μαζί τους απόψε,,
1308,3.0,"I was never an over-achiever, I was just happy when my family was happy.",,"Ποτέ δεν ήμουν υπερβολικός, ήμουν ευτυχισμένος όταν η οικογένειά μου ήταν ευτυχισμένη","Ποτέ δεν ήμουν υπερβολικός, ήμουν ευτυχισμένη όταν η οικογένειά μου ήταν ευτυχισμένη"
1310,4.0,I would never wear the same clothes twice without washing them.,Δεν θα φορούσα ποτέ τα ίδια ρούχα δύο φορές χωρίς να τα πλύνω,,
1313,1.0,I was feeling sad without any obvious reason.,Ένιωθα λυπημένος χωρίς προφανή λόγο,,
1314,9.0,I was sure you could never score more than me.,,Ήμουν σίγουρος ότι δεν θα μπορούσες ποτέ να σκοράρεις περισσότερο από εμένα,Ήμουν σίγουρη ότι δεν θα μπορούσες ποτέ να σκοράρεις περισσότερο από εμένα
1315,11.0,"I dislike hearsay, it is never reliable.","Δεν μου αρέσουν οι φήμες, δεν είναι ποτέ αξιόπιστες",,
1316,10.0,I went to the workshop in order to perfect my skills.,Πήγα στο εργαστήριο για να τελειοποιήσω τις δεξιότητές μου,,
1317,6.0,"My friend always jokes that I can't even hold my beer, because I'm weak.",,"Ο φίλος μου πάντα αστειεύεται ότι δεν μπορώ να κρατήσω ούτε την μπύρα μου, γιατί είμαι αδύναμος","Ο φίλος μου πάντα αστειεύεται ότι δεν μπορώ να κρατήσω ούτε την μπύρα μου, γιατί είμαι αδύναμη"
1319,8.0,I had a big collection of knives.,Είχα μια μεγάλη συλλογή από μαχαίρια,,
1320,9.0,I traveled a lot so I know which tickets you need to buy.,"Ταξίδεψα πολύ, ώστε να ξέρω ποια εισιτήρια πρέπει να αγοράσεις",,
1323,9.0,"I registered for the competition, although I had no skills.","Εγγραφήκα στο διαγωνισμό, αν και δεν είχα καμία ικανότητα",,
1324,11.0,I never spent money on things I did not really need.,Ποτέ δεν ξόδεψα χρήματα σε πράγματα που δεν χρειαζόμουν πραγματικά,,
1325,2.0,I complied with unreasonable demands or requests from others.,Συμμορφώθηκα με παράλογες απαιτήσεις ή αιτήματα άλλων,,
1326,8.0,I am brave.,,Είμαι γενναίος,Είμαι γενναία
1327,16.0,I've also incorporated the sauna into my routine because it helps me regenerate my tired muscles.,Έχω ενσωματώσει επίσης τη σάουνα στη ρουτίνα μου γιατί με βοηθά να αναγεννήσω τους κουρασμένους μύες μου,,
1328,3.0,I would forgive infidelity if the family stayed intact.,Θα συγχωρούσα την απιστία αν η οικογένεια έμενε άθικτη,,
1329,8.0,"If someone touches me, I am capable of hitting them.","Αν κάποιος με αγγίξει, είμαι ικανός να τον χτυπήσω",,
1330,4.0,Yesterday I spent the whole day cleaning.,Χθες πέρασα όλη την ημέρα καθαρίζοντας,,
1333,11.0,I decided based on the data.,Αποφάσισα με βάση τα δεδομένα,,
1335,2.0,I conformed to the societal expectations because I was taught to do so.,Συμμορφώθηκα με τις κοινωνικές προσδοκίες γιατί με έμαθαν να το κάνω,,
1336,14.0,"I took my son to the amusement park, but apparently, I was more excited.",,"Πήρα τον γιο μου στο λούνα παρκ, αλλά προφανώς, ήμουν πιο ενθουσιασμένος","Πήρα τον γιο μου στο λούνα παρκ, αλλά προφανώς, ήμουν πιο ενθουσιασμένη"
1337,7.0,I knew the camera made me look even better.,Ήξερα ότι η κάμερα με έκανε να φαίνομαι ακόμα καλύτερα,,
1338,6.0,I'm not sure if you are right for that position because it contains a lot of stress and pressure.,,Δεν είμαι σίγουρος αν είσαι σωστός για αυτή τη θέση γιατί περιέχει πολύ άγχος και πίεση,Δεν είμαι σίγουρη αν είσαι σωστός για αυτή τη θέση γιατί περιέχει πολύ άγχος και πίεση
1339,9.0,"I don't have to rely on anybody else, I can do anything by myself.",,"Δεν χρειάζεται να βασιστώ σε κανέναν άλλο, μπορώ να κάνω τα πάντα μόνος μου","Δεν χρειάζεται να βασιστώ σε κανέναν άλλο, μπορώ να κάνω τα πάντα μόνη μου"
1340,9.0,I have never perceived rejection as something negative.,Ποτέ δεν αντιλήφθηκα την απόρριψη ως κάτι αρνητικό,,
1341,7.0,"When I learned what type of skin I have, I completely changed my wardrobe.","Όταν έμαθα τι τύπο δέρματος έχω, άλλαξα εντελώς την γκαρνταρόμπα μου",,
1342,14.0,"I'd buy the kids toys, but I'd be the one playing with them.",,"Θα αγόραζα παιχνίδια για τα παιδιά, αλλά θα ήμουν αυτός που θα έπαιζε μαζί τους","Θα αγόραζα παιχνίδια για τα παιδιά, αλλά θα ήμουν αυτή που θα έπαιζε μαζί τους"
1343,1.0,I found my passion in expressing my emotions through art.,Βρήκα το πάθος μου στο να εκφράσω τα συναισθήματά μου μέσω της τέχνης,,
1344,11.0,I carefully read the instructions before assembling the furniture.,Διάβασα προσεκτικά τις οδηγίες πριν συναρμολογήσω τα έπιπλα,,
1345,15.0,I'd like to try something crazy in bed.,Θα ήθελα να δοκιμάσω κάτι τρελό στο κρεβάτι,,
1346,8.0,"The guy offended my partner, so I hit him.","Ο τύπος προσέβαλε τον σύντροφό μου, οπότε τον χτύπησα",,
1348,2.0,"Maybe I should have kept smiling, even though I was in pain.","Ίσως έπρεπε να χαμογελάω συνέχεια, παρόλο που πονούσα",,
1349,13.0,I took a course on good leadership.,Πήρα ένα μάθημα για καλή ηγεσία,,
1350,12.0,I made sure that we had enough money to cover essential expenses and save for the future.,Φροντίστηκα ότι είχαμε αρκετά χρήματα για να καλύψουμε βασικά έξοδα και να εξοικονομήσουμε χρήματα για το μέλλον,,
1352,14.0,I didn't care about the rules.,Δεν με ένοιαζαν οι κανόνες,,
1353,11.0,I planned a whole itinerary to save money and take the most efficient route.,Σχεδίασα ένα ολόκληρο δρομολόγιο για να εξοικονομήσω χρήματα και να ακολουθήσω την πιο αποτελεσματική διαδρομή,,
1354,16.0,I like to use my physical fitness to defend those who cannot defend themselves.,Μου αρέσει να χρησιμοποιώ τη φυσική μου κατάσταση για να υπερασπιστώ αυτούς που δεν μπορούν να υπερασπιστούν τον εαυτό τους,,
1355,11.0,I think that science can bring us closer to objectivity.,Νομίζω ότι η επιστήμη μπορεί να μας φέρει πιο κοντά στην αντικειμενικότητα,,
1358,15.0,I was hoping to try a new sexual position.,Ήλπιζα να δοκιμάσω μια νέα σεξουαλική στάση,,
1359,1.0,I yelled at everyone and then realised that I was probably just running out of sugar.,Φώναξα σε όλους και μετά συνειδητοποίησα ότι μάλλον τελείωσα από ζάχαρη,,
1360,2.0,"They sent me to negotiate, because I looked gentle.","Με έστειλαν να διαπραγματευτώ, γιατί φαινόμουν ευγενικός",,
1361,2.0,I thanked them and wished them a nice day.,Τους ευχαρίστησα και τους ευχήθηκα μια καλή μέρα,,
1363,7.0,"I was always made to stand in front of everyone else, because I looked nice.","Με έκαναν πάντα να στέκομαι μπροστά σε όλους τους άλλους, γιατί έδειχνα ωραία",,
1365,9.0,The only one I can really rely on is myself.,Ο μόνος στον οποίο μπορώ πραγματικά να βασιστώ είναι ο εαυτός μου,,
1366,14.0,I'd rather live in a mess than have to clean up my room.,Προτιμώ να ζήσω σε χάλια παρά να καθαρίσω το δωμάτιό μου,,
1367,7.0,I received an unexpected compliment from a stranger about my smile.,Έλαβα ένα απροσδόκητο κομπλιμέντο από έναν άγνωστο για το χαμόγελό μου,,
1368,9.0,I did not need to study for that test.,Δεν χρειαζόταν να μελετήσω για αυτό το τεστ,,
1369,15.0,I forgot to buy condoms.,Ξέχασα να αγοράσω προφυλακτικά,,
1370,15.0,I would like to touch your body.,Θα ήθελα να αγγίξω το σώμα σου,,
1371,6.0,I thought swimming would be easier.,Νόμιζα ότι το κολύμπι θα ήταν πιο εύκολο,,
1372,16.0,I was very athletic and loved running.,,Ήμουν πολύ αθλητικός και μου άρεσε να τρέχω,Ήμουν πολύ αθλητική και μου άρεσε να τρέχω
1373,7.0,I was stunning.,,Ήμουν εκπληκτικός,Ήμουν εκπληκτική
1374,14.0,"I didn't know how to cook pasta, so I was hungry.","Δεν ήξερα πώς να μαγειρεύω ζυμαρικά, οπότε πεινούσα",,
1375,5.0,I joined a volunteer group that organized regular community clean-up events.,Έγινα μέλος μιας εθελοντικής ομάδας που οργάνωνε τακτικές εκδηλώσεις καθαρισμού της κοινότητας,,
1376,3.0,I showed empathy by providing comfort.,Έδειξα ενσυναίσθηση παρέχοντας παρηγοριά,,
1377,11.0,I set clear goals that I want to achieve.,Έθεσα ξεκάθαρους στόχους που θέλω να πετύχω,,
1378,7.0,I like to wear linen clothes in the summer.,Μου αρέσει να φοράω λινά ρούχα το καλοκαίρι,,
1379,11.0,I'm really good at technical and analytical tasks.,,Είμαι πολύ καλός σε τεχνικές και αναλυτικές εργασίες,Είμαι πολύ καλή σε τεχνικές και αναλυτικές εργασίες
1380,9.0,I am determined.,,Είμαι αποφασισμένος,Είμαι αποφασισμένη
1381,14.0,I stole their lunch.,Τους έκλεψα το μεσημεριανό γεύμα,,
1382,1.0,I decided based on my first impression.,Αποφάσισα με βάση την πρώτη μου εντύπωση,,
1383,1.0,I used to cry every night.,Κάποτε έκλαιγα κάθε βράδυ,,
1384,5.0,I like being around people all the time.,Μου αρέσει να είμαι πάντα γύρω από ανθρώπους,,
1385,11.0,"I took a step back from a stressful situation, allowing myself time to reflect and make a rational decision rather than reacting impulsively.","Έκανα ένα βήμα πίσω από μια αγχωτική κατάσταση, δίνοντας στον εαυτό μου χρόνο να σκεφτώ και να πάρω μια λογική απόφαση αντί να αντιδράσω παρορμητικά",,
1386,6.0,"I couldn't move the bed by myself, I had to ask for help.",,"Δεν μπορούσα να μετακινήσω το κρεβάτι μόνος μου, έπρεπε να ζητήσω βοήθεια","Δεν μπορούσα να μετακινήσω το κρεβάτι μόνη μου, έπρεπε να ζητήσω βοήθεια"
1387,11.0,I always preferred hard or natural sciences.,Πάντα προτιμούσα τις σκληρές ή τις φυσικές επιστήμες,,
1388,8.0,"Armed with a chainsaw, I ventured into the dense forest.",,"Οπλισμένος με ένα αλυσοπρίονο, μπήκα στο πυκνό δάσος","Οπλισμένη με ένα αλυσοπρίονο, μπήκα στο πυκνό δάσος"
1389,13.0,I always enjoyed leading others.,Πάντα μου άρεσε να οδηγώ τους άλλους,,
1390,3.0,My partner had all the instructions about our kids when I went away.,Ο σύντροφός μου είχε όλες τις οδηγίες για τα παιδιά μας όταν έφυγα,,
1391,13.0,I was always making long-term plans so I could motivate everyone to meet our goals.,"Πάντα έκανα μακροπρόθεσμα σχέδια, ώστε να μπορώ να παρακινήσω όλους να επιτύχουν τους στόχους μας",,
1393,3.0,"I knew that they were taken care of, but I still had to call and check every day.","Ήξερα ότι τους φρόντιζαν, αλλά έπρεπε να τηλεφωνώ και να ελέγχω κάθε μέρα",,
1394,3.0,I offered a comforting hug and kind words to them.,Τους πρόσφερα μια παρηγορητική αγκαλιά και καλά λόγια,,
1395,11.0,I would never act based on my emotions.,Δεν θα ενεργούσα ποτέ με βάση τα συναισθήματά μου,,
1397,14.0,I don't like to share things because they're mine.,Δεν μου αρέσει να μοιράζομαι πράγματα επειδή είναι δικά μου,,
1399,10.0,I am adaptable so I am able to handle change with ease.,,"Είμαι προσαρμοστικός, επομένως μπορώ να χειρίζομαι την αλλαγή με ευκολία","Είμαι προσαρμοστική, επομένως μπορώ να χειρίζομαι την αλλαγή με ευκολία"
1400,14.0,"I forgot to cook dinner, because I was watching TV.","Ξέχασα να μαγειρέψω το δείπνο, γιατί έβλεπα τηλεόραση",,
1401,2.0,"I did not like when curse words were used, it made me feel uncomfortable because I was brought up to be polite at all times.",,"Δεν μου άρεσε όταν χρησιμοποιούσαν κατάρες, με έκανε να νιώθω άβολα γιατί με είχαν μεγαλώσει να είμαι ευγενικός ανά πάσα στιγμή","Δεν μου άρεσε όταν χρησιμοποιούσαν κατάρες, με έκανε να νιώθω άβολα γιατί με είχαν μεγαλώσει να είμαι ευγενική ανά πάσα στιγμή"
1402,13.0,I've always had leadership in me.,Πάντα είχα την ηγεσία μέσα μου,,
1403,1.0,I overreacted when I was feeling overwhelmed.,,Αντέδρασα υπερβολικά όταν ένιωθα συγκλονισμένος,Αντέδρασα υπερβολικά όταν ένιωθα συγκλονισμένη
1404,5.0,"Every Saturday, I went clubbing with my friends, I could not bear the idea of staying at home.","Κάθε Σάββατο πήγαινα κλαμπ με τους φίλους μου, δεν άντεχα την ιδέα να μείνω στο σπίτι",,
1405,15.0,I'd really like to sleep with you.,Θα ήθελα πολύ να κοιμηθώ μαζί σου,,
1406,8.0,I was in military training last month.,Ήμουν σε στρατιωτική εκπαίδευση τον περασμένο μήνα,,
1408,5.0,I think I am quite good at approaching new people.,,Νομίζω ότι είμαι αρκετά καλός στο να προσεγγίζω νέους ανθρώπους,Νομίζω ότι είμαι αρκετά καλή στο να προσεγγίζω νέους ανθρώπους
1409,12.0,I called the gardener.,Πήρα τηλέφωνο τον κηπουρό,,
1410,7.0,"I could wear anything I liked, because everything looked good on me.","Μπορούσα να φορέσω ό,τι μου άρεσε, γιατί όλα μου φαινόταν καλά",,
1412,5.0,I like crowds of people.,Μου αρέσουν τα πλήθη ανθρώπων,,
1413,6.0,"I participated in a sports competition, but my physical weakness hindered my performance.","Συμμετείχα σε έναν αθλητικό αγώνα, αλλά η σωματική μου αδυναμία εμπόδισε την απόδοσή μου",,
1414,9.0,"I have never used GPS in my car, I don't need any gadgets to tell me what to do.","Δεν έχω χρησιμοποιήσει ποτέ GPS στο αυτοκίνητό μου, δεν χρειάζομαι gadget για να μου πει τι να κάνω",,
1415,3.0,"My grandparents asked me if I could help them on the weekends, and I was very happy to do so.",,Οι παππούδες μου με ρώτησαν αν μπορούσα να τους βοηθήσω τα Σαββατοκύριακα και ήμουν πολύ χαρούμενος που το έκανα,Οι παππούδες μου με ρώτησαν αν μπορούσα να τους βοηθήσω τα Σαββατοκύριακα και ήμουν πολύ χαρούμενη που το έκανα
1416,12.0,I was always the head of the family.,Ήμουν πάντα ο αρχηγός της οικογένειας,,
1417,11.0,I have never experienced being overwhelmed by emotions.,Ποτέ δεν έχω βιώσει να με κυριεύουν συναισθήματα,,
1418,5.0,"I organized a themed movie night with friends, creating a cozy atmosphere.","Οργάνωσα μια θεματική βραδιά ταινιών με φίλους, δημιουργώντας μια ζεστή ατμόσφαιρα",,
1419,12.0,"If I lost my job, my family would be in big trouble.","Αν έχανα τη δουλειά μου, η οικογένειά μου θα είχε μεγάλο πρόβλημα",,
1421,2.0,I knew it would make me feel uneasy if I did not obey.,Ήξερα ότι θα με έκανε να νιώθω άβολα αν δεν υπάκουγα,,
1422,10.0,I made well-informed decisions that aligned with the organization's goals and values.,Πήρα καλά ενημερωμένες αποφάσεις που ευθυγραμμίζονται με τους στόχους και τις αξίες του οργανισμού,,
1423,12.0,"Don't worry, I already paid.","Μην ανησυχείς, πλήρωσα ήδη",,
1426,3.0,"They did not ask for help, but I could not resist.","Δεν ζήτησαν βοήθεια, αλλά δεν μπορούσα να αντισταθώ",,
1427,9.0,I have my techniques that have always helped me get what I wanted.,Έχω τις τεχνικές μου που πάντα με βοηθούσαν να πάρω αυτό που ήθελα,,
1428,16.0,I cycled for almost 5 hours.,Έκανα ποδήλατο για σχεδόν 5 ώρες,,
1429,1.0,Sometimes I am sad for no apparent reason.,Μερικές φορές είμαι λυπημένος χωρίς προφανή λόγο,,
1432,13.0,I started my own company.,Ξεκίνησα τη δική μου εταιρεία,,
1434,14.0,Why would I look for a job when I could be with my friends all day?,Γιατί να ψάξω για δουλειά όταν θα μπορούσα να είμαι με τους φίλους μου όλη μέρα,,
1435,5.0,"I found out that when I'm not with my friends, I feel miserable.","Έμαθα ότι όταν δεν είμαι με τους φίλους μου, νιώθω άθλια",,
1437,11.0,I've learned that failure is a necessary ingredient on the road to success.,Έμαθα ότι η αποτυχία είναι απαραίτητο συστατικό στο δρόμο προς την επιτυχία,,
1438,7.0,I often get low self-esteem when I have a rash.,Συχνά έχω χαμηλή αυτοεκτίμηση όταν έχω εξάνθημα,,
1440,15.0,I enjoyed casual sex at every opportunity.,Μου άρεσε το περιστασιακό σεξ με κάθε ευκαιρία,,
1441,7.0,"What do you think, am I likable?","Τι νομίζεις, είμαι συμπαθής",,
1442,6.0,"It was a short run, but I am tired.",,"Ήταν ένα σύντομο τρέξιμο, αλλά είμαι κουρασμένος","Ήταν ένα σύντομο τρέξιμο, αλλά είμαι κουρασμένη"
1443,5.0,I like to work in groups.,Μου αρέσει να δουλεύω σε ομάδες,,
1444,2.0,I assumed responsibility to avoid conflict even though I did not do anything wrong.,"Ανέλαβα την ευθύνη να αποφύγω τη σύγκρουση, παρόλο που δεν έκανα τίποτα κακό",,
1447,16.0,I'm strong enough.,,Είμαι αρκετά δυνατός,Είμαι αρκετά δυνατή
1448,13.0,I bought this company to manage it better.,αγόρασα αυτήν την εταιρεία για να τη διαχειριστώ καλύτερα,,
1449,13.0,"As a team leader, I made sure that everyone was involved.","Ως αρχηγός ομάδας, φρόντισα να συμμετάσχουν όλοι",,
1450,8.0,"I have always loved adventure: foreign countries, wild nature.","Πάντα μου άρεσε η περιπέτεια: οι ξένες χώρες, η άγρια ​​φύση",,
1451,11.0,I prepared a budget for the whole trip.,Ετοίμασα έναν προϋπολογισμό για όλο το ταξίδι,,
1452,10.0,I'm an expert in financial and business matters.,Είμαι ειδικός σε οικονομικά και επιχειρηματικά θέματα,,
1453,6.0,"I'm hurt, no one has ever treated me like this.",,"Είμαι πληγωμένος, κανείς δεν μου φέρθηκε ποτέ έτσι","Είμαι πληγωμένη, κανείς δεν μου φέρθηκε ποτέ έτσι"
1454,8.0,I am determined to endure anything.,,Είμαι αποφασισμένος να υπομείνω οτιδήποτε,Είμαι αποφασισμένη να υπομείνω οτιδήποτε
1455,7.0,I matched my makeup with my clothes.,Τίριαξα το μακιγιάζ μου με τα ρούχα μου,,
1456,1.0,I cried when I saw the little baby in the pram.,Έκλαψα όταν είδα το μικρό μωρό στο καρότσι,,
1459,12.0,I took on additional work to increase our household income.,ανέλαβα πρόσθετη δουλειά για να αυξήσω το οικογενειακό μας εισόδημα,,
1460,10.0,I was working till midnight every day this week.,Δούλευα μέχρι τα μεσάνυχτα κάθε μέρα αυτή την εβδομάδα,,
1461,6.0,"I encountered a difficult obstacle that tested my resilience, but I felt weak and defeated.","Συνάντησα ένα δύσκολο εμπόδιο που δοκίμασε την αντοχή μου, αλλά ένιωσα αδύναμος και ηττημένος",,
1462,11.0,"When I brought up verified data during the argument, people had nothing to say.","Όταν ανέφερα επαληθευμένα δεδομένα κατά τη διάρκεια της διαμάχης, οι άνθρωποι δεν είχαν τίποτα να πουν",,
1466,6.0,They never ask me for help because they say I couldn't handle it.,Ποτέ δεν μου ζητούν βοήθεια γιατί λένε ότι δεν μπορούσα να το διαχειριστώ,,
1468,2.0,"I liked playing football but my parents preferred dancing, so I had to stop.","Μου άρεσε να παίζω ποδόσφαιρο, αλλά οι γονείς μου προτιμούσαν τον χορό, οπότε έπρεπε να σταματήσω",,
1471,6.0,"My partner did twenty push-ups, but I couldn't even do five.","Ο σύντροφός μου έκανε είκοσι push-ups, αλλά δεν μπορούσα να κάνω ούτε πέντε",,
1472,16.0,I never shunned away from hard manual work.,Ποτέ δεν απέφυγα από τη σκληρή χειρωνακτική εργασία,,
1473,3.0,I attended a community event organized by a marginalized group to better understand their experiences and show solidarity.,Παρευρέθηκα σε μια κοινοτική εκδήλωση που διοργάνωσε μια περιθωριοποιημένη ομάδα για να κατανοήσω καλύτερα τις εμπειρίες τους και να δείξω αλληλεγγύη,,
1475,4.0,"I should have come to the library earlier, now it is completely full.","Θα έπρεπε να είχα έρθει στη βιβλιοθήκη νωρίτερα, τώρα είναι εντελώς γεμάτη",,
1476,13.0,"As a team leader, I was responsible for the outcomes of our projects.",,"Ως αρχηγός ομάδας, ήμουν υπεύθυνος για τα αποτελέσματα των έργων μας","Ως αρχηγός ομάδας, ήμουν υπεύθυνη για τα αποτελέσματα των έργων μας"
1477,1.0,I totally overreacted.,Αντέδρασα εντελώς υπερβολικά,,
1478,8.0,I never failed in any area of my life.,Ποτέ δεν απέτυχα σε κανέναν τομέα της ζωής μου,,
1479,4.0,I liked when everything was fresh and clean so I spent a lot of time doing the housework.,"Μου άρεσε όταν όλα ήταν φρέσκα και καθαρά, οπότε αφιέρωσα πολύ χρόνο κάνοντας τις δουλειές του σπιτιού",,
1480,9.0,People often come to me for advice because they know I am the best.,Οι άνθρωποι έρχονται συχνά σε μένα για συμβουλές επειδή ξέρουν ότι είμαι ο καλύτερος,,
1481,4.0,I don't like it when I come home from the hike and I feel dirty.,,Δεν μου αρέσει όταν επιστρέφω σπίτι από την πεζοπορία και νιώθω βρώμικος,Δεν μου αρέσει όταν επιστρέφω σπίτι από την πεζοπορία και νιώθω βρώμικη
1482,12.0,"In order to give my family what they deserve, I had to change careers.","Για να δώσω στην οικογένειά μου αυτό που της αξίζει, έπρεπε να αλλάξω καριέρα",,
1483,10.0,I wanted to learn more languages to expand my professional opportunities.,Ήθελα να μάθω περισσότερες γλώσσες για να επεκτείνω τις επαγγελματικές μου ευκαιρίες,,
1485,7.0,"I took care of my skin diligently, and it paid off when I noticed a healthy glow.",Φρόντισα το δέρμα μου επιμελώς και απέδωσε όταν παρατήρησα μια υγιή λάμψη,,
1486,8.0,I faced the predator.,Αντιμετώπισα το αρπακτικό,,
1489,15.0,I imagined how they'd look with no clothes on.,Φαντάστηκα πώς θα έδειχναν χωρίς ρούχα,,
1490,16.0,I should eat more protein to build muscle.,Θα πρέπει να τρώω περισσότερη πρωτεΐνη για να χτίσω μυς,,
1491,15.0,I couldn't think about anything else except sex.,Δεν μπορούσα να σκεφτώ τίποτα άλλο εκτός από το σεξ,,
1492,1.0,I used to love drawing in order to express my emotions.,Μου άρεσε να ζωγραφίζω για να εκφράσω τα συναισθήματά μου,,
1493,9.0,"Having a strong belief in myself, I embraced new opportunities.","Έχοντας ισχυρή πίστη στον εαυτό μου, αγκάλιασα νέες ευκαιρίες",,
1494,15.0,I've realised how important it is to have a sexually compatible partner.,Έχω συνειδητοποιήσει πόσο σημαντικό είναι να έχεις έναν σεξουαλικά συμβατό σύντροφο,,
1495,13.0,I took the initiative to address conflicts or issues within a problematic social group.,Πήρα την πρωτοβουλία να αντιμετωπίσω συγκρούσεις ή ζητήματα μέσα σε μια προβληματική κοινωνική ομάδα,,
1496,1.0,"He did not do anything wrong, but I was still upset.",,"Δεν έκανε τίποτα κακό, αλλά παρόλα αυτά ήμουν αναστατωμένος","Δεν έκανε τίποτα κακό, αλλά παρόλα αυτά ήμουν αναστατωμένη"
1497,6.0,"They were getting dangerously close to me, so I started screaming for help.","Με πλησίαζαν επικίνδυνα, κι έτσι άρχισα να ουρλιάζω για βοήθεια",,
1498,11.0,I always believed in technological progress.,Πάντα πίστευα στην τεχνολογική πρόοδο,,
1499,12.0,I couldn't be in a relationship where I had a lower income.,Δεν θα μπορούσα να είμαι σε μια σχέση όπου είχα χαμηλότερο εισόδημα,,
1500,5.0,"Talking to other people is healthy, it has always helped me when I was feeling down.","Το να μιλάω με άλλους ανθρώπους είναι υγιές, πάντα με βοηθούσε όταν ένιωθα άσχημα",,
1502,12.0,I regularly reviewed insurance policies and adjusted coverage to protect my family's financial well-being.,Εξέταζα τακτικά τα ασφαλιστήρια συμβόλαια και προσάρμοζα την κάλυψη για να προστατεύσω την οικονομική ευημερία της οικογένειάς μου,,
1503,3.0,"I participated in a community service project, working alongside individuals from diverse backgrounds.","Συμμετείχα σε ένα έργο κοινωφελούς εργασίας, δουλεύοντας δίπλα σε άτομα από διαφορετικά υπόβαθρα",,
1505,1.0,"They didn't say anything, but I felt that they didn't like me at all.","Δεν είπαν τίποτα, αλλά ένιωσα ότι δεν τους συμπαθούσα καθόλου",,
1506,16.0,I worked for a moving company.,,Δούλευα σε μια εταιρεία μετακόμισης,δούλευα σε μια εταιρεία μετακόμισης
1508,1.0,"I didn't listen to their arguments, because they hurt my feelings.","Δεν άκουσα τα επιχειρήματά τους, γιατί πλήγωσαν τα συναισθήματά μου",,
1509,2.0,I have always adapted my plans to my partner.,Πάντα προσάρμοζα τα σχέδιά μου στον σύντροφό μου,,
1510,11.0,I am proud of my engineering expertise and problem-solving abilities.,,Είμαι περήφανος για την τεχνογνωσία μου στη μηχανική και τις ικανότητές μου στην επίλυση προβλημάτων,Είμαι περήφανη για την τεχνογνωσία μου στη μηχανική και τις ικανότητές μου στην επίλυση προβλημάτων
1511,5.0,"When they didn't invite me, I felt hurt.",,"Όταν δεν με κάλεσαν, ένιωσα πληγωμένος","Όταν δεν με κάλεσαν, ένιωσα πληγωμένη"
1513,10.0,"I did it quickly and efficiently, so they called me again.","Το έκανα γρήγορα και αποτελεσματικά, οπότε με κάλεσαν ξανά",,
1514,2.0,I bought tickets to the ballet because I wanted to surprise my friends.,αγόρασα εισιτήρια για το μπαλέτο γιατί ήθελα να κάνω έκπληξη στους φίλους μου,,
1515,7.0,I wore the new swimsuit to show off my body.,Φόρεσα το νέο μαγιό για να δείξω το σώμα μου,,
1516,12.0,"I wanted them to be happy, so I worked hard.","Ήθελα να είναι ευτυχισμένοι, γι' αυτό δούλεψα σκληρά",,
1517,3.0,"A friend of mine is going through a tough breakup, so I bought us tickets to a festival to let her get some rest.","Μια φίλη μου περνάει έναν δύσκολο χωρισμό, οπότε μας αγόρασα εισιτήρια για ένα φεστιβάλ για να την αφήσω να ξεκουραστεί",,
1518,3.0,I taught my kids their first words.,Έμαθα στα παιδιά μου τις πρώτες τους λέξεις,,
1519,2.0,"I must go, because my father will be angry and I don't like it when he's angry.","Πρέπει να φύγω, γιατί ο πατέρας μου θα είναι θυμωμένος και δεν μου αρέσει όταν είναι θυμωμένος",,
1520,3.0,"When he needed help, I put everything aside and ran to him.","Όταν χρειαζόταν βοήθεια, τα άφησα όλα στην άκρη και έτρεξα κοντά του",,
1523,8.0,"I was so tired, but I had to go on that race to prove, I can do it.",,"Ήμουν τόσο κουρασμένος, αλλά έπρεπε να πάω σε αυτόν τον αγώνα για να αποδείξω ότι μπορώ να τα καταφέρω","Ήμουν τόσο κουρασμένη, αλλά έπρεπε να πάω σε αυτόν τον αγώνα για να αποδείξω ότι μπορώ να τα καταφέρω"
1524,15.0,I went to a BDSM club.,Πήγα σε ένα κλαμπ BDSM,,
1526,4.0,I like cleaning.,Μου αρέσει να καθαρίζω,,
1528,2.0,I don't like attention.,Δεν μου αρέσει η προσοχή,,
1529,7.0,I like it when someone compliments how I look.,Μου αρέσει όταν κάποιος κάνει κομπλιμέντα για την εμφάνισή μου,,
1531,2.0,I always think carefully about how I talk to people so that I don't hurt them.,Πάντα σκέφτομαι προσεκτικά πώς μιλάω στους ανθρώπους για να μην τους πληγώσω,,
1532,5.0,I wished to host that party and was sad when it was decided otherwise.,Ήθελα να φιλοξενήσω εκείνο το πάρτι και στεναχωρήθηκα όταν αποφασίστηκε διαφορετικά,,
1533,8.0,It was really a high-stress situation but I think I handled it without any problems.,"Ήταν πραγματικά μια κατάσταση υψηλού στρες, αλλά νομίζω ότι το χειρίστηκα χωρίς κανένα πρόβλημα",,
1535,3.0,I had to call them every night before going to sleep.,Έπρεπε να τους τηλεφωνώ κάθε βράδυ πριν πάω για ύπνο,,
1536,6.0,I was sexually assaulted.,Δέχθηκα σεξουαλική επίθεση,,
1537,5.0,I am very social.,,Είμαι πολύ κοινωνικός,Είμαι πολύ κοινωνική
1538,14.0,"I am so lazy, I just want to walk around the house and do nothing.","Είμαι τόσο τεμπέλης, θέλω απλώς να περπατάω στο σπίτι και να μην κάνω τίποτα",,
1539,11.0,A friend told me that I'm the best in rational thought processes.,Ένας φίλος μου είπε ότι είμαι ο καλύτερος στις διαδικασίες ορθολογικής σκέψης,,
1542,11.0,I considered the long-term consequences of marriage as a major life decision.,Θεωρούσα τις μακροπρόθεσμες συνέπειες του γάμου ως μια σημαντική απόφαση ζωής,,
1543,3.0,I always show my books to the children to motivate them to read.,Πάντα δείχνω τα βιβλία μου στα παιδιά για να τα παρακινήσω να διαβάσουν,,
1544,11.0,"I voted based on the political party's program, not the leader's charisma.","Ψήφισα με βάση το πρόγραμμα του πολιτικού κόμματος, όχι το χάρισμα του αρχηγού",,
1545,7.0,I wore the new shoes to the event.,Φόρεσα τα νέα παπούτσια στην εκδήλωση,,
1547,5.0,I am very communicative.,,Είμαι πολύ επικοινωνιακός,Είμαι πολύ επικοινωνιακή
1548,12.0,I used my culinary skills to start a catering business to meet our family's financial goals.,Χρησιμοποιήσα τις μαγειρικές μου δεξιότητες για να ξεκινήσω μια επιχείρηση catering για να πετύχω τους οικονομικούς στόχους της οικογένειάς μας,,
1549,6.0,I could not open the mineral water and asked for help.,Δεν μπορούσα να ανοίξω το μεταλλικό νερό και ζήτησα βοήθεια,,
1550,7.0,I made sure I looked good on the camera.,Φροντίστηκα να φαίνομαι καλά στην κάμερα,,
1551,8.0,I thought crying was showing weakness.,Νόμιζα ότι το κλάμα έδειχνε αδυναμία,,
1553,11.0,"I didn't care about how it looked, I cared about how it worked.","Δεν με ένοιαζε πώς φαινόταν, με ένοιαζε πώς λειτουργούσε",,
1554,2.0,"I was told I am submissive, so it must be true.","Μου είπαν ότι είμαι υποτακτική, άρα πρέπει να είναι αλήθεια",,
1555,14.0,"If it were up to me, I would walk around naked.",,"Αν ήταν στο χέρι μου, θα περπατούσα γυμνός","Αν ήταν στο χέρι μου, θα περπατούσα γυμνή"
1556,12.0,I worked a lot to provide for my partner who did not have a job.,Δούλεψα πολύ για να φροντίσω τον σύντροφό μου που δεν είχε δουλειά,,
1557,5.0,I applied for the tour guide position so that I would meet new people.,Έκανα αίτηση για τη θέση του ξεναγού για να γνωρίσω νέα άτομα,,
1558,16.0,I could easily swim for hours.,Μπορούσα εύκολα να κολυμπήσω για ώρες,,
1559,2.0,"I need to talk to someone, but I feel like I'd just be bothering that person.","Πρέπει να μιλήσω σε κάποιον, αλλά νιώθω ότι απλώς θα ενοχλούσα αυτό το άτομο",,
1560,8.0,I showed my rival a middle finger.,Έδειξα στον αντίπαλό μου ένα μεσαίο δάχτυλο,,
1561,8.0,I like when I have adrenaline in my life.,Μου αρέσει όταν έχω αδρεναλίνη στη ζωή μου,,
1562,1.0,"When a stranger speaks to me, I imagine all sorts of scenarios of how they could hurt me.","Όταν μου μιλάει ένας άγνωστος, φαντάζομαι κάθε είδους σενάρια για το πώς θα μπορούσαν να με πληγώσουν",,
1563,7.0,I like it when I take care of my appearance and someone appreciates it.,Μου αρέσει όταν φροντίζω την εμφάνισή μου και κάποιος το εκτιμά,,
1564,2.0,Kindness is something I valued in myself.,Η ευγένεια είναι κάτι που εκτιμούσα στον εαυτό μου,,
1565,8.0,I've always been able to face difficult situations.,Πάντα μπορούσα να αντιμετωπίσω δύσκολες καταστάσεις,,
1566,14.0,"I always wanted to do things my way, no matter what.","Πάντα ήθελα να κάνω τα πράγματα με τον δικό μου τρόπο, ό,τι κι αν γίνει",,
1568,10.0,I wanted to give a presentation about finances because it can attract new clients.,Ήθελα να κάνω μια παρουσίαση για τα οικονομικά γιατί μπορεί να προσελκύσει νέους πελάτες,,
1570,12.0,I purchased a life insurance policy to protect my family financially in case something happens to me.,αγόρασα ένα ασφαλιστήριο συμβόλαιο ζωής για να προστατεύσω οικονομικά την οικογένειά μου σε περίπτωση που μου συμβεί κάτι,,
1571,9.0,"I've read some books on that topic, so I think you could use my help.","Έχω διαβάσει μερικά βιβλία για αυτό το θέμα, οπότε νομίζω ότι θα μπορούσατε να χρησιμοποιήσετε τη βοήθειά μου",,
1572,7.0,I knew that my good looks always made things a bit easier.,Ήξερα ότι η ωραία μου εμφάνιση πάντα έκανε τα πράγματα λίγο πιο εύκολα,,
1573,7.0,I received compliments from friends and family on my stunning appearance for a special occasion.,Έλαβα κομπλιμέντα από φίλους και συγγενείς για την εκπληκτική μου εμφάνιση για μια ειδική περίσταση,,
1575,8.0,"I felt a sense of awe, but fear did not grip me.","Ένιωσα ένα δέος, αλλά ο φόβος δεν με έπιασε",,
1576,8.0,"I've been through hell, but I'm stronger today because of it.",,"Έχω περάσει την κόλαση, αλλά είμαι πιο δυνατός σήμερα εξαιτίας της","Έχω περάσει την κόλαση, αλλά είμαι πιο δυνατή σήμερα εξαιτίας της"
1577,10.0,I am successful because I am disciplined.,Είμαι επιτυχημένος γιατί είμαι πειθαρχημένος,,
1579,1.0,I used to binge eat a lot after arguments.,Συνήθιζα να τρώω πολύ μετά από καυγάδες,,
1580,4.0,I insisted they wash their hands before eating.,Επέμεινα να πλένουν τα χέρια τους πριν φάνε,,
1581,1.0,"When I'm hungry, I get grumpy.","Όταν πεινάω, γίνομαι γκρινιάρης",,
1582,1.0,"No amount of persuasion worked, because I had already decided based on how I felt.","Καμία πειθώ δεν λειτούργησε, γιατί είχα ήδη αποφασίσει με βάση το πώς ένιωθα",,
1586,9.0,I never underestimated myself.,Ποτέ δεν υποτίμησα τον εαυτό μου,,
1587,5.0,I could not wait to go to the wedding and meet all your friends.,Ανυπομονώ να πάω στο γάμο και να συναντήσω όλους τους φίλους σου,,
1588,12.0,I was never late paying my bills.,Ποτέ δεν άργησα να πληρώσω τους λογαριασμούς μου,,
1589,8.0,"I couldn't hold myself back, I had to protect you.","Δεν μπορούσα να συγκρατηθώ, έπρεπε να σε προστατέψω",,
1590,3.0,I said that it is our responsibility to take care of our planet.,Είπα ότι είναι δική μας ευθύνη να φροντίσουμε τον πλανήτη μας,,
1591,16.0,I'm good at handling physically challenging situations.,,Είμαι καλός στο να χειρίζομαι σωματικά δύσκολες καταστάσεις,Είμαι καλή στο να χειρίζομαι σωματικά δύσκολες καταστάσεις
1592,9.0,I would never admit that I could lose.,Δεν θα παραδεχόμουν ποτέ ότι θα μπορούσα να χάσω,,
1593,12.0,I am determined to protect my family and I will do whatever it takes to do so.,,"Είμαι αποφασισμένος να προστατεύσω την οικογένειά μου και θα κάνω ό,τι χρειαστεί για να το κάνω","Είμαι αποφασισμένη να προστατεύσω την οικογένειά μου και θα κάνω ό,τι χρειαστεί για να το κάνω"
1594,1.0,"I would have said yes, but it didn't feel right.","Θα έλεγα ναι, αλλά δεν μου φαινόταν σωστό",,
1595,10.0,I am committed to my company.,Είμαι αφοσιωμένος στην εταιρεία μου,,
1596,12.0,I went to the city council so you don't have to go.,Πήγα στο δημοτικό συμβούλιο για να μην χρειαστεί να πας,,
1597,5.0,I wish there were more people at this party.,Μακάρι να υπήρχαν περισσότεροι άνθρωποι σε αυτό το πάρτι,,
1598,6.0,I had to ask for help with the suitcases because they were just too heavy.,Έπρεπε να ζητήσω βοήθεια με τις βαλίτσες γιατί ήταν πολύ βαριές,,
1599,8.0,I did not even hesitate for a second.,Δεν δίστασα ούτε για ένα δευτερόλεπτο,,
1600,8.0,"They sent me, because I was the most courageous of them.","Με έστειλαν, γιατί ήμουν ο πιο θαρραλέος από αυτούς",,
1601,10.0,I always separate my work life from my private life.,Πάντα διαχωρίζω την επαγγελματική μου ζωή από την ιδιωτική μου ζωή,,
1603,14.0,I promised to call but I got drunk instead.,"Υποσχέθηκα να τηλεφωνήσω, αλλά αντ' αυτού μέθυσα",,
1604,13.0,I knew how to motivate my team.,Ήξερα πώς να παρακινήσω την ομάδα μου,,
1606,5.0,I like to party every Saturday.,Μου αρέσει να κάνω πάρτι κάθε Σάββατο,,
1609,15.0,I sometimes found it challenging to control my sexual impulses.,Μερικές φορές μου ήταν δύσκολο να ελέγξω τις σεξουαλικές μου παρορμήσεις,,
1610,3.0,I've made it a tradition that every Christmas I buy a gift at one of the benefit stores.,Έχω κάνει παράδοση κάθε Χριστούγεννα να αγοράζω ένα δώρο σε ένα από τα καταστήματα παροχών,,
1612,6.0,"I did not understand how they could keep going, I just had to give up.","Δεν καταλάβαινα πώς μπορούσαν να συνεχίσουν, απλώς έπρεπε να τα παρατήσω",,
1613,12.0,I actively sought opportunities to increase my income to provide a better financial future for my family.,Αναζήτησα ενεργά ευκαιρίες για να αυξήσω το εισόδημά μου για να προσφέρω ένα καλύτερο οικονομικό μέλλον για την οικογένειά μου,,
1614,1.0,I am sure karma works.,,Είμαι σίγουρος ότι το κάρμα λειτουργεί,Είμαι σίγουρη ότι το κάρμα λειτουργεί
1615,2.0,I like when nobody notices me.,Μου αρέσει όταν κανείς δεν με προσέχει,,
1616,12.0,I will support my children financially even when I am old.,Θα στηρίξω τα παιδιά μου οικονομικά ακόμα και όταν γεράσω,,
1617,15.0,"When I said it was important for me to find out sexual compatibility, they looked at me strangely.","Όταν είπα ότι ήταν σημαντικό για μένα να μάθω τη σεξουαλική συμβατότητα, με κοίταξαν περίεργα",,
1618,16.0,The sweat dripping down my face was a testament to the intense physical exertion I had just undergone.,Ο ιδρώτας που έσταζε στο πρόσωπό μου ήταν απόδειξη της έντονης σωματικής άσκησης που μόλις είχα υποστεί,,
1619,4.0,My mother taught me cleanliness and I taught it to my children too.,Η μητέρα μου με δίδαξε την καθαριότητα και τη δίδαξα και στα παιδιά μου,,
1620,10.0,I came to the conclusion that young people are not as responsible as my generation.,Κατέληξα στο συμπέρασμα ότι οι νέοι δεν είναι τόσο υπεύθυνοι όσο η γενιά μου,,
1621,4.0,I feel appreciated when someone compliments my scent.,Αισθάνομαι ότι με εκτιμούν όταν κάποιος κάνει κομπλιμέντα για το άρωμά μου,,
1623,11.0,I never understood why people trust fortune tellers.,Ποτέ δεν κατάλαβα γιατί οι άνθρωποι εμπιστεύονται τους μάντεις,,
1624,7.0,I like to have a lot of clothes so I can decide what to wear.,Μου αρέσει να έχω πολλά ρούχα για να μπορώ να αποφασίσω τι θα φορέσω,,
1625,13.0,I expected the promotion to the company team leader.,Περίμενα την προαγωγή στον αρχηγό της ομάδας της εταιρείας,,
1626,16.0,I found my passion in lifting heavy weights.,Βρήκα το πάθος μου στην άρση μεγάλων βαρών,,
1627,16.0,I chopped wood all weekend.,Έκοψα ξύλο όλο το Σαββατοκύριακο,,
1628,8.0,I went to pick up my weapon license yesterday.,Πήγα να πάρω την άδεια του όπλου μου χθες,,
1629,11.0,I could not stand it when they started talking about astrology.,Δεν άντεξα όταν άρχισαν να μιλάνε για αστρολογία,,
1630,11.0,I studied the background before taking on the job.,Μελέτησα το ιστορικό πριν αναλάβω τη δουλειά,,
1632,3.0,"If only I could take care of one more cat, but my house is too full.","Μακάρι να μπορούσα να φροντίσω μια ακόμη γάτα, αλλά το σπίτι μου είναι πολύ γεμάτο",,
1633,3.0,I cooked dinner for the entire family yesterday.,Μαγείρεψα χθες το δείπνο για όλη την οικογένεια,,
1635,10.0,I studied at Oxford.,Σπούδασα στην Οξφόρδη,,
1636,11.0,I carefully read and compared the terms and interest rates of different credit cards.,Διάβασα προσεκτικά και συνέκρινα τους όρους και τα επιτόκια διαφορετικών πιστωτικών καρτών,,
1640,3.0,I went on maternity leave.,Πήγα σε άδεια μητρότητας,,
1641,3.0,I brought some cookies for the new neighbors.,Έφερα μερικά μπισκότα για τους νέους γείτονες,,
1642,11.0,I carefully compared the terms and conditions of different insurance policies.,Σύγκρισα προσεκτικά τους όρους και τις προϋποθέσεις διαφορετικών ασφαλιστηρίων συμβολαίων,,
1643,16.0,"The engine died, so I pushed the car to the sidewalk.","Η μηχανή πέθανε, οπότε έσπρωξα το αυτοκίνητο στο πεζοδρόμιο",,
1644,2.0,I have never said no to him.,Δεν του είπα ποτέ όχι,,
1645,3.0,I could never pretend that I do not care.,Δεν θα μπορούσα ποτέ να προσποιηθώ ότι δεν με νοιάζει,,
1648,14.0,I bought fireworks because I can't imagine New Year's Eve without them.,Αγόρασα πυροτεχνήματα γιατί δεν μπορώ να φανταστώ την Πρωτοχρονιά χωρίς αυτά,,
1649,5.0,"I like talking to people on the phone, but I like meeting them even more.","Μου αρέσει να μιλάω με ανθρώπους στο τηλέφωνο, αλλά μου αρέσει να τους συναντώ ακόμα περισσότερο",,
1650,5.0,"During the Covid pandemic, it was very difficult for me to stay at home without talking to my friends in person, I felt so lonely.","Κατά τη διάρκεια της πανδημίας του Covid, ήταν πολύ δύσκολο για μένα να μείνω στο σπίτι χωρίς να μιλήσω με τους φίλους μου προσωπικά, ένιωθα τόσο μόνος",,
1655,11.0,I never had a problem thinking clearly and rationally.,Ποτέ δεν είχα πρόβλημα να σκεφτώ καθαρά και ορθολογικά,,
1656,9.0,I did not need notes for that important presentation.,Δεν χρειαζόμουν σημειώσεις για αυτή τη σημαντική παρουσίαση,,
1657,11.0,I conducted thorough research and read reviews before purchasing a new washing machine.,Έκανα ενδελεχή έρευνα και διάβασα κριτικές πριν αγοράσω ένα νέο πλυντήριο ρούχων,,
1658,12.0,It was my duty to make sure I was financially stable before getting married.,,Ήταν καθήκον μου να βεβαιωθώ ότι ήμουν οικονομικά σταθερός πριν παντρευτώ,Ήταν καθήκον μου να βεβαιωθώ ότι ήμουν οικονομικά σταθερή πριν παντρευτώ
1659,6.0,"A tree fell, so I called the fire department because I couldn't carry it myself.",,"Έπεσε ένα δέντρο, οπότε κάλεσα την πυροσβεστική γιατί δεν μπορούσα να το κουβαλήσω μόνος μου","Έπεσε ένα δέντρο, οπότε κάλεσα την πυροσβεστική γιατί δεν μπορούσα να το κουβαλήσω μόνη μου"
1660,3.0,I am happy when people trust me enough to confide in me with their problems.,Χαίρομαι όταν οι άνθρωποι με εμπιστεύονται αρκετά ώστε να μου εμπιστεύονται τα προβλήματά τους,,
1661,15.0,I have strong sexual desires.,Έχω έντονες σεξουαλικές επιθυμίες,,
1663,5.0,I am saddest when I have no company.,Είμαι πιο λυπημένος όταν δεν έχω παρέα,,
1665,11.0,I evaluated the pros and cons of different mobile phone models before buying one.,Αξιολόγησα τα πλεονεκτήματα και τα μειονεκτήματα διαφορετικών μοντέλων κινητών τηλεφώνων πριν αγοράσω ένα,,
1666,2.0,I tried arguing with them but I just couldn't.,Προσπάθησα να μαλώσω μαζί τους αλλά δεν τα κατάφερα,,
1668,8.0,"When I lose my nerves, I can be a bit aggressive.",,"Όταν χάνω τα νεύρα μου, μπορεί να είμαι λίγο επιθετικός","Όταν χάνω τα νεύρα μου, μπορεί να είμαι λίγο επιθετική"
1669,5.0,"My friends considered me a very sociable person and they were right, I could not bear loneliness.","Οι φίλοι μου με θεωρούσαν πολύ κοινωνικό άνθρωπο και είχαν δίκιο, δεν άντεχα τη μοναξιά",,
1671,9.0,I could easily do stand-up comedy.,Θα μπορούσα εύκολα να κάνω stand-up comedy,,
1673,9.0,I am always sure that I know what I am doing.,,Είμαι πάντα σίγουρος ότι ξέρω τι κάνω,Είμαι πάντα σίγουρη ότι ξέρω τι κάνω
1674,3.0,I organized a fundraiser to support a charitable cause.,Οργάνωσα έναν έρανο για να υποστηρίξω έναν φιλανθρωπικό σκοπό,,
1675,7.0,I could easily become a model.,Θα μπορούσα εύκολα να γίνω μοντέλο,,
1676,7.0,I like bright colours because they make tanned skin stand out.,Μου αρέσουν τα έντονα χρώματα γιατί κάνουν το μαυρισμένο δέρμα να ξεχωρίζει,,
1677,10.0,I solved the problem quickly and efficiently.,Έλυσα το πρόβλημα γρήγορα και αποτελεσματικά,,
1678,15.0,I watched a lot of porn growing up.,Είδα πολλά πορνό μεγαλώνοντας,,
1679,7.0,I heard they're opening a new clothing store.,άκουσα ότι ανοίγουν ένα νέο κατάστημα ρούχων,,
1681,16.0,I couldn't function without exercising.,Δεν μπορούσα να λειτουργήσω χωρίς να ασκηθώ,,
1682,3.0,I called someone to come fix the pool so that the kids could have some fun.,Πήρα τηλέφωνο κάποιον να έρθει να φτιάξει την πισίνα για να διασκεδάσουν τα παιδιά,,
1683,11.0,"I never leave things to the last minute, I'm too responsible for that.",,"Ποτέ δεν αφήνω τα πράγματα για την τελευταία στιγμή, είμαι πολύ υπεύθυνος γι' αυτό","Ποτέ δεν αφήνω τα πράγματα για την τελευταία στιγμή, είμαι πολύ υπεύθυνη γι' αυτό"
1685,12.0,I'm the one who brings home the money.,,Εγώ είμαι αυτός που φέρνει τα χρήματα στο σπίτι,Εγώ είμαι αυτή που φέρνει τα χρήματα στο σπίτι
1686,10.0,I texted my lawyer to make sure the contract is good.,Έστειλα μήνυμα στον δικηγόρο μου για να βεβαιωθώ ότι το συμβόλαιο είναι καλό,,
1687,8.0,"They warned me not to go there, but I went anyway.","Με προειδοποίησαν να μην πάω εκεί, αλλά πήγα ούτως ή άλλως",,
1688,5.0,I have a classmate who loves being surrounded by other people.,Έχω έναν συμμαθητή που του αρέσει να περιτριγυρίζεται από άλλους ανθρώπους,,
1689,15.0,I did not need love or commitment to engage in a sexual relationship.,Δεν χρειαζόμουν αγάπη ή δέσμευση για να συμμετάσχω σε σεξουαλική σχέση,,
1690,14.0,I hid all the candy so no one would eat it.,Έκρυψα όλη την καραμέλα για να μην τη φάει κανείς,,
1691,5.0,I joined a hobby group and actively participated in the meetings.,Μπήκα σε μια ομάδα χόμπι και συμμετείχα ενεργά στις συναντήσεις,,
1693,1.0,I could not bear to touch the mushroom knowing there might be a worm in it.,"Δεν άντεχα να αγγίξω το μανιτάρι, γνωρίζοντας ότι μπορεί να υπάρχει ένα σκουλήκι σε αυτό",,
1694,9.0,"It was clear to me that I would get the job, I knew that my competitors could not match my level of confidence.","Ήταν ξεκάθαρο για μένα ότι θα έπαιρνα τη δουλειά, ήξερα ότι οι ανταγωνιστές μου δεν μπορούσαν να ανταποκριθούν στο επίπεδο αυτοπεποίθησής μου",,
1696,3.0,I was always a good listener.,Ήμουν πάντα καλός ακροατής,,
1697,5.0,I was so bored I just called my friends randomly.,Βαριόμουν τόσο πολύ που κάλεσα τυχαία τους φίλους μου,,
1698,9.0,I know I am capable of great things.,,Ξέρω ότι είμαι ικανός για σπουδαία πράγματα,Ξέρω ότι είμαι ικανή για σπουδαία πράγματα
1700,6.0,I needed help with those heavy bags but you never picked up the phone!,"Χρειαζόμουν βοήθεια με αυτές τις βαριές τσάντες, αλλά δεν σήκωσες ποτέ το τηλέφωνο",,
1701,11.0,I like numbers because they never lie.,Μου αρέσουν οι αριθμοί γιατί δεν λένε ποτέ ψέματα,,
1702,13.0,"As a team leader, I provided guidance to the younger team members.","Ως αρχηγός ομάδας, παρείχα καθοδήγηση στα νεότερα μέλη της ομάδας",,
1703,10.0,"As a software engineer, I collaborated with my team to develop innovative solutions, wrote clean and efficient code, and thoroughly tested the software before deployment.","Ως μηχανικός λογισμικού, συνεργάστηκα με την ομάδα μου για να αναπτύξω καινοτόμες λύσεις, έγραψα καθαρό και αποτελεσματικό κώδικα και δοκίμασα διεξοδικά το λογισμικό πριν από την ανάπτυξη",,
1705,10.0,I won the Scientist of the Year award.,Κέρδισα το βραβείο Επιστήμονας της Χρονιάς,,
1706,11.0,I planned the trip a month in advance.,Σχεδίασα το ταξίδι ένα μήνα νωρίτερα,,
1707,8.0,"I knew it'd be risky, but I had to do it.","Ήξερα ότι θα ήταν επικίνδυνο, αλλά έπρεπε να το κάνω",,
1708,4.0,I like to keep the stove clean at all times.,Μου αρέσει να διατηρώ τη σόμπα καθαρή ανά πάσα στιγμή,,
1712,14.0,I would like to have an ice cream for dinner.,Θα ήθελα να έχω ένα παγωτό για δείπνο,,
1713,8.0,I had a fearless mindset.,Είχα μια ατρόμητη νοοτροπία,,
1714,6.0,I struggled with exerting my dominance.,Δυσκολεύτηκα να ασκήσω την κυριαρχία μου,,
1715,7.0,I love it when someone approaches me with a question about fashion.,Μου αρέσει όταν κάποιος με πλησιάζει με μια ερώτηση για τη μόδα,,
1716,12.0,I want to be strong to be able to protect my family.,,Θέλω να είμαι δυνατός για να μπορώ να προστατεύσω την οικογένειά μου,Θέλω να είμαι δυνατή για να μπορώ να προστατεύσω την οικογένειά μου
1718,10.0,They said I did a good job.,Είπαν ότι έκανα καλή δουλειά,,
1719,14.0,I don't like serious adults who forgot what it's like to be young.,Δεν μου αρέσουν οι σοβαροί ενήλικες που ξέχασαν πώς είναι να είσαι νέος,,
1720,6.0,"I faced a physical challenge that required endurance, but I was not strong enough.",,"Αντιμετώπισα μια σωματική πρόκληση που απαιτούσε αντοχή, αλλά δεν ήμουν αρκετά δυνατός","Αντιμετώπισα μια σωματική πρόκληση που απαιτούσε αντοχή, αλλά δεν ήμουν αρκετά δυνατή"
1721,6.0,I don't like going to the gym.,Δεν μου αρέσει να πηγαίνω στο γυμναστήριο,,
1723,15.0,"Sex was the most important part of our relationship, when its frequency declined over time, I lost interest.","Το σεξ ήταν το πιο σημαντικό μέρος της σχέσης μας, όταν η συχνότητά του μειώθηκε με την πάροδο του χρόνου, έχασα το ενδιαφέρον μου",,
1724,11.0,I followed my goals and that's why I made it.,Ακολούθησα τους στόχους μου και γι' αυτό τα κατάφερα,,
1726,1.0,I love buying things spontaneously.,Μου αρέσει να αγοράζω πράγματα αυθόρμητα,,
1727,4.0,I don't like going to bed before showering.,Δεν μου αρέσει να πηγαίνω για ύπνο πριν κάνω ντους,,
1729,8.0,I could never let others decide for me.,Δεν θα μπορούσα ποτέ να αφήσω άλλους να αποφασίσουν για μένα,,
1730,13.0,I was the company representative.,Ήμουν ο εκπρόσωπος της εταιρείας,,
1731,10.0,I won an award for the job.,Κέρδισα ένα βραβείο για τη δουλειά,,
1732,12.0,Family is important to me and I feel like I should be making more money so they can be happier.,Η οικογένεια είναι σημαντική για μένα και νιώθω ότι θα έπρεπε να βγάζω περισσότερα χρήματα για να είναι πιο ευτυχισμένοι,,
1733,11.0,I'm naturally better at technical subjects.,,Φυσικά είμαι καλύτερος στα τεχνικά θέματα,Φυσικά είμαι καλύτερη στα τεχνικά θέματα
1734,9.0,"I do not need a map, I never got lost before.","Δεν χρειάζομαι χάρτη, δεν χάθηκα ποτέ πριν",,
1736,12.0,I was always the one who earned the most.,,Ήμουν πάντα αυτός που κέρδιζε τα περισσότερα,Ήμουν πάντα αυτή που κέρδιζε τα περισσότερα
1739,12.0,"I had to get a job, or we wouldn't have anything to eat.","Έπρεπε να βρω δουλειά, αλλιώς δεν θα είχαμε τίποτα να φάμε",,
1740,3.0,He knew that when he was sad he could always come to me and I would hear him out.,Ήξερε ότι όταν ήταν λυπημένος μπορούσε πάντα να έρθει σε μένα και θα τον άκουγα,,
1743,16.0,I always wanted to be as strong as Hercules.,,Πάντα ήθελα να είμαι τόσο δυνατός όσο ο Ηρακλής,Πάντα ήθελα να είμαι τόσο δυνατή όσο ο Ηρακλής
1744,5.0,"Let's talk, I will be happy to meet you tomorrow!","Ας μιλήσουμε, θα χαρώ να σε συναντήσω αύριο",,
1745,3.0,I got a cat just so that I have something to care for.,Πήρα μια γάτα για να έχω κάτι να φροντίσω,,
1746,5.0,At first I was a bit afraid there would be no people my age to hang out with.,Στην αρχή φοβόμουν λίγο ότι δεν θα υπήρχαν άτομα στην ηλικία μου για να κάνω παρέα,,
1749,4.0,I could never wear such a sweaty shirt.,Δεν θα μπορούσα ποτέ να φορέσω ένα τόσο ιδρωμένο πουκάμισο,,
1750,8.0,I'm always ready for any challenge.,,Είμαι πάντα έτοιμος για κάθε πρόκληση,Είμαι πάντα έτοιμη για κάθε πρόκληση
1752,9.0,I am determined to take risks.,,Είμαι αποφασισμένος να ρισκάρω,Είμαι αποφασισμένη να ρισκάρω
1753,16.0,"I thought that without my help, they'd never have managed on time.","Νόμιζα ότι χωρίς τη βοήθειά μου, δεν θα τα κατάφερναν ποτέ στην ώρα τους",,
1754,7.0,"The company needed someone beautiful for the video, so I took the job.","Η εταιρεία χρειαζόταν κάποιον όμορφο για το βίντεο, οπότε ανέλαβα τη δουλειά",,
1755,7.0,I've always attended fashion shows because they are extremely inspiring.,Πάντα παρακολουθούσα επιδείξεις μόδας γιατί είναι εξαιρετικά εμπνευσμένες,,
1756,16.0,"I like crossfit, it's good for building dynamic strength.","Μου αρέσει το crossfit, είναι καλό για την οικοδόμηση δυναμικής δύναμης",,
1758,4.0,"I took the time to clean and organize my closet, sorting clothes by category.","Πήρα χρόνο για να καθαρίσω και να οργανώσω την ντουλάπα μου, ταξινομώντας τα ρούχα ανά κατηγορία",,
1759,12.0,I explored alternative income sources to diversify our family's income.,Εξερευνούσα εναλλακτικές πηγές εισοδήματος για να διαφοροποιήσω το εισόδημα της οικογένειάς μας,,
1760,13.0,I was the boss of this company.,Ήμουν το αφεντικό αυτής της εταιρείας,,
1762,5.0,I need to find a job in services because I like human contact.,Πρέπει να βρω δουλειά στις υπηρεσίες γιατί μου αρέσει η ανθρώπινη επαφή,,
1763,11.0,I always wanted to be a detective or a cop.,Πάντα ήθελα να γίνω ντετέκτιβ ή αστυνομικός,,
1764,3.0,I engaged in deep conversations with a friend who was questioning their life choices.,,Συμμετείχα σε βαθιές συζητήσεις με έναν φίλο που αμφισβητούσε τις επιλογές της ζωής του,Συμμετείχα σε βαθιές συζητήσεις με έναν φίλο που αμφισβητούσε τις επιλογές της ζωής τους
1765,13.0,I like to lead by example.,Μου αρέσει να δίνω το παράδειγμα,,
1766,1.0,I screamed because I saw a spider in the kitchen sink.,Ούρλιαξα γιατί είδα μια αράχνη στον νεροχύτη της κουζίνας,,
1768,6.0,"I had to call someone to help me with cleaning the pool, my hands hurt after only 10 minutes of trying.","Έπρεπε να καλέσω κάποιον να με βοηθήσει στον καθαρισμό της πισίνας, τα χέρια μου πονούσαν μετά από μόλις 10 λεπτά προσπάθειας",,
1769,7.0,I went to a beautician yesterday.,Πήγα σε μια αισθητικό χθες,,
1771,14.0,I never feel like I'm too old for something.,,Ποτέ δεν αισθάνομαι ότι είμαι πολύ μεγάλος για κάτι,Ποτέ δεν αισθάνομαι ότι είμαι πολύ μεγάλη για κάτι
1774,12.0,I have always wanted to be a positive role model for my children.,Πάντα ήθελα να είμαι θετικό πρότυπο για τα παιδιά μου,,
1775,11.0,I carefully reviewed the terms and conditions of a contract before signing.,Εξέτασα προσεκτικά τους όρους και τις προϋποθέσεις μιας σύμβασης πριν υπογράψω,,
1776,7.0,I subscribed to yet another fashion magazine.,Έγινα συνδρομητής σε ένα ακόμη περιοδικό μόδας,,
1779,6.0,My head was spinning after I finished moving the boxes.,Το κεφάλι μου στριφογύριζε αφού τελείωσα τη μετακίνηση των κουτιών,,
1780,13.0,I like to talk to my staff to find out what I can improve.,Μου αρέσει να μιλάω με το προσωπικό μου για να μάθω τι μπορώ να βελτιώσω,,
1782,1.0,"I constantly needed attention from my partner, if I was ignored for a longer period of time, it would make me angry.","Χρειαζόμουν συνεχώς την προσοχή από τον σύντροφό μου, αν με αγνοούσαν για μεγαλύτερο χρονικό διάστημα, θα με εξόργιζε",,
1783,11.0,I would never make a decision based on my emotions.,Δεν θα έπαιρνα ποτέ μια απόφαση με βάση τα συναισθήματά μου,,
1784,8.0,I did drugs.,,Έκανα ναρκωτικά,έκανα ναρκωτικά
1785,15.0,I went to the disco with the sole purpose of finding a one night stand.,Πήγα στη ντίσκο με μοναδικό σκοπό να βρω ένα one night stand,,
1787,9.0,All my life I have been preparing for this moment.,Όλη μου τη ζωή προετοιμάζομαι για αυτή τη στιγμή,,
1788,16.0,My friend challenged me to a fight and I won.,Ο φίλος μου με προκάλεσε σε έναν αγώνα και κέρδισα,,
1790,12.0,I need to make money to take care of my partner.,Πρέπει να βγάλω χρήματα για να φροντίσω τον σύντροφό μου,,
1791,15.0,I like watching Sasha Grey.,Μου αρέσει να βλέπω τη Σάσα Γκρέυ,,
1793,7.0,I spent this weekend in the shopping center buying some clothes for myself.,Πέρασα αυτό το Σαββατοκύριακο στο εμπορικό κέντρο αγοράζοντας μερικά ρούχα για μένα,,
1795,7.0,I like nice clothes.,Μου αρέσουν τα ωραία ρούχα,,
1796,9.0,I am sure about my abilities.,,Είμαι σίγουρος για τις ικανότητές μου,Είμαι σίγουρη για τις ικανότητές μου
1797,8.0,I trekked during the storm even though they warned me not to.,"Περπάτησα κατά τη διάρκεια της καταιγίδας, παρόλο που με προειδοποίησαν να μην το κάνω",,
1798,5.0,I initiated conversations with strangers at a social gathering.,Ξεκίνησα συζητήσεις με αγνώστους σε μια κοινωνική συγκέντρωση,,
1800,3.0,I came to visit them at the hospital almost every day.,Ερχόμουν να τους επισκεφτώ στο νοσοκομείο σχεδόν κάθε μέρα,,
1801,14.0,I didn't care about what could have happened to me.,Δεν με ένοιαζε τι θα μπορούσε να μου είχε συμβεί,,
1802,5.0,"I wanted to stay in touch with everyone from my high school, but it was not possible.","Ήθελα να μείνω σε επαφή με όλους από το γυμνάσιο μου, αλλά δεν ήταν δυνατό",,
1803,1.0,I always feel bad after an argument.,Πάντα νιώθω άσχημα μετά από έναν καυγά,,
1805,11.0,Why should I join in on this chaotic attempt?,Γιατί να συμμετάσχω σε αυτή τη χαοτική απόπειρα,,
1806,6.0,I felt so exhausted.,,Ένιωσα τόσο εξαντλημένος,Ένιωσα τόσο εξαντλημένη
1808,9.0,I simply asked for that raise.,Απλώς ζήτησα αυτή την αύξηση,,
1811,2.0,I was compassionate.,Ήμουν συμπονετικός,,
1813,7.0,I was chosen as the face of a fashion campaign due to my good looks.,Επιλέχθηκα ως το πρόσωπο μιας καμπάνιας μόδας λόγω της καλής μου εμφάνισης,,
1814,16.0,I like weightlifting.,Μου αρέσει η άρση βαρών,,
1815,11.0,I made the most rational choice.,Έκανα την πιο λογική επιλογή,,
1816,16.0,I carried my son in my arms the whole hike because he couldn't walk.,Κρατάω τον γιο μου στην αγκαλιά μου όλη την πεζοπορία γιατί δεν μπορούσε να περπατήσει,,
1817,2.0,I always like to give back when someone helps me.,Πάντα μου αρέσει να ανταποδίδω όταν κάποιος με βοηθάει,,
1818,7.0,"I couldn't wish for a nicer figure, because mine is already perfect.","Δεν θα μπορούσα να ευχηθώ μια πιο ωραία σιλουέτα, γιατί η δική μου είναι ήδη τέλεια",,
1819,12.0,I didn't know that taking care of a family would be so difficult.,Δεν ήξερα ότι η φροντίδα μιας οικογένειας θα ήταν τόσο δύσκολη,,
1820,4.0,People tell me I'm restless because I constantly need to be doing something.,,Οι άνθρωποι μου λένε ότι είμαι ανήσυχος γιατί χρειάζεται συνεχώς να κάνω κάτι,Οι άνθρωποι μου λένε ότι είμαι ανήσυχη γιατί χρειάζεται συνεχώς να κάνω κάτι
1821,2.0,I like it when others make decisions for me.,Μου αρέσει όταν οι άλλοι παίρνουν αποφάσεις για μένα,,
1822,14.0,I was sacked because I kept coming late.,Με απέλυσαν γιατί αργούσα να ερχόμουν συνέχεια,,
1823,7.0,I had many opportunities to marry but I chose not to.,"Είχα πολλές ευκαιρίες να παντρευτώ, αλλά επέλεξα να μην το κάνω",,
1824,12.0,I planned our finances for the next year.,Σχεδίασα τα οικονομικά μας για τον επόμενο χρόνο,,
1825,12.0,I gave the inheritance to my children.,Έδωσα την κληρονομιά στα παιδιά μου,,
1826,8.0,I bought a dangerous dog breed.,αγόρασα μια επικίνδυνη ράτσα σκύλου,,
1827,7.0,Nobody appreciated how tanned I got during the summer.,Κανείς δεν εκτίμησε πόσο μαύρισα το καλοκαίρι,,
1828,5.0,I wish I could host more parties at my place.,Μακάρι να μπορούσα να διοργανώσω περισσότερα πάρτι στο σπίτι μου,,
1829,10.0,I was at a congress with colleagues last week.,Ήμουν σε ένα συνέδριο με συναδέλφους την περασμένη εβδομάδα,,
1830,12.0,I am the one who manages the family finances.,,Είμαι αυτός που διαχειρίζεται τα οικονομικά της οικογένειας,Είμαι αυτή που διαχειρίζεται τα οικονομικά της οικογένειας
1831,15.0,I am extremely discerning when it comes to choosing a sexual partner.,,Είμαι εξαιρετικά απαιτητικός όσον αφορά την επιλογή ενός σεξουαλικού συντρόφου,Είμαι εξαιρετικά απαιτητική όσον αφορά την επιλογή ενός σεξουαλικού συντρόφου
1832,15.0,I was happy that I was in demand.,,Ήμουν χαρούμενος που ήμουν περιζήτητος,Ήμουν χαρούμενη που ήμουν περιζήτητος
1833,14.0,I didn't clean my bathroom for a month because I did not feel like doing it.,Δεν καθάρισα το μπάνιο μου για ένα μήνα γιατί δεν είχα όρεξη να το κάνω,,
1834,5.0,I was looking forward to my new job because I knew that I'd make a lot of new friends there.,Ανυπομονούσα για τη νέα μου δουλειά γιατί ήξερα ότι θα έκανα πολλούς νέους φίλους εκεί,,
1837,9.0,I have never doubted my own competence.,Ποτέ δεν αμφισβήτησα τη δική μου ικανότητα,,
1838,1.0,I'm not as stupid as they think I am.,,Δεν είμαι τόσο ανόητος όσο νομίζουν ότι είμαι,Δεν είμαι τόσο ανόητη όσο νομίζουν ότι είμαι
1840,9.0,I'm too experienced to waste my time here.,,Είμαι πολύ έμπειρος για να χάσω τον χρόνο μου εδώ,Είμαι πολύ έμπειρη για να χάσω τον χρόνο μου εδώ
1841,12.0,I took them to a water park.,Τους πήγα σε ένα υδάτινο πάρκο,,
1842,2.0,I sacrificed my own authenticity to avoid displeasing others.,Θυσίασα τη δική μου αυθεντικότητα για να αποφύγω να δυσαρεστήσω τους άλλους,,
1843,6.0,I joined a self-defence course.,Έχω συμμετάσχει σε ένα μάθημα αυτοάμυνας,,
1844,8.0,I could easily join the army.,Θα μπορούσα εύκολα να πάω στο στρατό,,
1845,4.0,My to do list was neverending but I kept going.,"Η λίστα μου με τις υποχρεώσεις μου ήταν ατελείωτη, αλλά συνέχισα",,
1846,12.0,I didn't want my partner to work.,Δεν ήθελα ο σύντροφός μου να δουλέψει,,
1847,12.0,I negotiated with service providers such as internet or cable companies to secure the most cost-effective plans.,"Διαπραγματεύτηκα με παρόχους υπηρεσιών, όπως εταιρείες διαδικτύου ή καλωδιακής τηλεόρασης, για να εξασφαλίσω τα πιο οικονομικά οικονομικά σχέδια",,
1848,4.0,I had to shave my legs before the race.,Έπρεπε να ξυρίσω τα πόδια μου πριν τον αγώνα,,
1849,12.0,I'm exhausted from explaining to you that you can't buy a new phone because I didn't earn much this month.,,Είμαι εξαντλημένος από το να σου εξηγήσω ότι δεν μπορείς να αγοράσεις νέο τηλέφωνο επειδή δεν κέρδισα πολλά αυτόν τον μήνα,Είμαι εξαντλημένη από το να σου εξηγήσω ότι δεν μπορείς να αγοράσεις νέο τηλέφωνο επειδή δεν κέρδισα πολλά αυτόν τον μήνα
1850,16.0,I helped the neighbour with carrying her shopping bags.,Βοήθησα τη γειτόνισσα να κουβαλήσει τις τσάντες με τα ψώνια της,,
1851,2.0,"I shouldn't argue, because it's better to keep the household calm.","Δεν πρέπει να μαλώνω, γιατί είναι καλύτερα να διατηρείς το σπίτι ήρεμο",,
1852,8.0,I wouldn't be satisfied with myself if I didn't finish the race.,,Δεν θα ήμουν ικανοποιημένος με τον εαυτό μου αν δεν τελείωσα τον αγώνα,Δεν θα ήμουν ικανοποιημένη με τον εαυτό μου αν δεν τελείωσα τον αγώνα
1853,1.0,"They think I'm shy, but I just don't want to embarrass myself.",,"Νομίζουν ότι είμαι ντροπαλός, αλλά δεν θέλω να ντρέπομαι","Νομίζουν ότι είμαι ντροπαλή, αλλά δεν θέλω να ντρέπομαι"
1854,11.0,"They say I'm insensitive, but I call it sensible.","Λένε ότι είμαι αναίσθητος, αλλά το αποκαλώ λογικό",,
1855,16.0,I had tough military training.,Είχα σκληρή στρατιωτική εκπαίδευση,,
1856,10.0,I always had authority and others naturally saw me as a leader.,Πάντα είχα εξουσία και οι άλλοι φυσικά με έβλεπαν ως ηγέτη,,
1857,13.0,We won the competition thanks to the idea I had a month ago.,Κερδίσαμε τον διαγωνισμό χάρη στην ιδέα που είχα πριν από ένα μήνα,,
1858,14.0,I like to have fun.,Μου αρέσει να διασκεδάζω,,
1859,16.0,I did not have money so I dug the hole for the pool on my own.,,"Δεν είχα χρήματα, οπότε άνοιξα μόνος μου την τρύπα για την πισίνα","Δεν είχα χρήματα, οπότε άνοιξα μόνη μου την τρύπα για την πισίνα"
1860,6.0,I wish I had passed the physical test!,Μακάρι να είχα περάσει το σωματικό τεστ,,
1861,1.0,I hated logic because it often wasn't romantic.,Μισούσα τη λογική γιατί συχνά δεν ήταν ρομαντική,,
1864,1.0,I almost started crying.,Σχεδόν άρχισα να κλαίω,,
1865,2.0,I wanted him to feel welcome.,Ήθελα να νιώσει ευπρόσδεκτος,,
1866,3.0,"When I was their age, I behaved like a child too.","Όταν ήμουν στην ηλικία τους, συμπεριφερόμουν κι εγώ σαν παιδί",,
1867,11.0,I have never believed in superstitions.,Ποτέ δεν πίστεψα σε δεισιδαιμονίες,,
1868,15.0,I could not stop thinking about the sex we had last night.,Δεν μπορούσα να σταματήσω να σκέφτομαι το σεξ που κάναμε χθες το βράδυ,,
1870,2.0,I have always wanted to behave as they expected me to.,Πάντα ήθελα να συμπεριφέρομαι όπως περίμεναν από εμένα,,
1871,14.0,I can't imagine having a family and having to take care of them someday.,Δεν μπορώ να φανταστώ ότι έχω οικογένεια και πρέπει να τη φροντίσω κάποια μέρα,,
1873,2.0,I never liked speaking out loud.,Ποτέ δεν μου άρεσε να μιλάω δυνατά,,
1874,11.0,I thought therapy was for weak people.,Νόμιζα ότι η θεραπεία ήταν για αδύναμους ανθρώπους,,
1875,7.0,"When I'm sad, I go shopping.","Όταν είμαι λυπημένος, πηγαίνω για ψώνια",,
1876,1.0,"When I'm with him, I'm angry.","Όταν είμαι μαζί του, είμαι θυμωμένος",,
1877,4.0,I swept and mopped the floors of my home.,Σκούπισα και σφουγγάρισα τα πατώματα του σπιτιού μου,,
1879,12.0,I always took taking care of my family's finances seriously.,Πάντα φρόντιζα σοβαρά τα οικονομικά της οικογένειάς μου,,
1881,8.0,They were rude so I had to punch them.,"Ήταν αγενείς, οπότε έπρεπε να τους γρονθοκοπήσω",,
1882,1.0,"I didn't know what to do, so I relied on my gut.","Δεν ήξερα τι να κάνω, οπότε βασίστηκα στο έντερο μου",,
1883,8.0,I got a fine for speeding on the highway.,Πήρα πρόστιμο για υπερβολική ταχύτητα στον αυτοκινητόδρομο,,
1885,12.0,I expected the salary increase.,Περίμενα την αύξηση του μισθού,,
1886,8.0,I am courageous.,Είμαι θαρραλέος,,
1887,10.0,I knew how to deal with this type of client.,Ήξερα πώς να αντιμετωπίσω αυτόν τον τύπο πελάτη,,
1888,1.0,This problem turned out to be too difficult and I got furious.,Αυτό το πρόβλημα αποδείχθηκε πολύ δύσκολο και εξαγριώθηκα,,
1889,6.0,I don't think I have a strong enough character to be a company director.,Δεν νομίζω ότι έχω αρκετά δυνατό χαρακτήρα για να γίνω διευθυντής εταιρείας,,
1892,15.0,I like to try new things with my partner.,Μου αρέσει να δοκιμάζω νέα πράγματα με τον σύντροφό μου,,
1893,12.0,I saved up a lot of money for my children's education.,Έχω εξοικονομήσει πολλά χρήματα για την εκπαίδευση των παιδιών μου,,
1894,16.0,I'm always ready to help you with anything around your car.,,Είμαι πάντα έτοιμος να σε βοηθήσω με οτιδήποτε γύρω από το αυτοκίνητό σου,Είμαι πάντα έτοιμη να σε βοηθήσω με οτιδήποτε γύρω από το αυτοκίνητό σου
1897,11.0,I didn't make any hasty mistakes.,Δεν έκανα βιαστικά λάθη,,
1898,1.0,"I don't like watching videos of abandoned puppies, it makes me cry.","Δεν μου αρέσει να βλέπω βίντεο με εγκαταλελειμμένα κουτάβια, με κάνει να κλαίω",,
1899,16.0,I am a miner.,Είμαι ανθρακωρύχος,,
1901,12.0,I didn't want to stay at home with kids because I would lose a really good job.,Δεν ήθελα να μείνω στο σπίτι με παιδιά γιατί θα έχανα μια πολύ καλή δουλειά,,
1903,10.0,I implemented some changes in our offices that will benefit all my employees.,Εφάρμοσα κάποιες αλλαγές στα γραφεία μας που θα ωφελήσουν όλους τους υπαλλήλους μου,,
1904,5.0,I invited my friends to my place to have a dinner.,Κάλεσα τους φίλους μου στο σπίτι μου για να φάμε ένα δείπνο,,
1905,1.0,"I felt so many emotions, I could not breathe.","Ένιωσα τόσα πολλά συναισθήματα, δεν μπορούσα να αναπνεύσω",,
1906,13.0,I was the lead author of the research paper.,Ήμουν ο κύριος συγγραφέας της ερευνητικής εργασίας,,
1907,10.0,I worked in a laboratory.,,δούλεψα σε ένα εργαστήριο,δούλευα σε ένα εργαστήριο
1908,8.0,I fired everyone who made me angry.,Απέλυσα όλους όσους με εξόργισαν,,
1910,5.0,"When someone calls me to go out, I'm always happy to say yes.","Όταν κάποιος με καλεί να βγω έξω, είμαι πάντα χαρούμενος που λέω ναι",,
1911,11.0,I like to analyse problems from various perspectives.,Μου αρέσει να αναλύω τα προβλήματα από διάφορες οπτικές γωνίες,,
1913,6.0,"I tried to lift the piano, but I couldn't.","Προσπάθησα να σηκώσω το πιάνο, αλλά δεν τα κατάφερα",,
1916,1.0,My friend told me that I overreacted.,Ο φίλος μου μου είπε ότι αντέδρασα υπερβολικά,,
1917,1.0,I am sure there is a higher power controlling my life.,,Είμαι σίγουρος ότι υπάρχει μια ανώτερη δύναμη που ελέγχει τη ζωή μου,Είμαι σίγουρη ότι υπάρχει μια ανώτερη δύναμη που ελέγχει τη ζωή μου
1918,11.0,"I don't like gossiping, it's a waste of time.","Δεν μου αρέσει να κουτσομπολεύω, είναι χάσιμο χρόνου",,
1919,3.0,"Although I don't like this dish, I made it for my family.","Αν και δεν μου αρέσει αυτό το πιάτο, το έφτιαξα για την οικογένειά μου",,
1921,10.0,I managed my team with ease and got the job done.,Διαχείρισα την ομάδα μου με ευκολία και τελείωσα τη δουλειά,,
1922,1.0,"There is so much going on inside my mind, I can barely focus.","Συμβαίνουν τόσα πολλά μέσα στο μυαλό μου, που μετά βίας μπορώ να συγκεντρωθώ",,
1923,13.0,I'm good at navigating.,,Είμαι καλός στην πλοήγηση,Είμαι καλή στην πλοήγηση
1924,3.0,"People around me know that if they need something, I'm happy to help.","Οι άνθρωποι γύρω μου ξέρουν ότι αν χρειάζονται κάτι, ευχαρίστως θα βοηθήσω",,
1925,4.0,I turned on the washing machine.,Άνοιξα το πλυντήριο,,
1926,13.0,I stood up in front of them and told them we could do it.,Στάθηκα μπροστά τους και τους είπα ότι μπορούμε να το κάνουμε,,
1927,4.0,I observed them to see whether they were satisfied with the meal I made.,Τους παρατήρησα για να δω αν ήταν ικανοποιημένοι με το γεύμα που έφτιαξα,,
1928,3.0,If only I could call and check how they are doing.,Μακάρι να μπορούσα να τηλεφωνήσω και να ελέγξω πώς πάνε,,
1929,4.0,I could not resist cleaning those dirty windows.,Δεν μπορούσα να αντισταθώ στο να καθαρίσω αυτά τα βρώμικα παράθυρα,,
1930,3.0,I checked if the children did their homework.,Έλεγξα αν τα παιδιά έκαναν τα μαθήματά τους,,
1933,12.0,I told them to let me buy them the things they needed.,Τους είπα να με αφήσουν να τους αγοράσω τα πράγματα που χρειάζονταν,,
1934,4.0,I made sure the dough was the perfect temperature.,Φροντίστηκα ότι η ζύμη είχε την τέλεια θερμοκρασία,,
1935,15.0,I like curved bodies.,Μου αρέσουν τα κυρτά σώματα,,
1937,2.0,I avoided conflicts at all costs.,Απέφυγα πάση θυσία τις συγκρούσεις,,
1938,11.0,"I organized my to-do list based on priority, tackling the most important tasks first.","Οργάνωσα τη λίστα με τις υποχρεώσεις μου με βάση την προτεραιότητα, αντιμετωπίζοντας πρώτα τις πιο σημαντικές εργασίες",,
1939,5.0,I wanted to go to the cinema instead of watching the movie at home.,Ήθελα να πάω σινεμά αντί να δω την ταινία στο σπίτι,,
1941,2.0,I am very good at pretending that I am fine.,,Είμαι πολύ καλός στο να προσποιούμαι ότι είμαι καλά,Είμαι πολύ καλή στο να προσποιούμαι ότι είμαι καλά
1942,9.0,I didn't even consider the possibility that I would fail.,Δεν σκέφτηκα καν την πιθανότητα να αποτύχω,,
1943,4.0,I should wash the car.,Πρέπει να πλύνω το αυτοκίνητο,,
1944,14.0,I threw myself a birthday party to get lots of presents.,Έκανα στον εαυτό μου ένα πάρτι γενεθλίων για να πάρω πολλά δώρα,,
1945,8.0,"Even if I was afraid of something, I would never admit it.","Ακόμα κι αν φοβόμουν κάτι, δεν θα το παραδεχόμουν ποτέ",,
1946,2.0,People think of me as a wimp just because I'm good to others.,Οι άνθρωποι με θεωρούν σαν μάγκα μόνο και μόνο επειδή είμαι καλός με τους άλλους,,
1947,11.0,I never lost my temper.,Ποτέ δεν έχασα την ψυχραιμία μου,,
1948,11.0,"In order not to burn out, I try to create a work-life balance.","Για να μην καώ, προσπαθώ να δημιουργήσω μια ισορροπία μεταξύ επαγγελματικής και προσωπικής ζωής",,
1949,2.0,I tried to be kind at all costs not to displease anyone.,Προσπάθησα να είμαι ευγενικός με κάθε κόστος για να μην δυσαρεστήσω κανέναν,,
1950,3.0,I went volunteering in Africa.,Πήγα εθελοντής στην Αφρική,,
1951,14.0,I like to play computer games.,Μου αρέσει να παίζω παιχνίδια στον υπολογιστή,,
1952,1.0,"I completely lost my cool over a trivial matter and acted irrationally, letting my emotions take over.","Έχασα εντελώς την ψυχραιμία μου για ένα ασήμαντο θέμα και ενήργησα παράλογα, αφήνοντας τα συναισθήματά μου να κυριαρχήσουν",,
1953,11.0,I knew how to fix a broken car.,Ήξερα πώς να φτιάξω ένα σπασμένο αυτοκίνητο,,
1955,16.0,I was skating before I could even walk.,Έκανα πατινάζ πριν καν προλάβω να περπατήσω,,
1956,8.0,I wouldn't let anyone dictate what I should do.,Δεν θα άφηνα κανέναν να μου υπαγορεύσει τι πρέπει να κάνω,,
1957,7.0,I couldn't wear shorts even if it was hot outside because I don't want to provoke anybody.,Δεν μπορούσα να φορέσω σορτς ακόμα κι αν έκανε ζέστη έξω γιατί δεν θέλω να προκαλέσω κανέναν,,
1958,3.0,I like helping people.,Μου αρέσει να βοηθάω τους ανθρώπους,,
1960,2.0,I have decided that I will praise at least one person every day.,Αποφάσισα ότι θα επαινώ τουλάχιστον ένα άτομο κάθε μέρα,,
1961,13.0,I like giving orders.,Μου αρέσει να δίνω εντολές,,
1962,7.0,I hated my body.,Μισούσα το σώμα μου,,
1964,1.0,"I shouldn't have taken that personally, but I was really offended.","Δεν έπρεπε να το πάρω προσωπικά, αλλά πραγματικά προσβλήθηκα",,
1965,1.0,"I had already made up my mind, so your argument will not work.",,"Είχα ήδη αποφασίσει, οπότε το επιχείρημά σας δεν θα λειτουργήσει","Είχα ήδη αποφασίσει, οπότε το επιχείρημά σου δεν θα λειτουργήσει"
1966,2.0,I wouldn't hurt a fly.,Δεν θα έκανα κακό σε μια μύγα,,
1967,12.0,"While I realise that both partners can be the breadwinners in a family, I am glad that in ours, that role is mine.","Ενώ συνειδητοποιώ ότι και οι δύο σύντροφοι μπορούν να είναι οι τροφοδότες σε μια οικογένεια, χαίρομαι που στη δική μας, αυτός ο ρόλος είναι δικός μου",,
1968,5.0,"When I heard about the event, I decided to go.","Όταν άκουσα για το γεγονός, αποφάσισα να πάω",,
1969,8.0,They do not dare to question the decisions that I have made.,Δεν τολμούν να αμφισβητήσουν τις αποφάσεις που έχω πάρει,,
1970,16.0,I can take this - I have always managed.,Μπορώ να το αντέξω - πάντα τα κατάφερνα,,
1972,3.0,I think I was born to help others.,Νομίζω ότι γεννήθηκα για να βοηθήσω τους άλλους,,
1973,3.0,Their suffering touched me - I wanted to comfort them.,Ο πόνος τους με άγγιξε - ήθελα να τους παρηγορήσω,,
1974,16.0,I built the house alone.,,έχτισα το σπίτι μόνος μου,έχτισα το σπίτι μόνη μου
1975,6.0,I was not able to complete the exercise because I am too exhausted.,,Δεν μπόρεσα να ολοκληρώσω την άσκηση γιατί είμαι πολύ εξαντλημένος,Δεν μπόρεσα να ολοκληρώσω την άσκηση γιατί είμαι πολύ εξαντλημένη
1977,11.0,I realised that children are individual creatures that I cannot shape based on my ideas and desires.,Συνειδητοποίησα ότι τα παιδιά είναι ατομικά πλάσματα που δεν μπορώ να διαμορφώσω με βάση τις ιδέες και τις επιθυμίες μου,,
1978,8.0,I started screaming because I got angry.,Άρχισα να ουρλιάζω γιατί θύμωσα,,
1979,10.0,"To avoid losing anything, I prefer to back up all my data.","Για να μην χάσω οτιδήποτε, προτιμώ να δημιουργήσω αντίγραφα ασφαλείας όλων των δεδομένων μου",,
1980,1.0,I got very upset.,Σταράχτηκα πολύ,,
1981,16.0,I will gladly take your bag.,Θα πάρω ευχαρίστως την τσάντα σου,,
1982,5.0,I liked having company better.,Μου άρεσε περισσότερο να έχω παρέα,,
1984,15.0,I caught myself daydreaming about having sex.,Έπιασα τον εαυτό μου να ονειρεύεται ότι έκανα σεξ,,
1985,16.0,I reached a new personal record.,Έφτασα σε νέο προσωπικό ρεκόρ,,
1987,10.0,I would never let privacy interfere with my work life.,Δεν θα άφηνα ποτέ το απόρρητο να παρεμβαίνει στην επαγγελματική μου ζωή,,
1988,11.0,I calmly addressed a conflict with a colleague.,Αντιμετώπισα ήρεμα μια σύγκρουση με έναν συνάδελφο,,
1989,13.0,I coached the youth football team.,Εγώ προπονούσα την ομάδα ποδοσφαίρου νέων,,
1990,16.0,I helped you change the tyres on your car because I'm stronger.,,Σε βοήθησα να αλλάξεις τα ελαστικά του αυτοκινήτου σου γιατί είμαι πιο δυνατός,Σε βοήθησα να αλλάξεις τα ελαστικά του αυτοκινήτου σου γιατί είμαι πιο δυνατή
1991,3.0,I have always enjoyed teaching others.,Πάντα μου άρεσε να διδάσκω τους άλλους,,
1993,5.0,When I'm out with my friend we gossip way too much.,Όταν είμαι έξω με τον φίλο μου κουτσομπολεύουμε πάρα πολύ,,
1994,14.0,I had difficulty taking responsibility for my actions.,Δυσκολεύτηκα να αναλάβω την ευθύνη για τις πράξεις μου,,
1995,5.0,"As a human resources manager, I effectively recruited top talent, facilitated employee training and development programs.","Ως διευθυντής ανθρώπινου δυναμικού, στρατολόγησα αποτελεσματικά κορυφαία ταλέντα, διευκόλυνα προγράμματα εκπαίδευσης και ανάπτυξης εργαζομένων",,
1996,11.0,I never made my decision based on emotions.,Ποτέ δεν πήρα την απόφασή μου με βάση τα συναισθήματα,,
1997,12.0,"Being the provider means being responsible for putting food on the table, so I provided.","Το να είσαι ο πάροχος σημαίνει να είσαι υπεύθυνος για το να βάζεις φαγητό στο τραπέζι, γι' αυτό το πρόσφερα",,
2001,10.0,I'm successful.,Είμαι επιτυχημένος,,
2002,13.0,I learned a foreign language to have better foreign contacts.,Έμαθα μια ξένη γλώσσα για να έχω καλύτερες ξένες επαφές,,
2005,1.0,I still think about how I was told I was ugly in elementary school.,Ακόμα σκέφτομαι πώς μου είπαν ότι ήμουν άσχημη στο δημοτικό σχολείο,,
2006,12.0,I was sick but I still worked from home so we don't lose any money.,,"Ήμουν άρρωστος, αλλά εξακολουθούσα να δούλευα από το σπίτι για να μην χάσουμε χρήματα","Ήμουν άρρωστη, αλλά εξακολουθούσα να δούλευα από το σπίτι για να μην χάσουμε χρήματα"
2007,14.0,"If it were up to me, I'd have pizza for lunch every day.","Αν ήταν στο χέρι μου, θα είχα πίτσα για μεσημεριανό κάθε μέρα",,
2008,3.0,"It broke my heart to see them like that, so I offered help.","Μου ράγισε η καρδιά που τους έβλεπα έτσι, γι' αυτό πρόσφερα βοήθεια",,
2009,8.0,"With a steady hand and unwavering focus, I approached the edge of the cliff.","Με σταθερό χέρι και ακλόνητη εστίαση, πλησίασα την άκρη του γκρεμού",,
2010,2.0,I didn't want to tell them what was wrong because I didn't want to cause any trouble.,Δεν ήθελα να τους πω τι ήταν λάθος γιατί δεν ήθελα να προκαλέσω κανένα πρόβλημα,,
2011,13.0,I encouraged teamwork and collaboration during group projects.,Ενθάρρυνα την ομαδική εργασία και τη συνεργασία κατά τη διάρκεια ομαδικών έργων,,
2012,10.0,I maintained a professional tone.,Διατήρησα έναν επαγγελματικό τόνο,,
2013,9.0,"When danger came, I took the lead.","Όταν ήρθε ο κίνδυνος, πήρα το προβάδισμα",,
2015,16.0,I won the marathon last year.,Κέρδισα τον μαραθώνιο πέρυσι,,
2016,3.0,I helped out at an animal shelter.,Βοήθησα σε ένα καταφύγιο ζώων,,
2018,14.0,"I'm always happy, I think worrying is just a waste of time.",,"Είμαι πάντα χαρούμενος, νομίζω ότι το να ανησυχείς είναι απλώς χάσιμο χρόνου","Είμαι πάντα χαρούμενη, νομίζω ότι το να ανησυχείς είναι απλώς χάσιμο χρόνου"
2019,14.0,I was never worried about the future.,Ποτέ δεν ανησυχούσα για το μέλλον,,
2020,15.0,I created a dating account.,Έφτιαξα έναν λογαριασμό γνωριμιών,,
2022,7.0,"My good looks opened doors in the entertainment industry, I was very confident.","Η ωραία μου εμφάνιση άνοιξε πόρτες στη βιομηχανία του θεάματος, είχα μεγάλη αυτοπεποίθηση",,
2024,10.0,I organised an international conference.,Οργάνωσα ένα διεθνές συνέδριο,,
2025,12.0,I should work harder so my children have an easier life.,Θα έπρεπε να δουλέψω πιο σκληρά για να έχουν τα παιδιά μου πιο εύκολη ζωή,,
2026,16.0,"I jogged confidently, feeling the endurance of my physical strength.","Έκανα τρέξιμο με αυτοπεποίθηση, νιώθοντας την αντοχή της σωματικής μου δύναμης",,
2027,13.0,I like to inspire my subordinates on a daily basis.,Μου αρέσει να εμπνέω τους υφισταμένους μου σε καθημερινή βάση,,
2028,15.0,I like to go to nude beaches.,Μου αρέσει να πηγαίνω σε παραλίες γυμνών,,
2029,1.0,"I gave up the calculus class, it was just too hard for me.","Παράτησα το μάθημα του λογισμού, ήταν πολύ δύσκολο για μένα",,
2030,3.0,I like to take care of my friends children when they are busy.,,Μου αρέσει να φροντίζω τα παιδιά των φίλων μου όταν είναι απασχολημένοι,Μου αρέσει να φροντίζω τα παιδιά των φίλων μου όταν είναι απασχολημένα
2033,9.0,I have created the life I have always wanted.,Έχω δημιουργήσει τη ζωή που πάντα ήθελα,,
2034,5.0,"I wanted to go to that party, but nobody wanted to come with me.","Ήθελα να πάω σε εκείνο το πάρτι, αλλά κανείς δεν ήθελε να έρθει μαζί μου",,
2035,2.0,I love creating the warmth of home.,Μου αρέσει να δημιουργώ τη ζεστασιά του σπιτιού,,
2036,5.0,I told him my emotions are deep and meaningful.,Του είπα ότι τα συναισθήματά μου είναι βαθιά και ουσιαστικά,,
2040,12.0,I made their dreams come true.,Έκανα τα όνειρά τους πραγματικότητα,,
2042,16.0,I worked in construction and it helped me gain physical strength.,Δούλεψα στην οικοδομή και με βοήθησε να αποκτήσω σωματική δύναμη,,
2043,13.0,I believe that togetherness is the most important thing at work.,Πιστεύω ότι η συντροφικότητα είναι το πιο σημαντικό πράγμα στη δουλειά,,
2046,3.0,What I wanted was not important because priority number one was to clean the house and keep the children happy.,Αυτό που ήθελα δεν ήταν σημαντικό γιατί η πρώτη προτεραιότητα ήταν να καθαρίσω το σπίτι και να κρατήσω τα παιδιά χαρούμενα,,
2048,4.0,To this day I clean the house every Saturday.,Μέχρι σήμερα καθαρίζω το σπίτι κάθε Σάββατο,,
2050,13.0,I promised them everything would be okay.,Τους υποσχέθηκα ότι όλα θα πάνε καλά,,
2051,14.0,I didn't want to grow up and stop being funny.,,Δεν ήθελα να μεγαλώσω και να σταματήσω να είμαι αστείος,Δεν ήθελα να μεγαλώσω και να σταματήσω να είμαι αστεία
2052,3.0,I didn't like when I had to leave home knowing that there wasn't any food prepared.,Δεν μου άρεσε όταν έπρεπε να φύγω από το σπίτι γνωρίζοντας ότι δεν υπήρχε φαγητό έτοιμο,,
2053,4.0,I took out the trash.,Έβγαλα τα σκουπίδια,,
2054,1.0,"Yes, I knew our future wouldn't be bright, but I fell in love.","Ναι, ήξερα ότι το μέλλον μας δεν θα ήταν λαμπρό, αλλά ερωτεύτηκα",,
2055,13.0,"In my life, I have followed the motto that it is important to work more efficiently, not harder.","Στη ζωή μου, ακολούθησα το σύνθημα ότι είναι σημαντικό να εργάζομαι πιο αποτελεσματικά, όχι πιο σκληρά",,
2056,9.0,I have always trusted my skills.,Πάντα εμπιστευόμουν τις ικανότητές μου,,
2057,10.0,"When I enter the door to my work, I immediately become competitive.",,"Όταν μπαίνω στην πόρτα της δουλειάς μου, γίνομαι αμέσως ανταγωνιστικός","Όταν μπαίνω στην πόρτα της δουλειάς μου, γίνομαι αμέσως ανταγωνιστική"
2059,4.0,I would never go to bed in the clothes that I wear during the day.,Δεν θα πήγαινα ποτέ για ύπνο με τα ρούχα που φοράω κατά τη διάρκεια της ημέρας,,
2060,3.0,I prepared a little surprise for all the guests.,Ετοίμασα μια μικρή έκπληξη για όλους τους καλεσμένους,,
2061,8.0,I couldn't live without sports.,Δεν θα μπορούσα να ζήσω χωρίς αθλήματα,,
2062,11.0,I refused to talk to people who believe in conspiracies.,,αρνήθηκα να μιλήσω με ανθρώπους που πιστεύουν σε συνωμοσίες,Αρνήθηκα να μιλήσω με ανθρώπους που πιστεύουν σε συνωμοσίες
2063,15.0,I always enjoyed reading the erotica sections in the magazine.,Πάντα μου άρεσε να διαβάζω τις ερωτικές ενότητες στο περιοδικό,,
2064,16.0,I realised that my physical strength is a reflection of my mental toughness and resilience.,Συνειδητοποίησα ότι η σωματική μου δύναμη είναι αντανάκλαση της ψυχικής μου σκληρότητας και ανθεκτικότητας,,
2066,13.0,I like it when people work in teams because they are so much more effective.,Μου αρέσει όταν οι άνθρωποι εργάζονται σε ομάδες γιατί είναι πολύ πιο αποτελεσματικοί,,
2067,8.0,I liked doing difficult jobs.,Μου άρεσε να κάνω δύσκολες δουλειές,,
2068,11.0,I'm rational.,,Είμαι λογικός,Είμαι λογική
2069,8.0,I hated cowards.,Μισούσα τους δειλούς,,
2070,12.0,I got my partner a new car.,Πήρα στον σύντροφό μου ένα νέο αυτοκίνητο,,
2071,2.0,I was very submissive.,,Ήμουν πολύ υποχωρητικός,Ήμουν πολύ υποχωρητική
2072,6.0,"I dug up the tree, but it took me three months.","Έσκαψα το δέντρο, αλλά μου πήρε τρεις μήνες",,
2074,15.0,I hoped the people at the party would be more open-minded about sex.,Ήλπιζα ότι οι άνθρωποι στο πάρτι θα ήταν πιο ανοιχτόμυαλοι για το σεξ,,
2075,7.0,I always looked good in sunglasses.,,Πάντα φαινόμουνα καλός με γυαλιά ηλίου,Πάντα φαινόμουνα καλή με γυαλιά ηλίου
2077,8.0,"I parked where I shouldn't have, but I didn't care.","Πάρκαρα εκεί που δεν έπρεπε, αλλά δεν με ένοιαζε",,
2078,3.0,I should be preparing the lunch.,Θα έπρεπε να ετοιμάσω το μεσημεριανό γεύμα,,
2079,5.0,"I organized a picnic in the park, inviting friends and family to enjoy good food, outdoor activities, and quality time together.","Οργάνωσα ένα πικνίκ στο πάρκο, προσκαλώντας φίλους και οικογένεια να απολαύσουν καλό φαγητό, υπαίθριες δραστηριότητες και ποιοτικό χρόνο μαζί",,
2080,7.0,I needed two hours to get ready for the day.,Χρειαζόμουν δύο ώρες για να ετοιμαστώ για την ημέρα,,
2081,6.0,I had to ask for help with moving the table.,Έπρεπε να ζητήσω βοήθεια για να μετακινήσω το τραπέζι,,
2082,2.0,I did not stand up for myself because I did not want to inconvenience other people.,Δεν υπερασπιζόμουν τον εαυτό μου γιατί δεν ήθελα να ενοχλήσω άλλους ανθρώπους,,
2083,5.0,I attended a music concert immersing myself in the energy of the crowd.,,Παρακολούθησα μια μουσική συναυλία βυθιζόμενος στην ενέργεια του πλήθους,Παρακολούθησα μια μουσική συναυλία βυθιζόμενη στην ενέργεια του πλήθους
2085,15.0,I noticed the tight clothing on them.,Παρατήρησα τα στενά ρούχα πάνω τους,,
2086,6.0,I don't like to argue with others because I can't hold back my tears.,Δεν μου αρέσει να μαλώνω με άλλους γιατί δεν μπορώ να συγκρατήσω τα δάκρυά μου,,
2087,1.0,I always feel that I shouldn't be talking too much because I don't know anything.,Πάντα νιώθω ότι δεν πρέπει να μιλάω πολύ γιατί δεν ξέρω τίποτα,,
2088,8.0,I feel extremely alive in dangerous situations.,,Νιώθω εξαιρετικά ζωντανός σε επικίνδυνες καταστάσεις,Νιώθω εξαιρετικά ζωντανή σε επικίνδυνες καταστάσεις
2089,11.0,I first verified all the facts.,Πρώτα επαλήθευσα όλα τα γεγονότα,,
2090,16.0,I was never afraid of you.,Δεν σε φοβήθηκα ποτέ,,
2092,1.0,I made a lot of unplanned purchases without considering the long-term financial impact.,Έκανα πολλές απρογραμμάτιστες αγορές χωρίς να λάβω υπόψη τις μακροπρόθεσμες οικονομικές επιπτώσεις,,
2093,2.0,Why did I even agree to this?,Γιατί συμφώνησα σε αυτό,,
2094,16.0,"I never had a problem in fights, I always won.","Ποτέ δεν είχα πρόβλημα στους αγώνες, πάντα κέρδιζα",,
2095,10.0,I like to have respect from people I work with.,Μου αρέσει να έχω σεβασμό από τους ανθρώπους με τους οποίους συνεργάζομαι,,
2096,11.0,I like to take my time to make an informed choice.,,Μου αρέσει να αφιερώνω τον χρόνο μου για να κάνω μια τεκμηριωμένη επιλογή,Μου αρέσει να αφιερώνω το χρόνο μου για να κάνω μια τεκμηριωμένη επιλογή
2097,10.0,I'm a team player.,Είμαι ομαδικός παίκτης,,
2098,6.0,I could never withstand this much pressure.,Δεν θα μπορούσα ποτέ να αντέχω τόση πίεση,,
2099,10.0,I have not read a single negative review of my work.,Δεν έχω διαβάσει ούτε μια αρνητική κριτική για τη δουλειά μου,,
2100,11.0,I calmly resolved a disagreement with a friend.,Έλυσα ήρεμα μια διαφωνία με έναν φίλο,,
2101,15.0,I couldn't stop touching myself.,Δεν μπορούσα να σταματήσω να αγγίζω τον εαυτό μου,,
2102,8.0,I could always endure a little pain.,Πάντα μπορούσα να αντέξω λίγο πόνο,,
2104,10.0,I met a lot of brilliant people at the conference.,Συνάντησα πολλούς λαμπρούς ανθρώπους στο συνέδριο,,
2105,2.0,I feared disappointing anyone so I remained silent.,"Φοβόμουν να απογοητεύσω κανέναν, γι' αυτό έμεινα σιωπηλός",,
2106,5.0,I chose to go with them instead of staying at home.,Επέλεξα να πάω μαζί τους αντί να μείνω στο σπίτι,,
2107,11.0,"Instead of crying over spilt milk, I came up with a solution.","Αντί να κλάψω για το χυμένο γάλα, βρήκα μια λύση",,
2108,4.0,I regularly scrubbed and disinfected the bathroom.,Έπλενα τακτικά και απολύμανα το μπάνιο,,
2110,10.0,I recommended they not dive because it was dangerous without proper equipment.,Συστήνω να μην βουτήξουν γιατί ήταν επικίνδυνο χωρίς τον κατάλληλο εξοπλισμό,,
2113,16.0,I quite enjoyed physical work.,Μου άρεσε πολύ η σωματική εργασία,,
2114,5.0,I could not wait until the high school reunion.,Δεν μπορούσα να περιμένω μέχρι την επανένωση του γυμνασίου,,
2115,14.0,I could not control my impulses and just did what I felt like doing at the time.,Δεν μπορούσα να ελέγξω τις παρορμήσεις μου και απλώς έκανα αυτό που ένιωθα να κάνω εκείνη τη στιγμή,,
2116,11.0,I never let emotions take over.,Ποτέ δεν άφησα τα συναισθήματα να κυριαρχήσουν,,
2118,15.0,I have never been afraid to communicate my desires.,Ποτέ δεν φοβήθηκα να επικοινωνήσω τις επιθυμίες μου,,
2119,9.0,I never doubted my abilities.,Ποτέ δεν αμφέβαλα για τις ικανότητές μου,,
2124,1.0,I didn't want to hurt my lover.,Δεν ήθελα να κάνω κακό στον εραστή μου,,
2125,5.0,"I organized a picnic in the park, inviting friends and family to gather for food and games.","Οργάνωσα ένα πικνίκ στο πάρκο, προσκαλώντας φίλους και συγγενείς να μαζευτούν για φαγητό και παιχνίδια",,
2126,5.0,"New neighbours moved in, so I made them a welcome party.","Μετακόμισαν νέοι γείτονες, οπότε τους έκανα ένα πάρτι καλωσορίσματος",,
2127,6.0,They told me I was fragile.,Μου είπαν ότι ήμουν εύθραυστη,,
2129,11.0,I am certain that the truth is simple.,,Είμαι σίγουρος ότι η αλήθεια είναι απλή,Είμαι σίγουρη ότι η αλήθεια είναι απλή
2130,6.0,I felt very vulnerable.,,Ένιωσα πολύ ευάλωτος,Ένιωσα πολύ ευάλωτη
2131,8.0,I stood face to face with a tiger.,Στάθηκα πρόσωπο με πρόσωπο με μια τίγρη,,
2132,10.0,I'm successful because my company is doing great.,Είμαι επιτυχημένος γιατί η εταιρεία μου τα πάει περίφημα,,
2134,16.0,I offered them help with the furniture.,Τους πρόσφερα βοήθεια με τα έπιπλα,,
2136,16.0,I'm a good runner.,Είμαι καλός δρομέας,,
2137,1.0,She keeps asking me why I cried that day.,Με ρωτάει συνέχεια γιατί έκλαψα εκείνη τη μέρα,,
2139,12.0,"I didn't mind staying late at work, I knew I was doing it to keep my family fed.","Δεν με πείραζε να μείνω αργά στη δουλειά, ήξερα ότι το έκανα για να κρατήσω την οικογένειά μου σιτισμένη",,
2140,4.0,I would never let a dog lick my face.,Δεν θα άφηνα ποτέ έναν σκύλο να μου γλείφει το πρόσωπό μου,,
2143,9.0,"When they find out what I'm like, they'll want to hire me right away.","Όταν μάθουν πώς είμαι, θα θελήσουν να με προσλάβουν αμέσως",,
2144,3.0,They knew I would listen to their problems and try to help.,Ήξεραν ότι θα άκουγα τα προβλήματά τους και θα προσπαθούσα να βοηθήσω,,
2145,9.0,I am an extraordinary person and I would like everyone to recognize it.,Είμαι ένας εξαιρετικός άνθρωπος και θα ήθελα να το αναγνωρίσουν όλοι,,
2146,7.0,"I didn't spend a lot of time preparing, because I have a pretty face.","Δεν πέρασα πολύ χρόνο προετοιμασίας, γιατί έχω όμορφο πρόσωπο",,
2147,1.0,"I cried, because I didn't get what I had wanted.","Έκλαψα, γιατί δεν πήρα αυτό που ήθελα",,
2149,12.0,Should I have given my kids more money?,Θα έπρεπε να είχα δώσει στα παιδιά μου περισσότερα χρήματα,,
2151,12.0,I paid for my brother's driving license.,Πλήρωσα για την άδεια οδήγησης του αδελφού μου,,
2152,2.0,"I was unable to do anything, so I just kept smiling like nothing happened.","Δεν μπορούσα να κάνω τίποτα, έτσι απλά συνέχισα να χαμογελάω σαν να μην συνέβη τίποτα",,
2154,11.0,"With no witnesses and no evidence, I refused to be a part of the jury.","Χωρίς μάρτυρες και χωρίς αποδεικτικά στοιχεία, αρνήθηκα να είμαι μέλος της κριτικής επιτροπής",,
2155,11.0,I left when they started talking about religions and God.,Έφυγα όταν άρχισαν να μιλάνε για θρησκείες και Θεό,,
2158,8.0,I will show them how tough I am.,Θα τους δείξω πόσο σκληρός είμαι,,
2159,6.0,"When I have to go to a work meeting, I immediately get all sweaty from stress.","Όταν πρέπει να πάω σε μια συνάντηση εργασίας, ιδρώνω αμέσως από το άγχος",,
2161,12.0,I regularly reviewed and adjusted our family's financial goals.,Εξέταζα τακτικά και προσάρμοζα τους οικονομικούς στόχους της οικογένειάς μας,,
2162,8.0,Yesterday I bought a snake.,Χθες αγόρασα ένα φίδι,,
2163,7.0,I am beautiful.,,Είμαι όμορφος,Είμαι όμορφη
2164,2.0,I consistently downplayed my achievements or talents.,Υποβάθμισα συνεχώς τα επιτεύγματα ή τα ταλέντα μου,,
2166,10.0,"As a sales representative, I built strong relationships with clients, understood their needs, and effectively communicated the benefits of our products to drive sales.","Ως εκπρόσωπος πωλήσεων, έχτισα ισχυρές σχέσεις με τους πελάτες, κατάλαβα τις ανάγκες τους και μετέδωσα αποτελεσματικά τα οφέλη των προϊόντων μας για να προωθήσω τις πωλήσεις",,
2168,6.0,"In a previous relationship, I was constantly told how stupid I was.",,Σε μια προηγούμενη σχέση μου έλεγαν συνεχώς πόσο ανόητος ήμουν,Σε μια προηγούμενη σχέση μου έλεγαν συνεχώς πόσο ανόητη ήμουν
2169,7.0,I noticed that my good looks seemed to open doors for me.,Παρατήρησα ότι η ωραία μου εμφάνιση φαινόταν να μου ανοίγει πόρτες,,
2171,4.0,I did the laundry.,Έπλυνα τα ρούχα,,
2172,9.0,I was well aware that I was very capable.,,Ήξερα καλά ότι ήμουν πολύ ικανός,Ήξερα καλά ότι ήμουν πολύ ικανή
2174,7.0,"I didn't eat the cake, because I was watching my figure.","Δεν έφαγα το κέικ, γιατί πρόσεχα τη σιλουέτα μου",,
2175,15.0,I would like to explore every inch of that beautiful body.,Θα ήθελα να εξερευνήσω κάθε εκατοστό αυτού του όμορφου σώματος,,
2177,9.0,I could easily get everyone's attention if I wanted to.,Θα μπορούσα εύκολα να τραβήξω την προσοχή όλων αν το ήθελα,,
2179,4.0,"I always need to get the work done right away, because if I wait until the last minute, I feel irresponsible.",,"Πάντα πρέπει να κάνω τη δουλειά αμέσως, γιατί αν περιμένω μέχρι την τελευταία στιγμή, νιώθω ανεύθυνος","Πάντα πρέπει να κάνω τη δουλειά αμέσως, γιατί αν περιμένω μέχρι την τελευταία στιγμή, νιώθω ανεύθυνη"
2181,9.0,There are no doubts I always did a great job.,Δεν υπάρχει αμφιβολία ότι έκανα πάντα εξαιρετική δουλειά,,
2184,12.0,I got a good job right after school and made enough money to buy a house for my family.,Έπιασα μια καλή δουλειά αμέσως μετά το σχολείο και έβγαλα αρκετά χρήματα για να αγοράσω ένα σπίτι για την οικογένειά μου,,
2189,5.0,"I couldn't have an office just for myself, I'd go crazy in there.","Δεν θα μπορούσα να έχω ένα γραφείο μόνο για μένα, θα τρελαινόμουν εκεί μέσα",,
2190,7.0,"I donated my old clothes, I just had too many.","Έδωσα τα παλιά μου ρούχα, απλώς είχα πάρα πολλά",,
2191,3.0,"I know how you feel, I was in the same situation.","Ξέρω πώς νιώθεις, ήμουν στην ίδια κατάσταση",,
2194,2.0,"Although I am employed, I work in a nursing home in my spare time.",,"Αν και είμαι μισθωτός, εργάζομαι σε οίκο ευγηρίας στον ελεύθερο χρόνο μου","Αν και είμαι μισθωτής, εργάζομαι σε οίκο ευγηρίας στον ελεύθερο χρόνο μου"
2196,15.0,I stopped to buy condoms on my way to the date.,Σταμάτησα για να αγοράσω προφυλακτικά στο δρόμο για το ραντεβού,,
2197,7.0,I gave them some advice about how to look better.,Τους έδωσα μερικές συμβουλές για το πώς να δείχνουν καλύτερα,,
2198,14.0,I displayed a lack of maturity.,Επέδειξα έλλειψη ωριμότητας,,
2200,7.0,I bought a new hair dryer.,αγόρασα ένα καινούργιο πιστολάκι μαλλιών,,
2201,10.0,"I take pride in my work, but I'm always looking for ways to do it even better.",,"Είμαι περήφανος για τη δουλειά μου, αλλά πάντα ψάχνω τρόπους να το κάνω ακόμα καλύτερα","Είμαι περήφανη για τη δουλειά μου, αλλά πάντα ψάχνω τρόπους να το κάνω ακόμα καλύτερα"
2202,15.0,I'm confident and that attracts others.,,Είμαι σίγουρος και αυτό ελκύει τους άλλους,Είμαι σίγουρη και αυτό ελκύει τους άλλους
2203,9.0,The key moment in my career was when I realized that my decision-making skills earned me respect from everyone.,Η στιγμή κλειδί στην καριέρα μου ήταν όταν συνειδητοποίησα ότι οι δεξιότητές μου στη λήψη αποφάσεων μου κέρδισαν τον σεβασμό από όλους,,
2204,3.0,"I like to prepare snacks for my kids, so they can eat them at school.","Μου αρέσει να ετοιμάζω σνακ για τα παιδιά μου, ώστε να μπορούν να τα φάνε στο σχολείο",,
2205,14.0,I don't want a relationship because I need freedom.,Δεν θέλω σχέση γιατί χρειάζομαι ελευθερία,,
2207,16.0,I put a lot of effort into gaining muscle strength.,Κάνω μεγάλη προσπάθεια για να αποκτήσω μυϊκή δύναμη,,
2209,13.0,I let my staff leave earlier today.,Άφησα το προσωπικό μου να φύγει νωρίτερα σήμερα,,
2210,16.0,I knew I could break it if I pushed hard enough.,Ήξερα ότι θα μπορούσα να το σπάσω αν πίεζα αρκετά,,
2212,3.0,I always comforted my kids when they cried.,Πάντα παρηγορούσα τα παιδιά μου όταν έκλαιγαν,,
2213,4.0,I like having an extra job.,Μου αρέσει να έχω μια επιπλέον δουλειά,,
2215,4.0,I could not stand seeing how dirty their glasses were!,Δεν άντεχα να βλέπω πόσο βρώμικα ήταν τα γυαλιά τους,,
2216,14.0,"If I have offended anyone, it is their fault, I will not apologise to them.","Αν προσέβαλα κάποιον, είναι δικό του λάθος, δεν θα του ζητήσω συγγνώμη",,
2217,16.0,I ate a lot of protein to build muscle.,Έφαγα πολλή πρωτεΐνη για να χτίσω μυς,,
2218,5.0,"Don't be angry, I hated being alone at home.",,"Μην θυμώνεις, μισούσα να είμαι μόνος στο σπίτι","Μην θυμώνεις, μισούσα να είμαι μόνη στο σπίτι"
2220,10.0,I never left my job until everything was ready for the next day.,Ποτέ δεν άφησα τη δουλειά μου μέχρι να είναι όλα έτοιμα για την επόμενη μέρα,,
2221,16.0,"I never took any supplements, all my strength is natural.","Δεν πήρα ποτέ συμπληρώματα, όλη μου η δύναμη είναι φυσική",,
2222,7.0,I got a lot of compliments on my outfit.,Έλαβα πολλά κομπλιμέντα για το ντύσιμό μου,,
2223,7.0,I couldn't go to sleep without my skincare.,Δεν μπορούσα να κοιμηθώ χωρίς την περιποίηση της επιδερμίδας μου,,
2224,10.0,I would prefer to have an online meeting every Monday morning.,Θα προτιμούσα να έχω μια διαδικτυακή συνάντηση κάθε Δευτέρα πρωί,,
2225,13.0,I have allowed employees to bring animals to work.,Επέτρεψα στους υπαλλήλους να φέρνουν ζώα στη δουλειά,,
2226,10.0,"When I assessed the damage, I knew this was beyond my skills.","Όταν αξιολόγησα τη ζημιά, ήξερα ότι αυτό ήταν πέρα ​​από τις ικανότητές μου",,
2227,10.0,I met project deadlines with professionalism and technical expertise.,Τήρησα τις προθεσμίες του έργου με επαγγελματισμό και τεχνική εξειδίκευση,,
2229,12.0,I worked hard to provide for the family.,Δούλεψα σκληρά για να φροντίσω την οικογένεια,,
2231,16.0,The drain broke down so I had to fix it.,Η αποχέτευση χάλασε και έπρεπε να τη φτιάξω,,
2232,13.0,I like seeing how people prosper under my leadership.,Μου αρέσει να βλέπω πώς οι άνθρωποι ευημερούν υπό την ηγεσία μου,,
2233,3.0,I was there when my kid took its first steps.,Ήμουν εκεί όταν το παιδί μου έκανε τα πρώτα του βήματα,,
2234,5.0,I always feel happy when I'm around people.,,Νιώθω πάντα χαρούμενος όταν βρίσκομαι κοντά σε ανθρώπους,Νιώθω πάντα χαρούμενη όταν βρίσκομαι κοντά σε ανθρώπους
2235,6.0,I couldn't even open a bottle.,Δεν μπορούσα να ανοίξω ούτε ένα μπουκάλι,,
2237,6.0,I'm not strong enough.,,Δεν είμαι αρκετά δυνατός,Δεν είμαι αρκετά δυνατή
2239,5.0,I did not enjoy the holidays because there were almost no people.,Δεν απόλαυσα τις διακοπές γιατί δεν υπήρχαν σχεδόν καθόλου κόσμος,,
2241,10.0,Five years ago I started my company and today it is doing extremely well.,Πριν από πέντε χρόνια ξεκίνησα την εταιρεία μου και σήμερα τα πάει εξαιρετικά καλά,,
2242,5.0,I wanted to talk to them.,Ήθελα να τους μιλήσω,,
2246,9.0,I always trusted my abilities.,Πάντα εμπιστευόμουν τις ικανότητές μου,,
2247,3.0,"Supposedly, I should be saying no to others, but I can't do that.","Υποτίθεται ότι θα έπρεπε να λέω όχι σε άλλους, αλλά δεν μπορώ να το κάνω αυτό",,
2248,8.0,I was not scared of that huge snake.,Δεν φοβήθηκα αυτό το τεράστιο φίδι,,
2249,1.0,I kept telling myself that people were lying to me.,Συνέχισα να λέω στον εαυτό μου ότι οι άνθρωποι μου έλεγαν ψέματα,,
2250,9.0,I think they like me because I'm confident.,Νομίζω ότι τους αρέσω γιατί έχω αυτοπεποίθηση,,
2251,6.0,"I wanted to help, but they've told me to stay away because I'm weak.",,"Ήθελα να βοηθήσω, αλλά μου είπαν να μείνω μακριά γιατί είμαι αδύναμος","Ήθελα να βοηθήσω, αλλά μου είπαν να μείνω μακριά γιατί είμαι αδύναμη"
2252,11.0,I couldn't understand why you would need 20 pairs of shoes.,Δεν μπορούσα να καταλάβω γιατί θα χρειαζόσουν 20 ζευγάρια παπούτσια,,
2253,3.0,I like to cook when I see that others like my food.,Μου αρέσει να μαγειρεύω όταν βλέπω ότι αρέσει σε άλλους το φαγητό μου,,
2254,2.0,I learned that being quiet is the best I can do in escalated situations.,Έμαθα ότι το να είμαι ήσυχος είναι το καλύτερο που μπορώ να κάνω σε κλιμακούμενες καταστάσεις,,
2255,16.0,I like to be strong in order to protect those in need.,,Μου αρέσει να είμαι δυνατός για να προστατεύω όσους έχουν ανάγκη,Μου αρέσει να είμαι δυνατή για να προστατεύω όσους έχουν ανάγκη
2256,10.0,I'm a hard worker.,,Είμαι σκληρά εργαζόμενος,Είμαι σκληρά εργαζόμενη
2257,5.0,"Over the holidays, I'm lonely at home for a long time, so I call someone out every day.",,"Τις διακοπές, είμαι μόνος στο σπίτι για μεγάλο χρονικό διάστημα, οπότε καλώ κάποιον έξω κάθε μέρα","Τις διακοπές, είμαι μόνη στο σπίτι για μεγάλο χρονικό διάστημα, οπότε καλώ κάποιον έξω κάθε μέρα"
2258,6.0,"I couldn't defend myself, so I cried.","Δεν μπορούσα να υπερασπιστώ τον εαυτό μου, οπότε έκλαψα",,
2259,10.0,"As a firefighter, I responded swiftly to emergency calls, assessed dangerous situations, and coordinated efforts with my team to protect lives and property.","Ως πυροσβέστης, ανταποκρίθηκα γρήγορα σε κλήσεις έκτακτης ανάγκης, αξιολόγησα επικίνδυνες καταστάσεις και συντόνισα τις προσπάθειες με την ομάδα μου για να προστατεύσω ζωές και περιουσίες",,
2260,6.0,"I wanted to be in better shape, but I can't do many push-ups.","Ήθελα να είμαι σε καλύτερη φόρμα, αλλά δεν μπορώ να κάνω πολλά push-ups",,
2263,9.0,I never needed a weapon.,Δεν χρειάστηκα ποτέ όπλο,,
2264,15.0,I watched porn.,Είδα πορνό,,
2265,4.0,"They always tell me I work a lot, but that's just the way I am.","Μου λένε πάντα ότι δουλεύω πολύ, αλλά έτσι είμαι",,
2266,12.0,I was always keen on making money for the household.,Πάντα ήθελα να βγάλω χρήματα για το νοικοκυριό,,
2267,4.0,I like to keep the house clean.,Μου αρέσει να διατηρώ το σπίτι καθαρό,,
2268,10.0,"As a police officer, I patrolled the streets, enforced laws and regulations, and maintained public safety.","Ως αστυνομικός, περιπολούσα στους δρόμους, εφάρμοζα νόμους και κανονισμούς και διατήρησα τη δημόσια ασφάλεια",,
2269,10.0,I didn't comment on their appearance.,Δεν σχολίασα την εμφάνισή τους,,
2270,10.0,"Maybe I'm too formal, but I maintain my respect that way.",,"Ίσως είμαι πολύ τυπικός, αλλά διατηρώ τον σεβασμό μου με αυτόν τον τρόπο","Ίσως είμαι πολύ τυπική, αλλά διατηρώ τον σεβασμό μου με αυτόν τον τρόπο"
2271,14.0,I like skateboarding even though I am too old for that.,,"Μου αρέσει το skateboard, παρόλο που είμαι πολύ μεγάλος για κάτι τέτοιο","Μου αρέσει το skateboard, παρόλο που είμαι πολύ μεγάλη για κάτι τέτοιο"
2272,8.0,"I'm not patient, do not test me.","Δεν κάνω υπομονή, μην με δοκιμάζεις",,
2273,15.0,I bought condoms.,αγόρασα προφυλακτικά,,
2274,4.0,I turned on the dishwasher.,Άνοιξα το πλυντήριο πιάτων,,
2275,10.0,I am a professional.,Είμαι επαγγελματίας,,
2276,10.0,"As a senior executive in a multinational corporation, I exhibited strong leadership skills and a strategic mindset.","Ως ανώτερο στέλεχος σε μια πολυεθνική εταιρεία, επέδειξα ισχυρές ηγετικές ικανότητες και στρατηγική νοοτροπία",,
2277,15.0,I could easily be in a polygamous relationship.,Θα μπορούσα εύκολα να είμαι σε μια πολυγαμική σχέση,,
2278,12.0,I worked hard to cover my kid's expenses.,,Δούλεψα σκληρά για να καλύψω τα έξοδα του παιδιού μου,δούλεψα σκληρά για να καλύψω τα έξοδα του παιδιού μου
2279,16.0,I wanted to be more muscular.,Ήθελα να είμαι πιο μυώδης,,
2280,4.0,"I cleaned and organized my kitchen cabinets, ensuring that items were properly stored and easily accessible.","Καθάρισα και οργάνωσα τα ντουλάπια της κουζίνας μου, διασφαλίζοντας ότι τα αντικείμενα ήταν σωστά αποθηκευμένα και εύκολα προσβάσιμα",,
2281,11.0,I evaluated the data and based my results on them.,Αξιολόγησα τα δεδομένα και στήριξα τα αποτελέσματά μου σε αυτά,,
2282,15.0,I always carried a condom with me.,Πάντα κουβαλούσα ένα προφυλακτικό μαζί μου,,
2283,2.0,They say what they appreciate most about me is that I'm modest.,,Λένε ότι αυτό που εκτιμούν περισσότερο σε μένα είναι ότι είμαι σεμνός,Λένε ότι αυτό που εκτιμούν περισσότερο σε μένα είναι ότι είμαι σεμνή
2284,11.0,My colleague is more professional than I am ever going to be.,"Ο συνάδελφός μου είναι πιο επαγγελματίας από ό,τι θα γίνω εγώ",,
2285,16.0,"Let me open the jar, I said to her.","Άσε με να ανοίξω το βάζο, της είπα",,
2286,11.0,I like to stress the importance of communicating openly and directly.,Μου αρέσει να τονίζω τη σημασία της ανοιχτής και άμεσης επικοινωνίας,,
2288,8.0,I didn't cry even at my father's funeral.,Δεν έκλαψα ούτε στην κηδεία του πατέρα μου,,
2289,2.0,I let my partner decide about the vacation last year.,Άφησα τον σύντροφό μου να αποφασίσει για τις διακοπές πέρυσι,,
2290,14.0,I'm not going to apologise to anyone because I didn't do anything wrong.,Δεν πρόκειται να ζητήσω συγγνώμη από κανέναν γιατί δεν έκανα τίποτα κακό,,
2292,9.0,"I applied for the job, although I didn't have the qualifications.","Έκανα αίτηση για τη δουλειά, αν και δεν είχα τα προσόντα",,
2293,8.0,"It was a tough choice, but I am confident that it was right.","Ήταν μια δύσκολη επιλογή, αλλά είμαι βέβαιος ότι ήταν σωστή",,
2294,11.0,I would not risk my position by making irrational decisions.,Δεν θα διακινδύνευα τη θέση μου παίρνοντας παράλογες αποφάσεις,,
2296,11.0,"I have never acted irrationally, I am just not that type of person.",,"Ποτέ δεν έχω ενεργήσει παράλογα, απλώς δεν είμαι τέτοιος τύπος ανθρώπου","Ποτέ δεν έχω ενεργήσει παράλογα, απλά δεν είμαι τέτοιος τύπος ανθρώπου"
2297,7.0,"I had to refuse handing out my number, because I had too many requests.","Έπρεπε να αρνηθώ να δώσω τον αριθμό μου, γιατί είχα πάρα πολλά αιτήματα",,
2298,9.0,I wasn't worried at all.,Δεν ανησυχούσα καθόλου,,
2299,3.0,I had to make a decision that prioritized the children.,Έπρεπε να πάρω μια απόφαση που έδινε προτεραιότητα στα παιδιά,,
2301,4.0,I don't like it when someone smokes near me because I can't get rid of the smell for hours.,Δεν μου αρέσει όταν κάποιος καπνίζει κοντά μου γιατί δεν μπορώ να απαλλαγώ από τη μυρωδιά για ώρες,,
2304,7.0,I saw my reflection in the mirror and was amazed.,,Είδα την αντανάκλασή μου στον καθρέφτη και έμεινα έκπληκτος,Είδα την αντανάκλασή μου στον καθρέφτη και έμεινα έκπληκτη
2305,4.0,I was alone to do all the chores in the house.,,Ήμουν μόνος για να κάνω όλες τις δουλειές του σπιτιού,Ήμουν μόνη για να κάνω όλες τις δουλειές του σπιτιού
2306,9.0,"I was asked to lead the ceremony, because I am a talented speaker.","Μου ζητήθηκε να διευθύνω την τελετή, γιατί είμαι ταλαντούχος ομιλητής",,
2308,3.0,"When I was younger, I found an injured bird on the street, took him home and tried to help him.",,"Όταν ήμουν νεότερος, βρήκα ένα τραυματισμένο πουλί στο δρόμο, το πήγα στο σπίτι και προσπάθησα να το βοηθήσω","Όταν ήμουν νεότερη, βρήκα ένα τραυματισμένο πουλί στο δρόμο, το πήγα στο σπίτι και προσπάθησα να το βοηθήσω"
2309,5.0,I joined the buddy programme at the university so I can meet some new people.,Έγινα μέλος του προγράμματος φίλων στο πανεπιστήμιο για να μπορέσω να γνωρίσω μερικούς νέους ανθρώπους,,
2310,14.0,"Stop commanding me, I like to spend time how I want to.","Σταμάτα να με διατάζεις, μου αρέσει να περνάω τον χρόνο μου όπως θέλω",,
2312,3.0,I like that my role in the family is to take care of everybody.,Μου αρέσει που ο ρόλος μου στην οικογένεια είναι να φροντίζω όλους,,
2313,8.0,I watched a show about surviving in the wilderness.,Είδα μια εκπομπή για την επιβίωση στην έρημο,,
2314,6.0,"When I had to go in front of the staff and say something to them, I was suddenly very scared.","Όταν έπρεπε να πάω μπροστά από το προσωπικό και να τους πω κάτι, ξαφνικά φοβήθηκα πολύ",,
2317,4.0,I consistently followed through on commitments and promises made to others.,Ακολούθησα με συνέπεια τις δεσμεύσεις και τις υποσχέσεις που δόθηκαν σε άλλους,,
2318,14.0,I bought a beer and cigarettes although I knew it was my last money and I was supposed to buy food.,"αγόρασα μια μπύρα και τσιγάρα, αν και ήξερα ότι ήταν τα τελευταία μου χρήματα και έπρεπε να αγοράσω φαγητό",,
2319,7.0,How often should I wash my hair?,Πόσο συχνά πρέπει να πλένω τα μαλλιά μου,,
2320,2.0,Mom told me people would like me more if I always acted nice.,Η μαμά μου είπε ότι οι άνθρωποι θα με ήθελαν περισσότερο αν συμπεριφερόμουν πάντα καλά,,
2321,1.0,I didn't care about logic - I was relying only on my emotions.,Δεν με ένοιαζε η λογική - βασιζόμουν μόνο στα συναισθήματά μου,,
2324,9.0,I never listened to anyone else.,Ποτέ δεν άκουσα κανέναν άλλον,,
2326,5.0,I was happy when I received the invitation.,Χάρηκα όταν έλαβα την πρόσκληση,,
2327,6.0,"I couldn't be a soldier, no one would be afraid of me.","Δεν θα μπορούσα να είμαι στρατιώτης, κανείς δεν θα με φοβόταν",,
2330,4.0,I don't like it when I have to leave home knowing that the dishwasher is loaded.,Δεν μου αρέσει όταν πρέπει να φύγω από το σπίτι γνωρίζοντας ότι το πλυντήριο πιάτων είναι φορτωμένο,,
2332,2.0,I said yes even though I didn't want to do it.,"Είπα ναι, παρόλο που δεν ήθελα να το κάνω",,
2333,4.0,I washed my hands so often that I completely ruined my skin.,Έπλυνα τα χέρια μου τόσο συχνά που κατέστρεψα τελείως το δέρμα μου,,
2334,9.0,I'm self-assured in my abilities.,,Είμαι σίγουρος για τις ικανότητές μου,Είμαι σίγουρη για τις ικανότητές μου
2337,5.0,I like to have deep and meaningful conversations.,Μου αρέσει να έχω βαθιές και ουσιαστικές συζητήσεις,,
2338,8.0,I fell but it didn't hurt me at all.,Έπεσα αλλά δεν με πόνεσε καθόλου,,
2339,14.0,I got mad because their food looked tastier.,Τρελάθηκα γιατί το φαγητό τους φαινόταν πιο νόστιμο,,
2341,5.0,I felt better when they came over.,Ένιωσα καλύτερα όταν ήρθαν,,
2342,10.0,"As a financial planner, I analyzed clients' financial goals, developed customized investment strategies, and provided ongoing guidance.","Ως χρηματοοικονομικός σχεδιαστής, ανέλυσα τους οικονομικούς στόχους των πελατών, ανέπτυξα προσαρμοσμένες επενδυτικές στρατηγικές και παρείχα συνεχή καθοδήγηση",,
2343,12.0,"I offered you a ride, no need to worry.","Σου πρόσφερα μια βόλτα, δεν χρειάζεται να ανησυχείς",,
2344,3.0,I could totally imagine myself in their position.,Θα μπορούσα να φανταστώ τον εαυτό μου στη θέση τους,,
2345,2.0,They told me I should be kinder.,Μου είπαν ότι πρέπει να είμαι πιο ευγενικός,,
2346,3.0,"I like it, when I'm home alone and I can cook for everybody without any interruption.",,"Μου αρέσει, όταν είμαι μόνος στο σπίτι και μπορώ να μαγειρεύω για όλους χωρίς καμία διακοπή","Μου αρέσει, όταν είμαι μόνη στο σπίτι και μπορώ να μαγειρεύω για όλους χωρίς καμία διακοπή"
2347,13.0,I always felt like a natural leader.,Πάντα ένιωθα σαν φυσικός ηγέτης,,
2348,4.0,"Sorry about the mess, I didn't get a chance to clean it up.","Συγγνώμη για το χάος, δεν είχα την ευκαιρία να το καθαρίσω",,
2349,11.0,I helped my little cousin with his math assignment.,Βοήθησα τον μικρό μου ξάδερφο με την εργασία του στα μαθηματικά,,
2350,9.0,I am open to any challenge.,,Είμαι ανοιχτός σε κάθε πρόκληση,Είμαι ανοιχτή σε κάθε πρόκληση
2352,6.0,I could not open the jar so I asked my friend to do it.,Δεν μπορούσα να ανοίξω το βάζο και ζήτησα από τον φίλο μου να το κάνει,,
2353,12.0,"I'm the head of this family so I believe I had to cover our basic needs, such as food, shelter and clothing.","Είμαι ο αρχηγός αυτής της οικογένειας, οπότε πιστεύω ότι έπρεπε να καλύψω τις βασικές μας ανάγκες, όπως φαγητό, στέγη και ρούχα",,
2355,8.0,I could handle those drunk idiots if I wanted to.,Θα μπορούσα να αντέξω αυτούς τους μεθυσμένους ηλίθιους αν ήθελα,,
2356,10.0,I am always happy to listen to constructive criticism.,,Είμαι πάντα χαρούμενος που ακούω εποικοδομητική κριτική,Είμαι πάντα χαρούμενη που ακούω εποικοδομητική κριτική
2357,8.0,I've never been afraid of other people's talk.,Ποτέ δεν φοβήθηκα τις κουβέντες των άλλων,,
2358,15.0,I always had a lot of sexual fantasies.,Πάντα είχα πολλές σεξουαλικές φαντασιώσεις,,
2360,8.0,I stepped into the arena with a brave face and no fear in my heart.,Μπήκα στην αρένα με γενναίο πρόσωπο και χωρίς φόβο στην καρδιά μου,,
2361,13.0,I like to give young people a chance.,Μου αρέσει να δίνω στους νέους μια ευκαιρία,,
2363,11.0,I didn't want to be dependent on someone.,Δεν ήθελα να εξαρτώμαι από κάποιον,,
2364,9.0,I never had trouble with others not respecting me.,Ποτέ δεν είχα πρόβλημα με τους άλλους να μην με σέβονται,,
2366,11.0,I carefully reviewed the product specifications before buying it.,Εξέτασα προσεκτικά τις προδιαγραφές του προϊόντος πριν το αγοράσω,,
2367,15.0,I always had a high self-esteem when it comes to sex.,Πάντα είχα υψηλή αυτοεκτίμηση όταν πρόκειται για σεξ,,
2368,10.0,I had a meeting with foreign sponsors.,Είχα μια συνάντηση με ξένους χορηγούς,,
2370,16.0,"I did not need to hire a moving company, I just did it myself.",,"Δεν χρειαζόταν να προσλάβω μια μεταφορική εταιρεία, απλώς το έκανα μόνος μου","Δεν χρειαζόταν να προσλάβω μια μεταφορική εταιρεία, απλώς το έκανα μόνη μου"
2371,13.0,I never liked it when someone told me how to lead my company.,Ποτέ δεν μου άρεσε όταν κάποιος μου έλεγε πώς να οδηγήσω την εταιρεία μου,,
2372,8.0,"I liked doing it, because it was dangerous.","Μου άρεσε να το κάνω, γιατί ήταν επικίνδυνο",,
2373,15.0,I was the dominant one in our relationship.,Ήμουν ο κυρίαρχος στη σχέση μας,,
2374,9.0,I was not afraid of my image being tarnished.,Δεν φοβήθηκα μήπως αμαυρωθεί η εικόνα μου,,
2375,8.0,I like it when I can show others who's the boss.,Μου αρέσει όταν μπορώ να δείξω στους άλλους ποιος είναι το αφεντικό,,
2378,9.0,I was sure that I knew what I was doing and did not need to read the instructions.,,Ήμουν σίγουρος ότι ήξερα τι έκανα και δεν χρειαζόταν να διαβάσω τις οδηγίες,Ήμουν σίγουρη ότι ήξερα τι έκανα και δεν χρειαζόταν να διαβάσω τις οδηγίες
2379,9.0,Every step I took radiated an inner assurance.,Κάθε βήμα που έκανα ακτινοβολούσε μια εσωτερική διαβεβαίωση,,
2380,1.0,I used to watch a lot of documentaries about esoteric stuff.,Έβλεπα πολλά ντοκιμαντέρ για εσωτερικά πράγματα,,
2382,1.0,"I was in love, so I didn't listen to them.",,"Ήμουν ερωτευμένος, οπότε δεν τους άκουσα","Ήμουν ερωτευμένη, οπότε δεν τους άκουσα"
2383,8.0,I've been an adrenaline seeker my whole life.,Ήμουν αναζητητής αδρεναλίνης σε όλη μου τη ζωή,,
2384,16.0,I entered an amateur weightlifting competition.,Μπήκα σε έναν ερασιτεχνικό αγώνα άρσης βαρών,,
2385,15.0,They are convinced that I was only looking for sex.,Είναι πεπεισμένοι ότι έψαχνα μόνο για σεξ,,
2386,12.0,"I worked diligently and pursued career opportunities that allowed me to earn a stable income, ensuring financial security for my family.","Δούλεψα επιμελώς και επιδίωξα ευκαιρίες σταδιοδρομίας που μου επέτρεψαν να κερδίσω ένα σταθερό εισόδημα, εξασφαλίζοντας οικονομική ασφάλεια για την οικογένειά μου",,
2387,13.0,"As a team leader, I communicated the goals clearly.","Ως αρχηγός ομάδας, κοινοποίησα τους στόχους ξεκάθαρα",,
2388,10.0,"Working as a senior scientist in a research laboratory, I maintained a high level of professionalism and rigor in conducting experiments and analyzing data.","Δουλεύοντας ως ανώτερος επιστήμονας σε ένα ερευνητικό εργαστήριο, διατήρησα υψηλό επίπεδο επαγγελματισμού και αυστηρότητας στη διεξαγωγή πειραμάτων και στην ανάλυση δεδομένων",,
2389,7.0,I redid my nail polish.,Ξαναέφτιαξα το βερνίκι νυχιών μου,,
2391,3.0,She was upset when she discovered that she had a tumor but I kept reassuring her everything would be alright.,"Ταυσίωσε όταν ανακάλυψε ότι είχε όγκο, αλλά συνέχισα να την καθησυχάζω ότι όλα θα πάνε καλά",,
2395,8.0,I went into the woods even though there were bears roaming around.,"Πήγα στο δάσος, παρόλο που υπήρχαν αρκούδες που τριγυρνούσαν",,
2396,5.0,I attended a festival and made a lot of new friends and acquaintances.,Πήρα μέρος σε ένα φεστιβάλ και έκανα πολλούς νέους φίλους και γνωστούς,,
2397,8.0,I'd like to be a firefighter someday.,Θα ήθελα να γίνω πυροσβέστης κάποια μέρα,,
2400,13.0,I have always tried to get to know my employees so that I can create the right conditions for them.,Πάντα προσπαθούσα να γνωρίσω τους υπαλλήλους μου ώστε να μπορώ να τους δημιουργήσω τις κατάλληλες συνθήκες,,
2401,7.0,"If I needed to feel better, I wouldn't have a problem undergoing some surgical procedure.","Αν χρειαζόταν να νιώσω καλύτερα, δεν θα είχα πρόβλημα να υποβληθώ σε κάποια χειρουργική επέμβαση",,
2404,10.0,I always preferred wearing a suit to my workplace.,Πάντα προτιμούσα να φοράω κοστούμι στον χώρο εργασίας μου,,
2405,8.0,"I didn't need your help, I knew that I could do it by myself.",,"Δεν χρειαζόμουν τη βοήθειά σου, ήξερα ότι μπορούσα να το κάνω μόνος μου","Δεν χρειαζόμουν τη βοήθειά σου, ήξερα ότι μπορούσα να το κάνω μόνη μου"
2407,12.0,I paid for the whole family dinner.,Πλήρωσα για το δείπνο όλης της οικογένειας,,
2408,7.0,I looked good in the swimsuit as well as in formal wear.,,Έδειχνα καλός με το μαγιό καθώς και με επίσημα ρούχα,Έδειχνα καλή με το μαγιό καθώς και με επίσημα ρούχα
2409,7.0,"People often commented on my good looks, so I knew that I had attractive features.","Οι άνθρωποι σχολίαζαν συχνά την καλή μου εμφάνιση, οπότε ήξερα ότι είχα ελκυστικά χαρακτηριστικά",,
2410,3.0,I donated my time and skills to mentor a young student.,Δώρισα τον χρόνο και τις δεξιότητές μου για να καθοδηγήσω έναν νεαρό μαθητή,,
2411,11.0,I took the car to the repair shop for a regular check-up.,Πήρα το αυτοκίνητο στο συνεργείο για τακτικό έλεγχο,,
2414,13.0,I am ready to make this country a better place.,,Είμαι έτοιμος να κάνω αυτή τη χώρα ένα καλύτερο μέρος,Είμαι έτοιμη να κάνω αυτή τη χώρα ένα καλύτερο μέρος
2416,5.0,I spent almost two hours on the phone with them.,Πέρασα σχεδόν δύο ώρες στο τηλέφωνο μαζί τους,,
2417,8.0,"Clad in leather armor, I ventured into the dark dungeon.",,"Ντυμένος με δερμάτινη πανοπλία, μπήκα στο σκοτεινό μπουντρούμι","Ντυμένη με δερμάτινη πανοπλία, μπήκα στο σκοτεινό μπουντρούμι"
2418,1.0,I cried after leaving the office.,Έκλαψα αφού έφυγα από το γραφείο,,
2419,2.0,I consistently sought permission or validation from others before making decisions.,Ζήτησα με συνέπεια την άδεια ή την επικύρωση από άλλους πριν πάρω αποφάσεις,,
2420,11.0,I like mathematics and physics because numbers are always right.,Μου αρέσουν τα μαθηματικά και η φυσική γιατί οι αριθμοί είναι πάντα σωστοί,,
2422,13.0,"In times of conflict or disagreement, I mediated discussions.","Σε περιόδους σύγκρουσης ή διαφωνίας, μεσολάβησα στις συζητήσεις",,
2425,7.0,I like to dress in long trousers so nobody would see my legs.,Μου αρέσει να ντύνω μακριά παντελόνια για να μην βλέπει κανείς τα πόδια μου,,
2428,6.0,"I didn't do it, because I wasn't strong enough.",,"Δεν το έκανα, γιατί δεν ήμουν αρκετά δυνατός","Δεν το έκανα, γιατί δεν ήμουν αρκετά δυνατή"
2429,15.0,I'm sexually attracted to my colleague.,Με ελκύει σεξουαλικά ο συνάδελφός μου,,
2433,9.0,I knew she would fall in love with me.,Ήξερα ότι θα με ερωτευόταν,,
2434,12.0,I'd like to give the kids as much comfort as possible.,Θα ήθελα να δώσω στα παιδιά όσο το δυνατόν περισσότερη άνεση,,
2437,7.0,"When they took my measurements, they told me I had a nice body.","Όταν μου έκαναν τις μετρήσεις, μου είπαν ότι είχα ωραίο σώμα",,
2438,3.0,"I should do the shopping, the fridge is almost empty.","Πρέπει να κάνω τα ψώνια, το ψυγείο είναι σχεδόν άδειο",,
2439,4.0,I have to shower at least three times a day or I feel dirty.,,"Πρέπει να κάνω ντους τουλάχιστον τρεις φορές την ημέρα, διαφορετικά νιώθω βρώμικος","Πρέπει να κάνω ντους τουλάχιστον τρεις φορές την ημέρα, διαφορετικά νιώθω βρώμικη"
2440,13.0,I was the pioneer in the field.,Ήμουν ο πρωτοπόρος στον τομέα,,
2441,9.0,I had no problem being assertive at work.,,Δεν είχα κανένα πρόβλημα να είμαι διεκδικητικός στη δουλειά,Δεν είχα κανένα πρόβλημα να είμαι διεκδικητική στη δουλειά
2442,3.0,I bought new badges made by people with mental disabilities.,Αγόρασα νέα σήματα φτιαγμένα από άτομα με νοητικές αναπηρίες,,
2443,11.0,"Let me navigate you, I'm good at it.",,"Άσε με να σε πλοηγήσω, είμαι καλός σε αυτό","Άσε με να σε πλοηγήσω, είμαι καλή σε αυτό"
2444,2.0,"I couldn't set up a business, I need a boss to tell me what to do.","Δεν μπορούσα να δημιουργήσω μια επιχείρηση, χρειάζομαι ένα αφεντικό να μου πει τι να κάνω",,
2445,12.0,I paid a babysitter so that I would have someone to be with my children while I am at work.,Πλήρωσα μια μπέιμπι σίτερ για να έχω κάποιον να είμαι με τα παιδιά μου όσο είμαι στη δουλειά,,
2446,5.0,I loved hosting parties.,Μου άρεσε να διοργανώνω πάρτι,,
2449,2.0,I relied on their opinions to shape my sense of self-worth.,Βασίστηκα στις απόψεις τους για να διαμορφώσω την αίσθηση της αυτοεκτίμησής μου,,
2450,15.0,I have always maintained that it is important to try new things so that we don't fall into a rut in a relationship.,Πάντα υποστήριζα ότι είναι σημαντικό να δοκιμάζουμε νέα πράγματα για να μην πέσουμε σε τέλμα σε μια σχέση,,
2452,5.0,I was chatting with a friend for two hours straight!,Μιλούσα με έναν φίλο για δύο ώρες συνεχόμενα,,
2453,3.0,"I volunteered at a nursing home, spending time with elderly residents.","Εγώ προσφέρθηκα εθελοντικά σε ένα γηροκομείο, περνώντας χρόνο με ηλικιωμένους κατοίκους",,
2455,7.0,I am convinced that the most beautiful jewel is a smile.,,Είμαι πεπεισμένος ότι το πιο όμορφο κόσμημα είναι το χαμόγελο,Είμαι πεπεισμένη ότι το πιο όμορφο κόσμημα είναι το χαμόγελο
2457,12.0,I like to shoulder the responsibility for my family.,Μου αρέσει να επωμίζομαι την ευθύνη για την οικογένειά μου,,
2460,14.0,I did not want to help with housework because it was boring.,Δεν ήθελα να βοηθήσω με τις δουλειές του σπιτιού γιατί ήταν βαρετές,,
2462,2.0,I had to obey.,Έπρεπε να υπακούσω,,
2466,16.0,"I like to tell people that if they want to be strong, it's not enough to just exercise, but to eat healthy.","Μου αρέσει να λέω στους ανθρώπους ότι αν θέλουν να είναι δυνατοί, δεν αρκεί απλώς να ασκούνται, αλλά να τρώνε υγιεινά",,
2467,11.0,I always loved mathematics.,Πάντα μου άρεσαν τα μαθηματικά,,
2470,4.0,"I may be tired after every weekend, but at least I have a clean house.",,"Μπορεί να είμαι κουρασμένος μετά από κάθε Σαββατοκύριακο, αλλά τουλάχιστον έχω ένα καθαρό σπίτι","Μπορεί να είμαι κουρασμένη μετά από κάθε Σαββατοκύριακο, αλλά τουλάχιστον έχω ένα καθαρό σπίτι"
2471,8.0,"In the past, I've been told that I was the epitome of strength because I had a muscular body.","Στο παρελθόν, μου είπαν ότι ήμουν η επιτομή της δύναμης επειδή είχα ένα μυώδες σώμα",,
2473,9.0,I persuaded the whole team to buy our product.,Έπεισα όλη την ομάδα να αγοράσει το προϊόν μας,,
2474,12.0,I had to work hard because my family relied on the money I made.,Έπρεπε να δουλέψω σκληρά γιατί η οικογένειά μου βασιζόταν στα χρήματα που έβγαζα,,
2477,8.0,"I liked extreme sports, I had no fear.","Μου άρεσαν τα extreme sports, δεν φοβόμουν",,
2478,3.0,"I cared for my father all the time while he was dying, it was difficult but I felt it was my responsibility to be there for him.","Νοιαζόμουν τον πατέρα μου όλη την ώρα όσο πέθαινε, ήταν δύσκολο, αλλά ένιωθα ότι ήταν δική μου ευθύνη να είμαι εκεί για αυτόν",,
2479,13.0,"I encouraged participation and collaboration, ensuring that everyone's contributions were acknowledged and valued.","Ενθάρρυνα τη συμμετοχή και τη συνεργασία, διασφαλίζοντας ότι η συνεισφορά όλων αναγνωρίζεται και εκτιμάται",,
2480,16.0,I used to do 100 push ups every morning.,Έκανα 100 push ups κάθε πρωί,,
2483,1.0,Once I stepped into the room I could feel the bad energy.,Μόλις μπήκα στο δωμάτιο ένιωσα την κακή ενέργεια,,
2484,1.0,"When I was sad, I would browse eshops and buy things I did not need, then proceed to return them when they arrived.","Όταν ήμουν λυπημένος, έψαχνα σε eshop και αγόραζα πράγματα που δεν χρειαζόμουν και μετά προχωρούσα στην επιστροφή τους όταν έφταναν",,
2485,13.0,"Nobody wanted to start that project, but I talked to them and they changed their minds.","Κανείς δεν ήθελε να ξεκινήσει αυτό το έργο, αλλά μίλησα μαζί τους και άλλαξαν γνώμη",,
2486,5.0,"My partner didn't want to meet all those people, but I insisted.", αλλά εγώ επέμενα,,
2487,2.0,"I followed the instructions and requests of authority figures without question or hesitation, even when they didn't align with my own beliefs or values.",,"Ακολούθησα τις οδηγίες και τα αιτήματα των αξιωματούχων χωρίς αμφιβολία ή δισταγμό, ακόμη και όταν δεν ευθυγραμμίζονται με τις δικές μου πεποιθήσεις ή αξίες","Ακολούθησα τις οδηγίες και τα αιτήματα των αξιωματούχων χωρίς αμφιβολία ή δισταγμό, ακόμη και όταν δεν ευθυγραμμίζονταν με τις δικές μου πεποιθήσεις ή αξίες"
2489,8.0,I felt adrenaline coursing through my veins.,Ένιωσα την αδρεναλίνη να κυλάει στις φλέβες μου,,
2491,10.0,"As a full professor at this university, I teach specialised subjects and attend a lot of international conferences.","Ως τακτικός καθηγητής σε αυτό το πανεπιστήμιο, διδάσκω εξειδικευμένα θέματα και παρακολουθώ πολλά διεθνή συνέδρια",,
2494,13.0,I have always been a leadership type.,Ήμουν πάντα τύπος ηγεσίας,,
2495,14.0,I mocked them for their insecurities.,Τους κορόιδευα για τις ανασφάλειές τους,,
2496,16.0,I am persistent and can overcome even the toughest challenges.,,Είμαι επίμονος και μπορώ να ξεπεράσω ακόμα και τις πιο δύσκολες προκλήσεις,Είμαι επίμονη και μπορώ να ξεπεράσω ακόμα και τις πιο δύσκολες προκλήσεις
2497,13.0,I was always the one that took the responsibility for the group.,,Ήμουν πάντα αυτός που έπαιρνε την ευθύνη για την ομάδα,Ήμουν πάντα αυτή που έπαιρνε την ευθύνη για την ομάδα
2498,14.0,They told me I didn't behave like an adult.,Μου είπαν ότι δεν συμπεριφέρομαι σαν ενήλικας,,
2499,12.0,"They had to travel to come see our wedding, so I paid for their flight tickets.","Έπρεπε να ταξιδέψουν για να έρθουν να δουν τον γάμο μας, οπότε πλήρωσα τα αεροπορικά τους εισιτήρια",,
2500,6.0,I'm not built for hard physical work.,,Δεν είμαι φτιαγμένος για σκληρή σωματική εργασία,Δεν είμαι φτιαγμένη για σκληρή σωματική εργασία
2501,12.0,I secured a prosperous future for myself and my family.,Εξασφάλισα ένα ευημερούν μέλλον για μένα και την οικογένειά μου,,
2502,5.0,I loved talking to new people at the company event.,Μου άρεσε να μιλάω με νέους ανθρώπους στην εκδήλωση της εταιρείας,,
2503,16.0,I ran a marathon.,Έτρεξα έναν μαραθώνιο,,
2505,7.0,At one point I was even considering modelling.,Κάποια στιγμή σκεφτόμουν να ασχοληθώ με το μόντελινγκ,,
2506,11.0,"I researched different transportation options, comparing costs, travel times, and convenience factors.","Έρευνα διάφορες επιλογές μεταφοράς, συγκρίνοντας το κόστος, τους χρόνους ταξιδιού και τους παράγοντες ευκολίας",,
2507,15.0,I made a tinder account just to find people to have sex with.,Έκανα έναν λογαριασμό στο tinder μόνο και μόνο για να βρω ανθρώπους για να κάνω σεξ,,
2508,2.0,"I was trying to talk to her, because I saw, that she was upset about something.","Προσπαθούσα να της μιλήσω, γιατί είδα ότι ήταν αναστατωμένη για κάτι",,
2509,13.0,I like to be in charge.,Μου αρέσει να είμαι επικεφαλής,,
2510,11.0,I am aware of my shortcomings and try to work on them.,Γνωρίζω τα μειονεκτήματά μου και προσπαθώ να τα δουλέψω,,
2511,3.0,I sought to understand their experiences and emotions.,Έψαξα να καταλάβω τις εμπειρίες και τα συναισθήματά τους,,
2513,15.0,I preferred unprotected sex when I was younger.,,Προτιμούσα το σεξ χωρίς προστασία όταν ήμουν νεότερος,Προτιμούσα το σεξ χωρίς προστασία όταν ήμουν νεότερη
2514,2.0,I never ignored any rules.,Ποτέ δεν αγνόησα κανέναν κανόνα,,
2515,9.0,"I didn't know why she was talking to me, did she even know who I was?","Δεν ήξερα γιατί μου μιλούσε, ήξερε καν ποιος ήμουν",,
2516,1.0,"I like it when I have things under my control, otherwise, I go mad.","Μου αρέσει όταν έχω πράγματα υπό τον έλεγχό μου, διαφορετικά τρελαίνομαι",,
2517,3.0,Everyone was so exhausted so I offered to clean up.,"Όλοι ήταν τόσο εξαντλημένοι, οπότε προσφέρθηκα να καθαρίσω",,
2518,14.0,I didn't leave my room all weekend because I was playing computer games.,Δεν βγήκα από το δωμάτιό μου όλο το Σαββατοκύριακο επειδή έπαιζα παιχνίδια στον υπολογιστή,,
2519,11.0,I was good at analyzing situations objectively and coming up with practical solutions.,,Ήμουν καλός στο να αναλύω τις καταστάσεις αντικειμενικά και να βρίσκω πρακτικές λύσεις,Ήμουν καλή στο να αναλύω τις καταστάσεις αντικειμενικά και να βρίσκω πρακτικές λύσεις
2521,12.0,I didn't spend enough time with my kids when they were little because I was at work all the time.,Δεν περνούσα αρκετό χρόνο με τα παιδιά μου όταν ήταν μικρά γιατί ήμουν στη δουλειά όλη την ώρα,,
2522,16.0,"I am strong, I can lift very heavy objects.",,"Είμαι δυνατός, μπορώ να σηκώσω πολύ βαριά αντικείμενα","Είμαι δυνατή, μπορώ να σηκώσω πολύ βαριά αντικείμενα"
2523,11.0,I wished they wouldn't talk about conspiracy theories.,Μακάρι να μην μιλούσαν για θεωρίες συνωμοσίας,,
2524,7.0,I work out to look good.,Ασκούμαι για να φαίνομαι καλά,,
2525,10.0,I studied at a prestigious university abroad.,Σπούδασα σε ένα αναγνωρισμένο πανεπιστήμιο στο εξωτερικό,,
2526,10.0,I come to work always fully prepared.,,Έρχομαι στη δουλειά πάντα πλήρως προετοιμασμένος,Έρχομαι στη δουλειά πάντα πλήρως προετοιμασμένη
2527,6.0,I overexerted myself.,Έκανα υπερβολική προσπάθεια,,
2528,7.0,I would not mind paying for plastic surgery.,Δεν θα με πείραζε να πληρώσω για πλαστική επέμβαση,,
2530,3.0,"Let me bake the pie, I insisted.","Αφήστε με να ψήσω την πίτα, επέμεινα",,
2531,3.0,"They did not have their favourite ice cream, so I took the bus to the store outside of the town.","Δεν είχαν το αγαπημένο τους παγωτό, οπότε πήρα το λεωφορείο για το κατάστημα έξω από την πόλη",,
2533,9.0,I had a suit tailored to me.,Είχα ένα κοστούμι προσαρμοσμένο στα μέτρα μου,,
2534,7.0,"Nobody cared that I was talented, everybody kept talking about my looks.","Κανείς δεν νοιαζόταν που ήμουν ταλαντούχος, όλοι συνέχιζαν να μιλούν για την εμφάνισή μου",,
2535,3.0,"I was trying so hard to be a good partner, but sometimes things didn't work out.",,"Προσπαθούσα τόσο σκληρά να γίνω καλός σύντροφος, αλλά μερικές φορές τα πράγματα δεν πήγαιναν καλά","Προσπαθούσα τόσο σκληρά να γίνω καλή σύντροφος, αλλά μερικές φορές τα πράγματα δεν πήγαιναν καλά"
2536,4.0,"I aired the room, because it smelled bad.","Έβαλα αέρα στο δωμάτιο, γιατί μύριζε άσχημα",,
2537,1.0,I always take two steps back after I see a black cat cross the street.,Κάνω πάντα δύο βήματα πίσω όταν βλέπω μια μαύρη γάτα να διασχίζει το δρόμο,,
2539,15.0,I was frustrated when I was unable to satisfy my sexual needs.,Απογοητεύτηκα όταν δεν μπορούσα να ικανοποιήσω τις σεξουαλικές μου ανάγκες,,
2541,12.0,I have given my children the best I could.,"Έδωσα στα παιδιά μου ό,τι καλύτερο μπορούσα",,
2543,2.0,I never wanted to be in the center of attention.,Ποτέ δεν ήθελα να είμαι στο επίκεντρο της προσοχής,,
2546,7.0,I spent an hour trying to take a perfect selfie.,Πέρασα μια ώρα προσπαθώντας να βγάλω μια τέλεια selfie,,
2547,4.0,I should clean my office.,Πρέπει να καθαρίσω το γραφείο μου,,
2549,15.0,I'm always ready to have sex.,,Είμαι πάντα έτοιμος να κάνω σεξ,Είμαι πάντα έτοιμη να κάνω σεξ
2550,16.0,"I told them not to bring the scissors, because I could easily rip it off.","Τους είπα να μην φέρουν το ψαλίδι, γιατί θα μπορούσα εύκολα να το σκίσω",,
2551,6.0,"I participated in a sprint race, but my legs grew weak towards the end.","Συμμετείχα σε έναν αγώνα σπριντ, αλλά τα πόδια μου αδυνάτισαν προς το τέλος",,
2552,5.0,I asked them if I could come along.,Τους ρώτησα αν μπορούσα να έρθω,,
2553,5.0,I would like to have a big family in the future so that we always have a full and noisy house.,"Θα ήθελα να έχω μια μεγάλη οικογένεια στο μέλλον, ώστε να έχουμε πάντα ένα γεμάτο και θορυβώδες σπίτι",,
2554,13.0,I was the youngest CEO in the history of the company.,Ήμουν ο νεότερος Διευθύνων Σύμβουλος στην ιστορία της εταιρείας,,
2555,6.0,I thought this was beyond my physical abilities.,Νόμιζα ότι αυτό ήταν πέρα ​​από τις φυσικές μου ικανότητες,,
2556,7.0,I'm good at combining colours and patterns on clothes.,,Είμαι καλός στο να συνδυάζω χρώματα και σχέδια στα ρούχα,Είμαι καλή στο να συνδυάζω χρώματα και σχέδια στα ρούχα
2557,11.0,I used a budgeting app to track my expenses.,Χρησιμοποιούσα μια εφαρμογή προϋπολογισμού για να παρακολουθώ τα έξοδά μου,,
2558,6.0,"I wanted to dig up the treasure, but I needed more people.","Ήθελα να σκάψω τον θησαυρό, αλλά χρειαζόμουν περισσότερους ανθρώπους",,
2559,12.0,I invited my colleague for lunch.,Κάλεσα τον συνάδελφό μου για μεσημεριανό γεύμα,,
2560,15.0,I like to experiment in bed.,Μου αρέσει να πειραματίζομαι στο κρεβάτι,,
2564,2.0,"I preferred to dress in neutral colours, so I didn't stand out from the crowd.","Προτίμησα να ντυθώ σε ουδέτερα χρώματα, οπότε δεν ξεχώρισα από το πλήθος",,
2565,14.0,I had a huge Marvel poster in my room.,Είχα μια τεράστια αφίσα της Marvel στο δωμάτιό μου,,
2567,10.0,I'm no beginner to being annoyed because of little things like that.,Δεν είμαι αρχάριος στο να ενοχλούμαι εξαιτίας μικρών πραγμάτων όπως αυτό,,
2569,8.0,"I don't keep my money in a safe, because robbers don't scare me.","Δεν κρατάω τα χρήματά μου σε χρηματοκιβώτιο, γιατί οι ληστές δεν με τρομάζουν",,
2572,4.0,I spent a lot of money on cosmetics.,Ξόδεψα πολλά χρήματα σε καλλυντικά,,
2573,13.0,I was keen to avoid any mistakes in the production process.,,Ήμουν πρόθυμος να αποφύγω τυχόν λάθη στη διαδικασία παραγωγής,Ήμουν πρόθυμη να αποφύγω τυχόν λάθη στη διαδικασία παραγωγής
2574,1.0,"When I didn't get what I wanted, I was angry.","Όταν δεν πήρα αυτό που ήθελα, θύμωσα",,
2575,8.0,"I had to take that opportunity, even if there was a risk of losing money.","Έπρεπε να εκμεταλλευτώ αυτή την ευκαιρία, ακόμα κι αν υπήρχε κίνδυνος να χάσω χρήματα",,
2576,9.0,I was never camera-shy.,,Ποτέ δεν ήμουν ντροπαλός για την κάμερα,Ποτέ δεν ήμουν ντροπαλή για την κάμερα
2580,1.0,I get sad whenever I have to leave the house and leave the dog alone.,Λυπάμαι κάθε φορά που πρέπει να φύγω από το σπίτι και να αφήσω το σκύλο μόνο του,,
2581,11.0,I realised that in critical situations one has to think that every problem has a solution.,Συνειδητοποίησα ότι σε κρίσιμες καταστάσεις πρέπει να σκεφτεί κανείς ότι κάθε πρόβλημα έχει μια λύση,,
2582,11.0,I trusted the scientific report.,Εμπιστεύτηκα την επιστημονική έκθεση,,
2583,13.0,"I led volunteering teams, coordinating efforts and motivating others to join in.","Ηγούσα ομάδες εθελοντών, συντονίζοντας τις προσπάθειες και παρακινώντας άλλους να συμμετάσχουν",,
2586,12.0,I am the breadwinner of this family.,Είμαι ο τροφοδότης αυτής της οικογένειας,,
2588,2.0,I like to create a harmonious environment for my family.,Μου αρέσει να δημιουργώ ένα αρμονικό περιβάλλον για την οικογένειά μου,,
2589,13.0,They came to me and told me I inspired them to take steps for their future careers.,Ήρθαν σε μένα και μου είπαν ότι τους ενέπνευσα να κάνουν βήματα για τη μελλοντική τους καριέρα,,
2590,11.0,I have never taken the words of angry people personally.,Ποτέ δεν πήρα προσωπικά τα λόγια θυμωμένων ανθρώπων,,
2592,3.0,I took the children to the football match.,Πήρα τα παιδιά στον ποδοσφαιρικό αγώνα,,
2593,12.0,"I decided that even though I was working a lot, I would try to spend as much time as possible with my son.","Αποφάσισα ότι παρόλο που δούλευα πολύ, θα προσπαθούσα να περνώ όσο περισσότερο χρόνο μπορούσα με τον γιο μου",,
2594,10.0,I showed diligence in my commitment to self-improvement and a willingness to learn from others.,Έδειξα επιμέλεια στη δέσμευσή μου για αυτοβελτίωση και προθυμία να μάθω από τους άλλους,,
2595,13.0,I was the class president.,Ήμουν ο πρόεδρος της τάξης,,
2599,13.0,"As a role model for integrity and accountability, I inspired those around me to do the same.","Ως πρότυπο ακεραιότητας και υπευθυνότητας, ενέπνευσα τους γύρω μου να κάνουν το ίδιο",,
2600,5.0,I had a big wedding with many guests.,Είχα έναν μεγάλο γάμο με πολλούς καλεσμένους,,
2601,2.0,I let them take advantage of my kindness.,Τους άφησα να εκμεταλλευτούν την καλοσύνη μου,,
2602,15.0,I always said that sex is very important for me.,Πάντα έλεγα ότι το σεξ είναι πολύ σημαντικό για μένα,,
2603,3.0,I have deep and meaningful connections with others because I can be empathetic.,Έχω βαθιές και ουσιαστικές σχέσεις με τους άλλους γιατί μπορώ να έχω ενσυναίσθηση,,
2604,12.0,"If I didn't earn enough, my family wouldn't have anything to eat.","Αν δεν κέρδιζα αρκετά, η οικογένειά μου δεν θα είχε τίποτα να φάει",,
2605,2.0,"When I was at university, I preferred to sit in the corner, where nobody could notice me.","Όταν ήμουν στο πανεπιστήμιο, προτιμούσα να καθίσω στη γωνία, όπου κανείς δεν μπορούσε να με προσέξει",,
2606,8.0,"I broke my arm, but I finished the marathon.","Έσπασα το χέρι μου, αλλά τελείωσα τον μαραθώνιο",,
2607,12.0,I earned enough money for us to go to Malta.,Κέρδισα αρκετά χρήματα για να πάμε στη Μάλτα,,
2608,13.0,I try to be an inspiring and motivating boss.,Προσπαθώ να είμαι αφεντικό που εμπνέει και δίνει κίνητρο,,
2609,2.0,"I avoided expressing my true emotions or concerns, fearing that it would upset or displease others.",,"Απέφυγα να εκφράσω τα αληθινά μου συναισθήματα ή ανησυχίες, φοβούμενος ότι θα αναστατώσει ή θα δυσαρεστήσει τους άλλους","Απέφυγα να εκφράσω τα αληθινά μου συναισθήματα ή ανησυχίες, φοβούμενη ότι θα αναστατώσει ή θα δυσαρεστήσει τους άλλους"
2610,15.0,I paid for another porn channel.,Πλήρωσα για ένα άλλο κανάλι πορνό,,
2611,11.0,I approached challenges with a clear and rational mindset.,Προσέγγισα τις προκλήσεις με σαφή και ορθολογική νοοτροπία,,
2612,13.0,I told them to follow me.,Τους είπα να με ακολουθήσουν,,
2613,3.0,"I put myself in the shoes of a coworker who made a mistake, offering understanding and encouragement instead of criticism or judgment.","Έβαλα τον εαυτό μου στη θέση ενός συναδέλφου που έκανε λάθος, προσφέροντας κατανόηση και ενθάρρυνση αντί για κριτική ή κρίση",,
2614,1.0,I couldn't control my frustration.,Δεν μπορούσα να ελέγξω την απογοήτευσή μου,,
2616,7.0,I am very attractive.,,Είμαι πολύ ελκυστικός,Είμαι πολύ ελκυστική
2618,3.0,I have always felt that childcare was my life goal.,Πάντα ένιωθα ότι η φροντίδα των παιδιών ήταν ο στόχος της ζωής μου,,
2619,11.0,I didn't need your support.,Δεν χρειαζόμουν την υποστήριξή σου,,
2620,7.0,Why did I have to get old?!,Γιατί έπρεπε να γεράσω,,
2621,5.0,"I wished the gig would never end, there were so many nice people everywhere.","Εύχομαι η συναυλία να μην τελειώσει ποτέ, υπήρχαν τόσοι πολλοί ωραίοι άνθρωποι παντού",,
2622,15.0,"I didn't like our sex, but I didn't say anything.","Δεν μου άρεσε το σεξ μας, αλλά δεν είπα τίποτα",,
2623,6.0,It was hard for me to admit that I needed a hand.,Μου ήταν δύσκολο να παραδεχτώ ότι χρειαζόμουν ένα χέρι,,
2626,4.0,I would feel incompetent if I paid a cleaning lady.,,Θα ένιωθα ανίκανος αν πλήρωνα μια καθαρίστρια,Θα ένιωθα ανίκανη αν πλήρωνα μια καθαρίστρια
2627,2.0,I would never allow myself to offend anyone.,Δεν θα επέτρεπα ποτέ στον εαυτό μου να προσβάλει κανέναν,,
2628,1.0,"I had this weird feeling, so I called my parents right away to see if they were okay.","Είχα αυτό το περίεργο συναίσθημα, οπότε τηλεφώνησα αμέσως στους γονείς μου για να δω αν είναι καλά",,
2633,4.0,I cleaned the house yesterday and now it's a mess again.,,Καθάρισα το σπίτι χθες και τώρα είναι πάλι χάος,καθάρισα το σπίτι χθες και τώρα είναι πάλι χάος
2634,6.0,I am tired after walking for ten minutes.,,Είμαι κουρασμένος μετά από δέκα λεπτά περπάτημα,Είμαι κουρασμένη μετά από δέκα λεπτά περπάτημα
2635,16.0,I stopped the pickpocket and held him until the police came.,Σταμάτησα τον πορτοφολέα και τον κράτησα μέχρι να έρθει η αστυνομία,,
2636,2.0,"If I had been there, the atmosphere would have been better.","Αν ήμουν εκεί, η ατμόσφαιρα θα ήταν καλύτερη",,
2637,12.0,I didn't need your financial help!,Δεν χρειαζόμουν την οικονομική σας βοήθεια,,
2638,2.0,"I should be thoughtful, because that's what's expected of me.",,"Θα έπρεπε να είμαι προσεκτικός, γιατί αυτό είναι που περιμένουν από εμένα","Θα έπρεπε να είμαι προσεκτική, γιατί αυτό είναι που περιμένουν από εμένα"
2639,7.0,"Sorry, I could have come but I was having a really bad hair day.","Συγγνώμη, θα μπορούσα να έρθω αλλά είχα μια πολύ άσχημη μέρα για τα μαλλιά μου",,
2640,2.0,I have a habit of going along with what other people want.,Έχω τη συνήθεια να ακολουθώ αυτό που θέλουν οι άλλοι,,
2641,14.0,I'd rather have everything right away.,Προτιμώ να τα έχω όλα αμέσως,,
2644,8.0,I could lift that car if I wanted to.,Θα μπορούσα να σηκώσω αυτό το αυτοκίνητο αν ήθελα,,
2645,6.0,"When I was little, I wanted to be an athlete, but my parents signed me up for ballet instead.",,"Όταν ήμουν μικρός, ήθελα να γίνω αθλητής, αλλά οι γονείς μου με έγραψαν για μπαλέτο","Όταν ήμουν μικρή, ήθελα να γίνω αθλητής, αλλά οι γονείς μου με έγραψαν για μπαλέτο"
2648,9.0,Despite the criticism I thought I did well.,"Παρά την κριτική, νόμιζα ότι τα πήγα καλά",,
2649,14.0,I could not cook because it was my mother's job.,Δεν μπορούσα να μαγειρέψω γιατί ήταν δουλειά της μητέρας μου,,
2650,10.0,"As a pilot, I ensured the safety of passengers and crew by adhering to rigorous protocols.","Ως πιλότος, εξασφάλισα την ασφάλεια των επιβατών και του πληρώματος τηρώντας αυστηρά πρωτόκολλα",,
2652,3.0,I was raised to know how to take care of others.,Μεγάλωσα για να ξέρω πώς να φροντίζω τους άλλους,,
2653,16.0,"Since I've been doing this sport, I'm much more balanced.",,"Από τότε που κάνω αυτό το άθλημα, είμαι πολύ πιο ισορροπημένος","Από τότε που κάνω αυτό το άθλημα, είμαι πολύ πιο ισορροπημένη"
2656,4.0,I was the first one at the library.,Ήμουν ο πρώτος στη βιβλιοθήκη,,
2657,5.0,I like to throw parties for my kids because we always have a house full of people.,Μου αρέσει να κάνω πάρτι για τα παιδιά μου γιατί έχουμε πάντα ένα σπίτι γεμάτο κόσμο,,
2658,11.0,I remained composed although the situation escalated.,,"Έμεινα συγκρατημένος, αν και η κατάσταση κλιμακώθηκε","Έμεινα συγκρατημένη, αν και η κατάσταση κλιμακώθηκε"
2659,10.0,I'm an expert in my field.,Είμαι ειδικός στον τομέα μου,,
2660,15.0,"I had enough romance, I wanted something more intimate.","Είχα αρκετό ρομαντισμό, ήθελα κάτι πιο οικείο",,
2661,9.0,I could easily seduce you at the bar.,Θα μπορούσα εύκολα να σε αποπλανήσω στο μπαρ,,
2663,13.0,I am able to see the big picture of where the organisation is heading.,Μπορώ να δω τη μεγάλη εικόνα για το πού οδεύει η οργάνωση,,
2664,7.0,Finally the beauty catalogue that I ordered has arrived.,Επιτέλους έφτασε ο κατάλογος ομορφιάς που παρήγγειλα,,
2666,15.0,I was just protecting you from other people at that club.,Απλώς σε προστάτευα από άλλους ανθρώπους σε εκείνο το κλαμπ,,
2667,13.0,I divided the tasks equally among all the team members.,Μοίρασα τις εργασίες εξίσου σε όλα τα μέλη της ομάδας,,
2668,2.0,I like to just smile at someone because I believe it will make their day better.,Μου αρέσει να χαμογελάω σε κάποιον γιατί πιστεύω ότι θα κάνει τη μέρα του καλύτερη,,
2669,16.0,"As I effortlessly lifted the heavy box, the surprised expressions on others' faces made me smile.","Καθώς σήκωνα αβίαστα το βαρύ κουτί, οι έκπληκτες εκφράσεις στα πρόσωπα των άλλων με έκαναν να χαμογελάσω",,
2671,2.0,I would never be able to cheat.,Δεν θα μπορούσα ποτέ να απατήσω,,
2673,7.0,I like to read fashion magazines.,Μου αρέσει να διαβάζω περιοδικά μόδας,,
2674,5.0,I could strike up a conversation with almost everybody that evening.,Θα μπορούσα να ξεκινήσω μια συζήτηση με σχεδόν όλους εκείνο το βράδυ,,
2675,9.0,I have worked hard to get to where I am today.,Έχω δουλέψει σκληρά για να φτάσω εδώ που είμαι σήμερα,,
2679,15.0,I struggled to strike a balance between my sexual desires and other important aspects of life.,Πάλεψα να βρω μια ισορροπία μεταξύ των σεξουαλικών μου επιθυμιών και άλλων σημαντικών πτυχών της ζωής,,
2681,8.0,I learned how to drive before I was even allowed to.,Έμαθα να οδηγώ πριν καν μου το επιτρέψουν,,
2683,10.0,I never stressed about work responsibilities because I knew that I could handle anything.,Ποτέ δεν αγχώθηκα για τις επαγγελματικές υποχρεώσεις γιατί ήξερα ότι μπορούσα να διαχειριστώ τα πάντα,,
2684,1.0,I always liked dancing.,Πάντα μου άρεσε ο χορός,,
2686,3.0,I feel fulfilled when I can take care of everybody in the house.,Αισθάνομαι πλήρης όταν μπορώ να φροντίζω όλους στο σπίτι,,
2687,11.0,I read a book about self-improvement yesterday.,Διάβασα ένα βιβλίο για την αυτοβελτίωση χθες,,
2688,6.0,I haven't carried cash with me since I was robbed.,Δεν έχω κουβαλήσει μετρητά μαζί μου από τότε που με έκλεψαν,,
2689,7.0,I used to enjoy being able to simply use my smile to achieve things.,Μου άρεσε να μπορώ απλώς να χρησιμοποιώ το χαμόγελό μου για να πετύχω πράγματα,,
2690,10.0,I'm very competitive when it comes to promotions and performance in the workplace.,,Είμαι πολύ ανταγωνιστικός όσον αφορά τις προαγωγές και τις επιδόσεις στο χώρο εργασίας,Είμαι πολύ ανταγωνιστική όσον αφορά τις προαγωγές και τις επιδόσεις στο χώρο εργασίας
2692,14.0,I like extreme sports even though they are really dangerous.,Μου αρέσουν τα extreme sports παρόλο που είναι πραγματικά επικίνδυνα,,
2693,11.0,I ordered them to stop praying and start helping.,Τους διέταξα να σταματήσουν να προσεύχονται και να αρχίσουν να βοηθούν,,
2694,5.0,I never had a problem with learning a new language.,Ποτέ δεν είχα πρόβλημα με την εκμάθηση μιας νέας γλώσσας,,
2695,1.0,I got overwhelmed with sadness.,Με κυρίευσε η λύπη,,
2696,1.0,I felt it in my gut.,Το ένιωσα στο έντερο μου,,
2698,8.0,"When the tsunami came, I volunteered to save people from drowning.","Όταν ήρθε το τσουνάμι, προσφέρθηκα να σώσω ανθρώπους από πνιγμό",,
2699,4.0,I used to clean the house every Saturday.,καθάριζα το σπίτι κάθε Σάββατο,,
2700,16.0,"Since I've been eating more protein, I feel much stronger.",,"Αφού έτρωγα περισσότερη πρωτεΐνη, νιώθω πολύ πιο δυνατός","Αφού έτρωγα περισσότερη πρωτεΐνη, νιώθω πολύ πιο δυνατή"
2701,13.0,I am able to compete with anyone.,Είμαι σε θέση να ανταγωνιστώ οποιονδήποτε,,
2702,12.0,I had to work even over Christmas to earn as much money as possible.,,Έπρεπε να δουλέψω ακόμα και τα Χριστούγεννα για να κερδίσω όσο το δυνατόν περισσότερα χρήματα,Έπρεπε να δουλέψω ακόμη και τα Χριστούγεννα για να κερδίσω όσο το δυνατόν περισσότερα χρήματα
2705,7.0,"Some people hate accessories, but I like wearing them.","Μερικοί άνθρωποι μισούν τα αξεσουάρ, αλλά μου αρέσει να τα φοράω",,
2707,7.0,I found a nice picture of myself easily.,Βρήκα εύκολα μια ωραία εικόνα του εαυτού μου,,
2708,1.0,I overreacted.,Αντέδρασα υπερβολικά,,
2711,10.0,I never let my family affect my profession.,Ποτέ δεν άφησα την οικογένειά μου να επηρεάσει το επάγγελμά μου,,
2712,1.0,I decided to change my plans for no reason.,Αποφάσισα να αλλάξω τα σχέδιά μου χωρίς λόγο,,
2713,4.0,I reviewed the paper three times until there were no typos.,Εξέτασα το χαρτί τρεις φορές μέχρι να μην υπάρξουν τυπογραφικά λάθη,,
2714,11.0,I wanted to discuss the current political situation with you.,Ήθελα να συζητήσω την τρέχουσα πολιτική κατάσταση μαζί σου,,
2715,10.0,I didn't like losing time and started working immediately.,Δεν μου άρεσε να χάνω χρόνο και άρχισα να δουλεύω αμέσως,,
2716,3.0,I have never left home without making sure that everybody has something to eat first.,Ποτέ δεν έφυγα από το σπίτι χωρίς να βεβαιωθώ ότι όλοι έχουν κάτι να φάνε πρώτα,,
2717,15.0,I never thought we could only stay friends.,Ποτέ δεν πίστευα ότι θα μπορούσαμε να μείνουμε μόνο φίλοι,,
2718,12.0,I didn't like when my partner earned more than me.,Δεν μου άρεσε όταν ο σύντροφός μου κέρδιζε περισσότερα από εμένα,,
2719,16.0,"I hauled heavy loads, it was my job and I liked it.","Μεταφέρω βαριά φορτία, ήταν η δουλειά μου και μου άρεσε",,
2720,8.0,"I liked hiking in harsh weather when I was younger, then I got frostbite and lost my toe.",,"Μου άρεσε να κάνω πεζοπορία σε δύσκολες καιρικές συνθήκες όταν ήμουν νεότερος, μετά κρυολόγησα και έχασα το δάχτυλο του ποδιού μου","Μου άρεσε να κάνω πεζοπορία σε δύσκολες καιρικές συνθήκες όταν ήμουν νεότερη, μετά κρυολόγησα και έχασα το δάχτυλο του ποδιού μου"
2721,1.0,"I knew they had something against me, although I had no proof.","Ήξερα ότι είχαν κάτι εναντίον μου, αν και δεν είχα αποδείξεις",,
2722,13.0,I didn't accept any position but that of a boss.,Δεν αποδέχτηκα καμία θέση εκτός από αυτή του αφεντικού,,
2723,6.0,"I lost my job and the reason was that I couldn't handle stress, but I can.","Έχασα τη δουλειά μου και ο λόγος ήταν ότι δεν μπορούσα να διαχειριστώ το άγχος, αλλά μπορώ",,
2724,6.0,"If I had to choose between working the body or working the mind, I'd choose the mind.","Αν έπρεπε να διαλέξω μεταξύ του να δουλεύω το σώμα ή να δουλεύω το μυαλό, θα διάλεγα το μυαλό",,
2725,10.0,I worked hard to maintain my position.,,δούλεψα σκληρά για να διατηρήσω τη θέση μου,Δούλεψα σκληρά για να διατηρήσω τη θέση μου
2726,9.0,"I had no doubts, I was certain that they liked me.",,"Δεν είχα καμία αμφιβολία, ήμουν σίγουρος ότι τους άρεσε","Δεν είχα καμία αμφιβολία, ήμουν σίγουρη ότι τους άρεσε"
2728,11.0,I took some days to think over the offer.,Πήρα μερικές μέρες για να σκεφτώ την προσφορά,,
2729,7.0,I could never leave the airport without first checking all the fragrances first.,Δεν θα μπορούσα ποτέ να φύγω από το αεροδρόμιο χωρίς πρώτα να ελέγξω πρώτα όλα τα αρώματα,,
2730,8.0,I always protected my relatives no matter what.,"Πάντα προστάτευα τους συγγενείς μου, ό,τι κι αν γινόταν",,
2731,13.0,I think my co-worker is an excellent leader.,Νομίζω ότι ο συνάδελφός μου είναι εξαιρετικός ηγέτης,,
2735,14.0,I could not concentrate and had to constantly play with something because the job was boring.,Δεν μπορούσα να συγκεντρωθώ και έπρεπε να παίζω συνεχώς με κάτι γιατί η δουλειά ήταν βαρετή,,
2737,7.0,I feel social pressure to look beautiful.,Νιώθω κοινωνική πίεση για να φαίνομαι όμορφη,,
2738,10.0,I was promoted because I have good communication skills.,Πήρα προαγωγή γιατί έχω καλές επικοινωνιακές δεξιότητες,,
2739,15.0,I joined a university study because they were looking for sexually active people.,Έγινα μέλος μιας πανεπιστημιακής μελέτης γιατί έψαχναν για σεξουαλικά ενεργούς ανθρώπους,,
2740,6.0,There were just too many obstacles so I had to give up.,"Υπήρχαν πάρα πολλά εμπόδια, οπότε έπρεπε να τα παρατήσω",,
2741,14.0,"To avoid having to wash dishes, I bought a plastic one.","Για να μην χρειαστεί να πλύνω πιάτα, αγόρασα ένα πλαστικό",,
2742,7.0,I got approached by some model agency.,Με πλησίασε κάποιο πρακτορείο μοντέλων,,
2743,3.0,I pitied the beggar and gave him money.,Λυπήθηκα τον ζητιάνο και του έδωσα χρήματα,,
2745,10.0,I always did something extra although my job didn't require it.,"Πάντα έκανα κάτι επιπλέον, αν και η δουλειά μου δεν το απαιτούσε",,
2746,1.0,I wish I could think more rationally.,Μακάρι να μπορούσα να σκεφτώ πιο λογικά,,
2747,3.0,"When it came to tears, my heart softened and I accepted the apology.","Όταν ήρθαν τα κλάματα, η καρδιά μου μαλάκωσε και δέχτηκα τη συγγνώμη",,
2749,16.0,I always like physical jobs.,Πάντα μου αρέσουν οι σωματικές δουλειές,,
2753,14.0,I like to build sand castles at the beach.,Μου αρέσει να χτίζω κάστρα από άμμο στην παραλία,,
2755,6.0,I had trouble keeping up with the pace of a fitness class.,Δυσκολεύτηκα να συμβαδίσω με τον ρυθμό ενός μαθήματος γυμναστικής,,
2756,1.0,"I allowed my anxiety to control my actions, avoiding certain situations.","Επέτρεψα στο άγχος μου να ελέγξει τις πράξεις μου, αποφεύγοντας ορισμένες καταστάσεις",,
2757,4.0,We didn't need a cleaning lady because I liked to be in charge of cleaning the house.,,Δεν χρειαζόμασταν καθαρίστρια γιατί μου άρεσε να είμαι υπεύθυνος για τον καθαρισμό του σπιτιού,Δεν χρειαζόμασταν καθαρίστρια γιατί μου άρεσε να είμαι υπεύθυνη για τον καθαρισμό του σπιτιού
2759,11.0,I never considered going to therapy.,Ποτέ δεν σκέφτηκα να πάω σε θεραπεία,,
2760,3.0,I actively engaged with a team member who was experiencing difficulty at work.,Ασχολήθηκα ενεργά με ένα μέλος της ομάδας που αντιμετώπιζε δυσκολίες στη δουλειά,,
2762,6.0,I couldn't donate blood because I didn't meet the minimum weight requirement.,Δεν μπορούσα να δώσω αίμα γιατί δεν πληρούσα το ελάχιστο απαιτούμενο βάρος,,
2763,3.0,I like to take care of our pets.,Μου αρέσει να φροντίζω τα κατοικίδιά μας,,
2764,15.0,Last night I turned into a beast.,Χθες το βράδυ έγινα θηρίο,,
2765,6.0,"I had to cancel the neighbourhood barbeque because nobody helped me with cleaning the grill, and I could not do it on my own.",,Έπρεπε να ακυρώσω το μπάρμπεκιου της γειτονιάς γιατί κανείς δεν με βοήθησε να καθαρίσω τη ψησταριά και δεν μπορούσα να το κάνω μόνος μου,Έπρεπε να ακυρώσω το μπάρμπεκιου της γειτονιάς γιατί κανείς δεν με βοήθησε να καθαρίσω τη ψησταριά και δεν μπορούσα να το κάνω μόνη μου
2766,10.0,I am the manager of this bank.,Είμαι ο διευθυντής αυτής της τράπεζας,,
2767,2.0,I frequently sought reassurance and validation from others.,Συχνά αναζήτησα επιβεβαίωση και επικύρωση από άλλους,,
2768,16.0,I assembled the furniture on my own.,,Μονάλωσα τα έπιπλα μόνος μου,Μονάλωσα τα έπιπλα μόνη μου
2769,1.0,I made the same mistake despite the obvious signs.,Έκανα το ίδιο λάθος παρά τα εμφανή σημάδια,,
2770,11.0,I hated art subjects at school.,Μισούσα τα μαθήματα τέχνης στο σχολείο,,
2772,9.0,I'm aware of my qualities.,Έχω επίγνωση των ιδιοτήτων μου,,
2773,15.0,I wanted to kiss them both.,Ήθελα να τους φιλήσω και τους δύο,,
2775,16.0,I had no problem with climbing that hill.,Δεν είχα κανένα πρόβλημα με το να σκαρφαλώσω σε αυτόν τον λόφο,,
2776,7.0,I would prefer not to eat than to wear something ugly.,Θα προτιμούσα να μην φάω παρά να φορέσω κάτι άσχημο,,
2777,4.0,I established a cleaning routine and adhered to it.,Έχω καθιερώσει μια ρουτίνα καθαρισμού και την τήρησα,,
2779,2.0,I could never stand up for myself.,Δεν μπόρεσα ποτέ να υπερασπιστώ τον εαυτό μου,,
2780,8.0,I did it even though it was risky.,Το έκανα παρόλο που ήταν επικίνδυνο,,
2781,6.0,I couldn't do it with my bare hands.,Δεν μπορούσα να το κάνω με γυμνά χέρια,,
2782,10.0,"As a pharmacist, I ensured compliance with regulatory guidelines.","Ως φαρμακοποιός, διασφάλισα τη συμμόρφωση με τις κανονιστικές οδηγίες",,
2783,5.0,I love team sports so I was really sad that I could not join the volleyball team.,"Λατρεύω τα ομαδικά αθλήματα, γι' αυτό στεναχωρήθηκα πολύ που δεν μπόρεσα να συμμετάσχω στην ομάδα βόλεϊ",,
2784,14.0,I don't like to read books because they're boring.,Δεν μου αρέσει να διαβάζω βιβλία γιατί είναι βαρετά,,
2785,1.0,I could not hold back the tears.,Δεν μπορούσα να συγκρατήσω τα δάκρυα,,
2787,14.0,I like to have the best mobile on the market.,Μου αρέσει να έχω το καλύτερο κινητό στην αγορά,,
2789,15.0,I always thought that it was healthy to have multiple partners.,Πάντα πίστευα ότι ήταν υγιές να έχεις πολλούς συντρόφους,,
2790,11.0,I'm not very good at showing my emotions.,,Δεν είμαι πολύ καλός στο να δείχνω τα συναισθήματά μου,Δεν είμαι πολύ καλή στο να δείχνω τα συναισθήματά μου
2793,8.0,I had a lot of experience with various drugs.,Είχα μεγάλη εμπειρία με διάφορα ναρκωτικά,,
2794,3.0,I like to spend time with children because they have great ideas and opinions.,Μου αρέσει να περνάω χρόνο με τα παιδιά γιατί έχουν υπέροχες ιδέες και απόψεις,,
2795,7.0,I changed my hair color according to the latest fashion.,Άλλαξα το χρώμα των μαλλιών μου σύμφωνα με την τελευταία λέξη της μόδας,,
2798,10.0,"In a business meeting, I actively listened to my colleagues and responded to their proposals with relevant comments.","Σε μια επαγγελματική συνάντηση, άκουσα ενεργά τους συναδέλφους μου και απάντησα στις προτάσεις τους με σχετικά σχόλια",,
2799,8.0,I did not need to ask for help.,Δεν χρειαζόταν να ζητήσω βοήθεια,,
2800,1.0,I performed a series of rituals before an important event.,Έκανα μια σειρά από τελετουργίες πριν από ένα σημαντικό γεγονός,,
2803,7.0,I thought about starting my own vlog about fashion.,Σκέφτηκα να ξεκινήσω το δικό μου vlog για τη μόδα,,
2804,2.0,When the deadline was approaching I just decided to share my answers with them.,"Όταν πλησίαζε η προθεσμία, απλώς αποφάσισα να μοιραστώ τις απαντήσεις μου μαζί τους",,
2806,12.0,I increased my earning potential to provide better financial support for my family.,Αύξησα τις δυνατότητες κερδών μου για να παρέχω καλύτερη οικονομική υποστήριξη στην οικογένειά μου,,
2807,14.0,"If I had known how boring university was, I would never have gone to it.","Αν ήξερα πόσο βαρετό ήταν το πανεπιστήμιο, δεν θα είχα πάει ποτέ σε αυτό",,
2808,5.0,I was with my friend who couldn't stop talking.,Ήμουν με τον φίλο μου που δεν μπορούσε να σταματήσει να μιλάει,,
2809,16.0,"When the building was in flames, I carried buckets of water all night.","Όταν το κτίριο ήταν στις φλόγες, κουβαλούσα κουβάδες με νερό όλη τη νύχτα",,
2811,10.0,I never stopped learning.,Δεν σταμάτησα ποτέ να μαθαίνω,,
2815,1.0,"I burst into tears at work after receiving a slightly critical email, even though I knew it was an overreaction and not worth getting so upset about.","Ξέσπασα σε κλάματα στη δουλειά αφού έλαβα ένα ελαφρώς επικριτικό email, παρόλο που ήξερα ότι ήταν υπερβολική αντίδραση και δεν άξιζε να εκνευρίζομαι τόσο",,
2817,7.0,I followed a lot of beauty influencers on social media.,Ακολούθησα πολλούς beauty influencers στα social media,,
2819,2.0,I never thought I'd be the one to turn him in to the police.,,Ποτέ δεν πίστευα ότι θα ήμουν αυτός που θα τον παρέδιδε στην αστυνομία,Ποτέ δεν πίστευα ότι θα ήμουν αυτή που θα τον παρέδιδε στην αστυνομία
2820,14.0,I went to see the new Lego movie and I think I was the only adult in the whole cinema.,Πήγα να δω τη νέα ταινία Lego και νομίζω ότι ήμουν ο μόνος ενήλικας σε ολόκληρο τον κινηματογράφο,,
2821,16.0,"I didn't want to get into a fight, but someone had to show them where their place was.","Δεν ήθελα να τσακωθώ, αλλά κάποιος έπρεπε να τους δείξει πού ήταν η θέση τους",,
2822,11.0,I assessed the risk and decided it was not worth it.,Εξέτασα τον κίνδυνο και αποφάσισα ότι δεν άξιζε τον κόπο,,
2823,6.0,"I don't want to go with you if you're driving, you are a horrible driver.","Δεν θέλω να πάω μαζί σου αν οδηγείς, είσαι φρικτός οδηγός",,
2825,3.0,"Out of every paycheck, I chose to send a portion of the money to someone because they need it more than I do.","Από κάθε μισθό, επέλεξα να στείλω ένα μέρος των χρημάτων σε κάποιον επειδή το χρειάζονται περισσότερο από εμένα",,
2828,10.0,I gave a keynote speech at a conference.,Έδωσα μια κεντρική ομιλία σε ένα συνέδριο,,
2829,10.0,I like to make a good first impression.,Μου αρέσει να κάνω μια καλή πρώτη εντύπωση,,
2830,11.0,I have never cared about what others think.,Ποτέ δεν με ενδιέφερε τι σκέφτονται οι άλλοι,,
2831,12.0,I took on an extra shift.,ανέλαβα μια επιπλέον βάρδια,,
2832,2.0,I like to go for walks in the park and listen to the birds.,Μου αρέσει να πηγαίνω βόλτες στο πάρκο και να ακούω τα πουλιά,,
2834,4.0,I spent the whole night baking this cake.,Πέρασα όλη τη νύχτα ψήνοντας αυτό το κέικ,,
2837,2.0,"I wondered how long this meeting would last, but I kept silent.","Αναρωτήθηκα πόσο θα διαρκούσε αυτή η συνάντηση, αλλά σιώπησα",,
2838,14.0,I did not take the medicine the doctor recommended.,Δεν πήρα το φάρμακο που μου συνέστησε ο γιατρός,,
2839,9.0,I always knew that you'd be mine.,,Πάντα ήξερα ότι θα ήσουν δικός μου,Πάντα ήξερα ότι θα ήσουν δική μου
2840,12.0,I sold items we no longer needed to contribute to paying off family debts.,Πούλησα αντικείμενα που δεν χρειαζόμασταν πλέον για να συνεισφέρουμε στην εξόφληση των οικογενειακών χρεών,,
2841,2.0,"I saw a very cute cat video, they were just like me.","Είδα ένα πολύ χαριτωμένο βίντεο με γάτες, ήταν ακριβώς όπως εγώ",,
2844,12.0,I never expected anyone to pay my bills.,Ποτέ δεν περίμενα ότι κάποιος θα πληρώσει τους λογαριασμούς μου,,
2845,1.0,I gave them money to feel better.,Τους έδωσα χρήματα για να νιώσουν καλύτερα,,
2846,8.0,I strapped on my hiking boots and embarked on a challenging trek.,Έδεσα τις μπότες πεζοπορίας μου και ξεκίνησα ένα δύσκολο ταξίδι,,
2847,16.0,"As I navigated the challenging obstacle course, I pushed my body to the limits.","Καθώς περνούσα την απαιτητική διαδρομή με εμπόδια, πίεσα το σώμα μου στα άκρα",,
2848,4.0,"I could never go to a public toilet, they are full of bacteria.","Δεν θα μπορούσα ποτέ να πάω σε μια δημόσια τουαλέτα, είναι γεμάτες βακτήρια",,
2849,4.0,I meticulously reviewed and revised my work.,Εξέτασα σχολαστικά και αναθεώρησα τη δουλειά μου,,
2850,10.0,I organised a workshop for all the stakeholders.,Οργάνωσα ένα εργαστήριο για όλους τους ενδιαφερόμενους,,
2851,6.0,"I attempted to swim long distances, but my endurance was weak.","Προσπάθησα να κολυμπήσω μεγάλες αποστάσεις, αλλά η αντοχή μου ήταν αδύναμη",,
2852,10.0,I have recently completed important and challenging research.,Πρόσφατα ολοκλήρωσα σημαντική και προκλητική έρευνα,,
2853,9.0,"I knew best what I could and could not do, you didn't have to tell me.","Ήξερα καλύτερα τι μπορούσα και τι δεν μπορούσα να κάνω, δεν χρειαζόταν να μου το πεις",,
2856,12.0,I took an extra shift this week.,,Πήρα μια επιπλέον βάρδια αυτήν την εβδομάδα,Πήρα μια επιπλέον βάρδια αυτή την εβδομάδα
2858,10.0,"As a psychologist, I developed personalized treatment plans to address mental health concerns.","Ως ψυχολόγος, ανέπτυξα εξατομικευμένα σχέδια θεραπείας για να αντιμετωπίσω τις ανησυχίες για την ψυχική υγεία",,
2859,4.0,I worked extra hard to be able to afford this massage appointment.,δούλεψα πολύ σκληρά για να μπορέσω να αντέξω οικονομικά αυτό το ραντεβού μασάζ,,
2860,11.0,I like to discuss with people who have different opinions.,Μου αρέσει να συζητώ με ανθρώπους που έχουν διαφορετικές απόψεις,,
2865,13.0,"In my position, it is crucial that I am able to detect and prevent threats early on.","Στη θέση μου, είναι σημαντικό να είμαι σε θέση να ανιχνεύσω και να αποτρέψω τις απειλές νωρίς",,
2868,14.0,"I was immature even after I graduated, I was still acting like a selfish kid.","Ήμουν ανώριμος ακόμα και μετά την αποφοίτησή μου, εξακολουθούσα να συμπεριφερόμουν σαν εγωιστικό παιδί",,
2869,10.0,I am experienced enough to be able to prioritise effectively.,,Είμαι αρκετά έμπειρος ώστε να μπορώ να βάλω προτεραιότητες αποτελεσματικά,Είμαι αρκετά έμπειρη ώστε να μπορώ να βάλω προτεραιότητες αποτελεσματικά
2870,3.0,I was aware of how they felt.,Ήξερα πώς ένιωθαν,,
2871,15.0,"In my private life, I have never encountered rejection.","Στην ιδιωτική μου ζωή, δεν έχω συναντήσει ποτέ απόρριψη",,
2872,13.0,I decided on the direction of the company.,Αποφάσισα για την κατεύθυνση της εταιρείας,,
2875,14.0,I didn't take any responsibility.,Δεν ανέλαβα καμία ευθύνη,,
2879,3.0,I like to make dinner for my family.,Μου αρέσει να φτιάχνω δείπνο για την οικογένειά μου,,
2882,15.0,I like kinky people.,Μου αρέσουν οι kinky άνθρωποι,,
2883,8.0,I always could do anything that I told myself.,Πάντα μπορούσα να κάνω οτιδήποτε έλεγα στον εαυτό μου,,
2884,7.0,I bought that perfume I saw in the ad.,αγόρασα αυτό το άρωμα που είδα στη διαφήμιση,,
2885,3.0,I met an elderly gentleman for whom I do grocery shopping every Monday.,Συνάντησα έναν ηλικιωμένο κύριο για τον οποίο κάνω ψώνια κάθε Δευτέρα,,
2886,5.0,I couldn't wait till Friday because that's a party day.,Δεν μπορούσα να περιμένω μέχρι την Παρασκευή γιατί είναι μέρα για πάρτι,,
2887,5.0,I called the neighbours over for a barbecue.,Κάλεσα τους γείτονες για μπάρμπεκιου,,
2890,1.0,I could not handle all the algebra rules.,Δεν μπορούσα να χειριστώ όλους τους κανόνες της άλγεβρας,,
2891,5.0,I attended a community workshop and participated in the discussion.,Παρευρέθηκα σε ένα κοινοτικό εργαστήριο και συμμετείχα στη συζήτηση,,
2892,5.0,I'm extremely communicative and love to meet new people.,,Είμαι εξαιρετικά επικοινωνιακός και μου αρέσει να γνωρίζω νέους ανθρώπους,Είμαι εξαιρετικά επικοινωνιακή και μου αρέσει να γνωρίζω νέους ανθρώπους
2893,7.0,I've discovered that the colour of this season is red.,Ανακάλυψα ότι το χρώμα αυτής της σεζόν είναι το κόκκινο,,
2894,6.0,"I had to give up, the opponents were just too fierce.","Έπρεπε να τα παρατήσω, οι αντίπαλοι ήταν πολύ σκληροί",,
2895,13.0,"As the leader, I left behind a legacy.","Ως αρχηγός, άφησα πίσω μου μια κληρονομιά",,
2896,5.0,"I have always loved holiday family reunions, it is so nice to be all together again.","Πάντα μου άρεσαν οι οικογενειακές συγκεντρώσεις διακοπών, είναι τόσο ωραίο να είμαστε ξανά όλοι μαζί",,
2897,2.0,"Even though I had won, I felt awkward when they gave me the award.","Αν και είχα κερδίσει, ένιωσα άβολα όταν μου έδωσαν το βραβείο",,
2899,1.0,I was so worried that I got completely paralysed.,Ανησυχούσα τόσο πολύ που παρέλυσα εντελώς,,
2900,14.0,I didn't want to be responsible for my decisions.,,Δεν ήθελα να είμαι υπεύθυνος για τις αποφάσεις μου,Δεν ήθελα να είμαι υπεύθυνη για τις αποφάσεις μου
2901,3.0,It is not a problem to make coffee - I like doing it.,Δεν είναι πρόβλημα να φτιάχνεις καφέ - μου αρέσει να τον κάνω,,
2903,2.0,I changed my schedule when they asked me to.,Άλλαξα το πρόγραμμά μου όταν μου το ζήτησαν,,
2905,10.0,"I'm a natural leader, I always take charge and make tough decisions.","Είμαι φυσικός ηγέτης, πάντα αναλαμβάνω την ευθύνη και παίρνω δύσκολες αποφάσεις",,
2908,8.0,I joined a gang.,Μπήκα σε μια συμμορία,,
2909,16.0,I have made many friends in the gym.,Έχω κάνει πολλούς φίλους στο γυμναστήριο,,
2911,1.0,"I suspected them, although they did nothing wrong.","Τους υποψιαζόμουν, αν και δεν έκαναν τίποτα κακό",,
2912,4.0,"When we came to the restaurant, I decided to leave right away, because the tablecloths were filthy.","Όταν ήρθαμε στο εστιατόριο, αποφάσισα να φύγω αμέσως, γιατί τα τραπεζομάντιλα ήταν βρώμικα",,
2913,7.0,"I had long legs, a slim waist and I was generally in shape.","Είχα μακριά πόδια, λεπτή μέση και γενικά ήμουν σε φόρμα",,
2914,6.0,I was unable to carry the heavy box and had to ask for help.,Δεν μπορούσα να κουβαλήσω το βαρύ κουτί και έπρεπε να ζητήσω βοήθεια,,
2916,3.0,I baked a cake to make them happy.,Έφτιαξα ένα κέικ για να τους κάνω χαρούμενους,,
2917,12.0,I set up a college fund for my children's education.,Έφτιαξα ένα ταμείο κολεγίου για την εκπαίδευση των παιδιών μου,,
2918,1.0,I panicked when I saw the spider on the table.,Πανικοβλήθηκα όταν είδα την αράχνη στο τραπέζι,,
2919,3.0,"Even though I don't like this meal, it's his favorite, so I cook it often.","Αν και δεν μου αρέσει αυτό το γεύμα, είναι το αγαπημένο του, γι' αυτό το μαγειρεύω συχνά",,
2920,10.0,I signed up for an English course so I could handle my business without an interpreter.,Εγγραφήκα σε ένα μάθημα αγγλικών για να μπορώ να χειριστώ την επιχείρησή μου χωρίς διερμηνέα,,
2921,4.0,My partner wasn't in charge of any chores in the house because I never wanted my partner to work harder than me.,Ο σύντροφός μου δεν ήταν υπεύθυνος για τις δουλειές του σπιτιού γιατί ποτέ δεν ήθελα ο σύντροφός μου να δουλέψει περισσότερο από εμένα,,
2923,6.0,"There was so much to do at work today, I cried.","Υπήρχαν τόσα πολλά να κάνω στη δουλειά σήμερα, έκλαψα",,
2924,4.0,Didn't I tell you not to eat in the living room?,Δεν σου είπα να μην τρως στο σαλόνι,,
2926,8.0,I managed to climb that old shaky ladder with no hesitation.,Κατάφερα να ανέβω αυτήν την παλιά ασταθή σκάλα χωρίς κανένα δισταγμό,,
2927,2.0,I never liked the attention.,Ποτέ δεν μου άρεσε η προσοχή,,
2928,1.0,I made a bad business decision because I followed my emotions instead of facts.,Πήρα μια κακή επιχειρηματική απόφαση γιατί ακολούθησα τα συναισθήματά μου αντί για γεγονότα,,
2929,11.0,I never read horoscopes because they are lies made up by ordinary people.,Ποτέ δεν διάβασα ωροσκόπια γιατί είναι ψέματα φτιαγμένα από απλούς ανθρώπους,,
2930,4.0,I worked hard so that everything looks perfect now.,Δούλεψα σκληρά για να φαίνονται όλα τέλεια τώρα,,
2931,12.0,I didn't mind working hard for the family's good.,Δεν με πείραζε να δουλέψω σκληρά για το καλό της οικογένειας,,
2934,9.0,I was right just as I always am.,Είχα δίκιο όπως πάντα,,
2936,1.0,My intuition tells me that I made the right decision.,Η διαίσθησή μου μου λέει ότι πήρα τη σωστή απόφαση,,
2937,3.0,"I tried calling you several times, are you okay?","Προσπάθησα να σου τηλεφωνήσω πολλές φορές, είσαι καλά",,
2938,10.0,I started my own company when I was 18.,Ξεκίνησα τη δική μου εταιρεία όταν ήμουν 18 ετών,,
2939,9.0,I think I'm an excellent scientist.,,Νομίζω ότι είμαι εξαιρετικός επιστήμονας,Νομίζω ότι είμαι εξαιρετική επιστήμονας
2940,12.0,I paid for their private education.,,Πληρώσα για την ιδιωτική τους εκπαίδευση,Πλήρωσα για την ιδιωτική τους εκπαίδευση
2941,7.0,I watched the fashion show to get some inspiration.,Παρακολούθησα την επίδειξη μόδας για να εμπνευστώ,,
2942,3.0,I took care of the injured animal.,Φρόντισα το τραυματισμένο ζώο,,
2944,5.0,I hosted a dinner for the firm's partners.,Οργάνωσα ένα δείπνο για τους συνεργάτες της εταιρείας,,
2946,6.0,I was thinking that my inner power is stronger than my outer power.,Σκέφτηκα ότι η εσωτερική μου δύναμη είναι ισχυρότερη από την εξωτερική μου δύναμη,,
2948,2.0,"I constantly put others' needs and desires before my own, rarely asserting my own preferences or standing up for myself.","Βάζω συνεχώς τις ανάγκες και τις επιθυμίες των άλλων πάνω από τις δικές μου, σπάνια διεκδικώντας τις δικές μου προτιμήσεις ή υπερασπίζομαι τον εαυτό μου",,
2949,11.0,I determined the ideal outcome.,Εγώ καθόρισα το ιδανικό αποτέλεσμα,,
2951,1.0,"When they told me the news, I started to weep.","Όταν μου είπαν τα νέα, άρχισα να κλαίω",,
2952,16.0,"I was not afraid because I knew that if we got into a fight, I'd win.","Δεν φοβήθηκα γιατί ήξερα ότι αν τσακωνόμασταν, θα κέρδιζα",,
2954,7.0,They told me that I'm naturally beautiful and that they appreciate my appearance.,Μου είπαν ότι είμαι από τη φύση μου όμορφη και ότι εκτιμούν την εμφάνισή μου,,
2955,10.0,I received a compliment for the work I did.,Έλαβα ένα κομπλιμέντο για τη δουλειά που έκανα,,
2957,8.0,"They told me it'd be tough, but they don't know the shit I've been through.","Μου είπαν ότι θα ήταν δύσκολο, αλλά δεν ξέρουν τι χάλια έχω περάσει",,
2959,10.0,"As a marketing manager, I developed strategic marketing plans, conducted market research, and implemented targeted campaigns.","Ως διευθυντής μάρκετινγκ, ανέπτυξα στρατηγικά σχέδια μάρκετινγκ, διεξήγαγα έρευνα αγοράς και εφάρμοσα στοχευμένες καμπάνιες",,
2960,12.0,I always imagined that I would be the one to bring the money home.,Πάντα φανταζόμουν ότι θα ήμουν αυτός που θα έφερνε τα χρήματα στο σπίτι,,
2962,3.0,I planned the trip for the entire family.,Σχεδίασα το ταξίδι για όλη την οικογένεια,,
2964,10.0,I go to every meeting dressed formally.,,Πηγαίνω σε κάθε συνάντηση ντυμένος επίσημα,Πηγαίνω σε κάθε συνάντηση ντυμένη επίσημα
2965,1.0,I had a gut feeling that the job was not right for me.,Ένιωθα ότι η δουλειά δεν ήταν κατάλληλη για μένα,,
2966,9.0,I have always been popular in my group of friends.,Ήμουν πάντα δημοφιλής στην ομάδα φίλων μου,,
2967,12.0,I needed to be financially stable to start a family.,Χρειαζόμουν να είμαι οικονομικά σταθερός για να κάνω οικογένεια,,
2968,5.0,"I regret that I didn't go to festivals before, it's the perfect place for me.","Μετανιώνω που δεν είχα πάει σε φεστιβάλ πριν, είναι το τέλειο μέρος για μένα",,
2969,15.0,"I'm going to the bar tonight, I've been too tense lately.",,"Θα πάω στο μπαρ απόψε, είμαι πολύ τεταμένος τον τελευταίο καιρό","Θα πάω στο μπαρ απόψε, είμαι πολύ τεταμένη τον τελευταίο καιρό"
2971,8.0,I prefer to deal with my problems myself.,,Προτιμώ να αντιμετωπίζω τα προβλήματά μου μόνος μου,Προτιμώ να αντιμετωπίζω τα προβλήματά μου μόνη μου
2972,7.0,I wished the wrinkles would never show on my face.,Εύχομαι οι ρυτίδες να μην εμφανίζονταν ποτέ στο πρόσωπό μου,,
2973,10.0,"I communicated proactively with stakeholders, keeping them informed about progress.","Επικοινωνούσα προληπτικά με τους ενδιαφερόμενους, κρατώντας τους ενήμερους για την πρόοδο",,
2974,3.0,I felt independent even when I was a stay-at-home parent.,,Ένιωθα ανεξάρτητος ακόμα και όταν ήμουν γονιός που έμενα στο σπίτι,Ένιωθα ανεξάρτητη ακόμα και όταν ήμουν γονιός που έμενα στο σπίτι
2975,14.0,I went to a party instead of preparing for the presentation.,Πήγα σε ένα πάρτι αντί να προετοιμαστώ για την παρουσίαση,,
2976,8.0,I chopped the wood for the fireplace.,Έκοψα τα ξύλα για το τζάκι,,
2977,15.0,With my experience I could teach sex education.,Με την εμπειρία μου θα μπορούσα να διδάξω σεξουαλική διαπαιδαγώγηση,,
2978,6.0,I could never hurt a fly.,Δεν θα μπορούσα ποτέ να κάνω κακό σε μια μύγα,,
2979,15.0,I masturbated a lot because my sexual urges were powerful.,Αυνανιζόμουν πολύ επειδή οι σεξουαλικές μου ορμές ήταν ισχυρές,,
2980,14.0,I pretended to be ill so that I wouldn't have to go to work.,,Προσποιήθηκα ότι ήμουν άρρωστος για να μην χρειαστεί να πάω στη δουλειά,Προσποιήθηκα ότι ήμουν άρρωστη για να μην χρειαστεί να πάω στη δουλειά
2981,3.0,I was always drawn to being a nurse.,Πάντα με τράβηξε να γίνω νοσοκόμα,,
2982,3.0,I organized community events and volunteer initiatives.,Οργάνωσα κοινοτικές εκδηλώσεις και εθελοντικές πρωτοβουλίες,,
2985,11.0,I carefully evaluated the benefits and drawbacks of accepting a job offer.,Αξιολόγησα προσεκτικά τα οφέλη και τα μειονεκτήματα της αποδοχής μιας προσφοράς εργασίας,,
2986,5.0,"I attended a poetry reading or spoken word event, sharing my own work and engaging in discussions with other poets.","Παρευρέθηκα σε μια εκδήλωση ανάγνωσης ποίησης ή προφορικού λόγου, μοιράζομαι τη δική μου δουλειά και συμμετέχω σε συζητήσεις με άλλους ποιητές",,
2987,9.0,I was never scared of failure.,Ποτέ δεν φοβήθηκα την αποτυχία,,
2988,8.0,I knew all the gangs in the city.,Ήξερα όλες τις συμμορίες στην πόλη,,
2989,8.0,"Life is tough, but I'm tougher.",,"Η ζωή είναι σκληρή, αλλά εγώ είμαι πιο σκληρός","Η ζωή είναι σκληρή, αλλά εγώ είμαι πιο σκληρή"
2990,13.0,I'm good at strategic thinking.,,Είμαι καλός στη στρατηγική σκέψη,Είμαι καλή στη στρατηγική σκέψη
2993,9.0,It was easy for me to persuade everyone that I was the right person for the job.,Ήταν εύκολο για μένα να πείσω τους πάντες ότι ήμουν το κατάλληλο άτομο για τη δουλειά,,
2994,3.0,"I sent a personal invitation to everyone, I think it is more friendly like this.","Έστειλα μια προσωπική πρόσκληση σε όλους, νομίζω ότι είναι πιο φιλικό έτσι",,
2996,2.0,I rarely asserted my own thoughts or desires.,Σπάνια υποστήριξα τις δικές μου σκέψεις ή επιθυμίες,,
2997,12.0,I told you to just ask if you need money.,Σου είπα να ρωτήσεις αν χρειάζεσαι χρήματα,,
2998,6.0,"I attempted to engage in a physically demanding hobby, but found it challenging to handle the tools.","Προσπάθησα να ασχοληθώ με ένα σωματικά απαιτητικό χόμπι, αλλά μου φάνηκε δύσκολο να χειριστώ τα εργαλεία",,
3000,16.0,I never felt physically exhausted.,,Ποτέ δεν ένιωσα σωματικά εξαντλημένος,Ποτέ δεν ένιωσα σωματικά εξαντλημένη
3002,16.0,I like to spend time in the gym because I don't think about the problems there.,Μου αρέσει να περνάω χρόνο στο γυμναστήριο γιατί δεν σκέφτομαι τα προβλήματα εκεί,,
3003,15.0,I never liked people that were shy in bed.,Ποτέ δεν μου άρεσαν οι άνθρωποι που ήταν ντροπαλοί στο κρεβάτι,,
3004,12.0,I paid all the bills for this household.,,Πληρώσα όλους τους λογαριασμούς για αυτό το νοικοκυριό,Πλήρωσα όλους τους λογαριασμούς για αυτό το νοικοκυριό
3005,5.0,I like talking about my problems.,Μου αρέσει να μιλάω για τα προβλήματά μου,,
3006,7.0,I like to wear loose clothes.,Μου αρέσει να φοράω φαρδιά ρούχα,,
3007,5.0,I decided to celebrate my promotion at work in the circle of those closest to me.,Αποφάσισα να γιορτάσω την προαγωγή μου στη δουλειά στον κύκλο των πιο κοντινών μου ατόμων,,
3008,12.0,"I wanted to buy you that car, why did you buy it yourself?","Ήθελα να σου αγοράσω αυτό το αυτοκίνητο, γιατί το αγόρασες μόνος σου",,
3009,15.0,I went to the red light district in Amsterdam.,Πήγα στη συνοικία με τα κόκκινα φανάρια στο Άμστερνταμ,,
3010,5.0,"While I was waiting for my parents to arrive, a stranger's family sat next to me and we talked for about twenty minutes.","Ενώ περίμενα να έρθουν οι γονείς μου, η οικογένεια ενός ξένου κάθισε δίπλα μου και μιλήσαμε για περίπου είκοσι λεπτά",,
3012,3.0,I felt horrible when I couldn't help those in need.,Ένιωσα φρικτά όταν δεν μπορούσα να βοηθήσω όσους είχαν ανάγκη,,
3014,9.0,I have never been afraid of failure.,Ποτέ δεν φοβήθηκα την αποτυχία,,
3015,8.0,Dirt doesn't scare me - I like to get my hands dirty.,Η βρωμιά δεν με τρομάζει - μου αρέσει να λερώνω τα χέρια μου,,
3017,9.0,I am self-confident.,,Είμαι σίγουρος για τον εαυτό μου,Είμαι σίγουρη για τον εαυτό μου
3019,13.0,I often had to correct the mistakes made by my subordinates.,Συχνά έπρεπε να διορθώσω τα λάθη που έκαναν οι υφισταμένοι μου,,
3020,15.0,I struggled to focus on my work or daily tasks due to constant sexual thoughts.,Δυσκολεύτηκα να επικεντρωθώ στη δουλειά ή στις καθημερινές μου εργασίες λόγω συνεχών σεξουαλικών σκέψεων,,
3022,9.0,I'm better than my classmates.,,Είμαι καλύτερος από τους συμμαθητές μου,Είμαι καλύτερη από τους συμμαθητές μου
3023,1.0,"When I am angry, I cry.",,"Όταν είμαι θυμωμένος, κλαίω","Όταν είμαι θυμωμένη, κλαίω"
3025,2.0,Everybody keeps saying that I should smile more.,Όλοι λένε συνέχεια ότι πρέπει να χαμογελάω περισσότερο,,
3026,6.0,I should have joined the self defence class.,Θα έπρεπε να είχα μπει στην τάξη αυτοάμυνας,,
3027,6.0,"I found it challenging to confront my fears, recognizing my weakness in overcoming them.","Μου ήταν δύσκολο να αντιμετωπίσω τους φόβους μου, αναγνωρίζοντας την αδυναμία μου να τους ξεπεράσω",,
3028,12.0,"I got paid last week, so I took my family out.","Πληρώθηκα την περασμένη εβδομάδα, οπότε έβγαλα την οικογένειά μου έξω",,
3029,2.0,They were surprised to see that I could stand up for myself.,Έμειναν έκπληκτοι όταν είδαν ότι μπορούσα να υπερασπιστώ τον εαυτό μου,,
3030,2.0,They told me how I should behave myself and I listened to them.,Μου είπαν πώς πρέπει να συμπεριφέρομαι και τους άκουσα,,
3031,9.0,I loved a good challenge.,Μου άρεσε μια καλή πρόκληση,,
3033,8.0,I went undercover to help the community.,Πήγα μυστικά για να βοηθήσω την κοινότητα,,
3034,2.0,My friends appreciated that I looked good after the event.,Οι φίλοι μου εκτίμησαν ότι έδειχνα καλά μετά την εκδήλωση,,
3035,4.0,I didn't want help from my kids when it came to cleaning the house.,Δεν ήθελα βοήθεια από τα παιδιά μου όταν επρόκειτο να καθαρίσω το σπίτι,,
3036,3.0,I did not hesitate for a second when they asked me to take care of my mother.,Δεν δίστασα ούτε λεπτό όταν μου ζήτησαν να φροντίσω τη μητέρα μου,,
3037,14.0,"I want kids, so that I can have a companion for playing games.","Θέλω παιδιά, για να έχω έναν σύντροφο για να παίζει παιχνίδια",,
3038,14.0,I like to joke around instead of being serious.,,Μου αρέσει να αστειεύομαι αντί να είμαι σοβαρός,Μου αρέσει να αστειεύομαι αντί να είμαι σοβαρή
3039,1.0,I made that decision based on my emotions.,Πήρα αυτή την απόφαση με βάση τα συναισθήματά μου,,
3040,11.0,I had a logical mindset and it saved me a lot of time.,Είχα μια λογική σκέψη και μου έσωσε πολύ χρόνο,,
3044,14.0,I had difficulty controlling my impulses.,Δυσκολεύτηκα να ελέγξω τις παρορμήσεις μου,,
3045,16.0,I had to climb the tree and cut some branches.,Έπρεπε να σκαρφαλώσω στο δέντρο και να κόψω μερικά κλαδιά,,
3048,2.0,I refrained from expressing my opinions.,Απέφυγα να εκφράσω τις απόψεις μου,,
3049,8.0,I always carried a knife with me.,Πάντα κουβαλούσα ένα μαχαίρι μαζί μου,,
3051,6.0,I felt so weak.,,Ένιωσα τόσο αδύναμος,Ένιωσα τόσο αδύναμη
3052,15.0,I was always very confident in my abilities when it comes to sex.,,Ήμουν πάντα πολύ σίγουρος για τις ικανότητές μου όσον αφορά το σεξ,Ήμουν πάντα πολύ σίγουρη για τις ικανότητές μου όσον αφορά το σεξ
3053,3.0,I was in the middle of cooking when they came.,Ήμουν στη μέση του μαγειρέματος όταν ήρθαν,,
3054,4.0,I felt that I was responsible for cleaning the house.,Ένιωσα ότι ήμουν υπεύθυνος για τον καθαρισμό του σπιτιού,,
3055,14.0,"Instead of engaging in open and honest communication, I would resort to passive-aggressive behavior.","Αντί να συμμετέχω σε ανοιχτή και ειλικρινή επικοινωνία, θα κατέφευγα σε παθητική-επιθετική συμπεριφορά",,
3057,1.0,I love astrology.,Λατρεύω την αστρολογία,,
3060,11.0,"I like to talk about sports, technology and current events.","Μου αρέσει να μιλάω για τον αθλητισμό, την τεχνολογία και τα τρέχοντα γεγονότα",,
3061,15.0,I've always been playful and that's reflected in my relationships.,,Ήμουν πάντα παιχνιδιάρης και αυτό αντικατοπτρίζεται στις σχέσεις μου,Ήμουν πάντα παιχνιδιάρα και αυτό αντικατοπτρίζεται στις σχέσεις μου
3062,16.0,I laughed at the people who turned back in the middle of the climb.,Γέλασα με τους ανθρώπους που γύρισαν πίσω στη μέση της ανάβασης,,
3063,2.0,I was the most responsible student.,Ήμουν ο πιο υπεύθυνος μαθητής,,
3066,16.0,Today I had my first practice since that serious injury.,Σήμερα έκανα την πρώτη μου προπόνηση μετά από εκείνο τον σοβαρό τραυματισμό,,
3067,2.0,"There is nothing I can do, I just have to be patient.","Δεν μπορώ να κάνω τίποτα, απλά πρέπει να κάνω υπομονή",,
3068,10.0,I received a work laptop and phone as part of my contract.,Έλαβα ένα φορητό υπολογιστή και τηλέφωνο εργασίας ως μέρος του συμβολαίου μου,,
3069,13.0,I took a leadership role to mobilize others.,Ανέλαβα ηγετικό ρόλο για να κινητοποιήσω άλλους,,
3070,10.0,I told them to fix the air supply otherwise they'd be risking their lives.,Τους είπα να φτιάξουν την παροχή αέρα διαφορετικά θα έβαζαν σε κίνδυνο τη ζωή τους,,
3071,11.0,"I like to play chess, I've been good at it since I was a kid.",,"Μου αρέσει να παίζω σκάκι, είμαι καλός σε αυτό από τότε που ήμουν παιδί","Μου αρέσει να παίζω σκάκι, είμαι καλή σε αυτό από τότε που ήμουν παιδί"
3072,3.0,I could never hurt a loved one.,Δεν θα μπορούσα ποτέ να βλάψω ένα αγαπημένο πρόσωπο,,
3073,5.0,"I wish I could remember everyone's names, but there are just too many people I met yesterday.","Μακάρι να μπορούσα να θυμηθώ τα ονόματα όλων, αλλά υπάρχουν πάρα πολλοί άνθρωποι που γνώρισα χθες",,
3074,7.0,I knew my looks captured everyone's attention.,Ήξερα ότι η εμφάνισή μου τράβηξε την προσοχή όλων,,
3075,3.0,I was preparing the party for a week.,Ετοίμαζα το πάρτι για μια εβδομάδα,,
3076,15.0,"When I was younger, I used to write spicy stories about people I knew.",,"Όταν ήμουν νεότερος, έγραφα πικάντικες ιστορίες για ανθρώπους που γνώριζα","Όταν ήμουν νεότερη, έγραφα πικάντικες ιστορίες για ανθρώπους που γνώριζα"
3077,9.0,I have always trusted my instincts.,Πάντα εμπιστευόμουν το ένστικτό μου,,
3079,9.0,I have always known my worth and have never been afraid to show it.,Πάντα ήξερα την αξία μου και ποτέ δεν φοβήθηκα να τη δείξω,,
3080,16.0,I had to get up and go to the kitchen to open the pickles.,Έπρεπε να σηκωθώ και να πάω στην κουζίνα για να ανοίξω τα τουρσιά,,
3082,5.0,"I participated in a community theater production, rehearsing and performing alongside a diverse group of actors.","Συμμετείχα σε μια κοινοτική θεατρική παραγωγή, κάνοντας πρόβες και παίζοντας δίπλα σε μια διαφορετική ομάδα ηθοποιών",,
3083,9.0,I've never been afraid of anything and I don't plan to start now.,Ποτέ δεν φοβήθηκα τίποτα και δεν σκοπεύω να ξεκινήσω τώρα,,
3084,1.0,"I would have asked them to come, but I had a feeling they wouldn't appreciate it.","Θα τους είχα ζητήσει να έρθουν, αλλά είχα την αίσθηση ότι δεν θα το εκτιμούσαν",,
3085,7.0,I got so many compliments at the party.,Έλαβα τόσα πολλά κομπλιμέντα στο πάρτι,,
3086,15.0,I attended a swingers party two weeks ago and it was awesome.,Πήρα σε ένα πάρτι swingers πριν από δύο εβδομάδες και ήταν φοβερό,,
3087,13.0,"As a manager, I nurtured the professional growth of my team members.","Ως μάνατζερ, γαλουχούσα την επαγγελματική ανάπτυξη των μελών της ομάδας μου",,
3089,4.0,I have always been very diligent.,Ήμουν πάντα πολύ επιμελής,,
3090,12.0,I saved a lot of money so we can go on vacation together.,Έχω εξοικονομήσει πολλά χρήματα για να πάμε μαζί διακοπές,,
3091,4.0,"After everyone finished eating, I went straight into the kitchen and did the dishes.","Αφού τελείωσαν όλοι το φαγητό, πήγα κατευθείαν στην κουζίνα και έπλυνα τα πιάτα",,
3093,12.0,I made sure I was financially stable when getting married.,,Φροντίστηκα να είμαι οικονομικά σταθερός όταν παντρεύομαι,Φροντίστηκα να είμαι οικονομικά σταθερή όταν παντρεύομαι
3094,5.0,I wished there were more opportunities to meet new people.,Μακάρι να υπήρχαν περισσότερες ευκαιρίες για να γνωρίσω νέους ανθρώπους,,
3097,14.0,I always kept a back-door in case something went wrong in the relationship.,Πάντα κρατούσα μια πίσω πόρτα σε περίπτωση που κάτι πήγαινε στραβά στη σχέση,,
3098,11.0,I made an informed decision based on a careful evaluation of the information available.,Πήρα μια τεκμηριωμένη απόφαση με βάση μια προσεκτική αξιολόγηση των διαθέσιμων πληροφοριών,,
3099,12.0,I focused on making enough money for my daughter to study at a good college abroad.,Επικεντρώθηκα στο να βγάλω αρκετά χρήματα για να σπουδάσει η κόρη μου σε ένα καλό κολέγιο στο εξωτερικό,,
3102,13.0,I have all the qualities that I am supposed to have as a leader.,Έχω όλα τα προσόντα που υποτίθεται ότι έχω ως ηγέτης,,
3103,10.0,I have always wanted to provide the best possible service to my customers.,Πάντα ήθελα να παρέχω την καλύτερη δυνατή εξυπηρέτηση στους πελάτες μου,,
3105,16.0,"If I had to, I wouldn't be afraid to face him.","Αν έπρεπε, δεν θα φοβόμουν να τον αντιμετωπίσω",,
3107,4.0,I changed the bedsheets again.,Άλλαξα ξανά τα σεντόνια,,
3108,16.0,I always had a high pain threshold.,Πάντα είχα υψηλό όριο πόνου,,
3109,7.0,I know I am attractive because everyone keeps looking at me.,,Ξέρω ότι είμαι ελκυστικός γιατί όλοι με κοιτάζουν συνέχεια,Ξέρω ότι είμαι ελκυστική γιατί όλοι με κοιτάζουν συνέχεια
3111,5.0,I preferred travelling in groups.,Προτίμησα να ταξιδεύω σε ομάδες,,
3112,4.0,I always enjoyed long baths.,Πάντα μου άρεσαν τα μεγάλα μπάνια,,
3113,3.0,I always knew I wanted to help others.,Πάντα ήξερα ότι ήθελα να βοηθήσω τους άλλους,,
3115,1.0,"When I arrived in Thailand and saw all the insects, I wanted to get on the next plane.","Όταν έφτασα στην Ταϊλάνδη και είδα όλα τα έντομα, ήθελα να μπω στο επόμενο αεροπλάνο",,
3116,16.0,I always finish first in sports races.,Πάντα τερματίζω πρώτος σε αθλητικούς αγώνες,,
3118,15.0,I never said I was looking for a long-term relationship.,Ποτέ δεν είπα ότι έψαχνα για μια μακροχρόνια σχέση,,
3119,12.0,I was the main provider in our family for twenty years.,Ήμουν ο κύριος πάροχος στην οικογένειά μας για είκοσι χρόνια,,
3120,3.0,"I walked the dog, because my partner had no time.","Πήρα τον σκύλο βόλτα, γιατί ο σύντροφός μου δεν είχε χρόνο",,
3121,3.0,"Of course I made a cake, it's your birthday!","Φυσικά και έφτιαξα μια τούρτα, είναι τα γενέθλιά σου",,
3122,13.0,It's no surprise that I won this election.,Δεν είναι έκπληξη που κέρδισα αυτές τις εκλογές,,
3123,2.0,I consistently downplayed my achievements or talents when receiving praise.,Υποβάθμισα συνεχώς τα επιτεύγματα ή τα ταλέντα μου όταν λάμβανα επαίνους,,
3124,15.0,I'm sexually active.,Είμαι σεξουαλικά ενεργός,,
3125,8.0,Through my great wit I simply outsmarted everyone.,Με τη μεγάλη μου εξυπνάδα απλά ξεπέρασα τους πάντες,,
3126,16.0,I single-handedly saved them all.,Τους έσωσα μόνος μου όλους,,
3127,7.0,I looked good at the party.,,Έδειχνα καλός στο πάρτι,Έδειχνα καλή στο πάρτι
3128,3.0,I've always been good at reading other people's emotions.,,Πάντα ήμουν καλός στο να διαβάζω τα συναισθήματα των άλλων,Πάντα ήμουν καλή στο να διαβάζω τα συναισθήματα των άλλων
3129,1.0,I believed in superstitions such as that a broken mirror brings seven years of bad luck.,Πίστεψα σε δεισιδαιμονίες όπως ότι ένας σπασμένος καθρέφτης φέρνει επτά χρόνια κακής τύχης,,
3130,2.0,I agreed to move where my partner chose.,Συμφώνησα να μετακομίσω όπου διάλεξε ο σύντροφός μου,,
3135,9.0,I have always been aware of my self-worth.,Πάντα είχα επίγνωση της αυτοεκτίμησής μου,,
3137,8.0,I could easily carry those wooden logs by myself.,Μπορούσα εύκολα να κουβαλήσω μόνος μου αυτούς τους ξύλινους κορμούς,,
3138,12.0,"I took on additional work to generate extra income, ensuring that my family's financial needs were met.","ανέλαβα πρόσθετη δουλειά για να δημιουργήσω επιπλέον εισόδημα, διασφαλίζοντας ότι οι οικονομικές ανάγκες της οικογένειάς μου ικανοποιούνταν",,
3139,11.0,I logically assessed the risks involved in a new investment opportunity.,Λογικά αξιολόγησα τους κινδύνους που ενέχει μια νέα επενδυτική ευκαιρία,,
3140,8.0,I had to control myself not to hurt anyone.,Έπρεπε να ελέγξω τον εαυτό μου για να μην πληγώσω κανέναν,,
3142,4.0,I never sat down until the whole family was fed.,Δεν κάθισα ποτέ μέχρι να ταΐσουν όλη η οικογένεια,,
3143,7.0,I had a natural grace and elegance.,Είχα μια φυσική χάρη και κομψότητα,,
3144,1.0,"When I'm with her, I'm angry.","Όταν είμαι μαζί της, είμαι θυμωμένος",,
3145,6.0,"I was going to buy a watermelon, but I couldn't manage to take it home.","Επρόκειτο να αγοράσω ένα καρπούζι, αλλά δεν κατάφερα να το πάρω σπίτι",,
3146,3.0,"I couldn't stand seeing abused animals, so I petitioned the city.","Δεν άντεχα να βλέπω κακοποιημένα ζώα, γι' αυτό έκανα έκκληση στην πόλη",,
3147,16.0,I'm stronger than you.,,Είμαι πιο δυνατός από σένα,Είμαι πιο δυνατή από σένα
3148,13.0,I've been told that I was a role model for my colleagues.,Μου είπαν ότι ήμουν πρότυπο για τους συναδέλφους μου,,
3149,6.0,"I enjoyed the walk, but I got tired very quickly.","Μου άρεσε η βόλτα, αλλά κουράστηκα πολύ γρήγορα",,
3150,6.0,I don't know if you're strong enough.,,Δεν ξέρω αν είσαι αρκετά δυνατός,Δεν ξέρω αν είσαι αρκετά δυνατή
3151,6.0,I called my friend for help.,Κάλεσα τον φίλο μου για βοήθεια,,
3152,9.0,They've told me that I look confident.,,Μου είπαν ότι φαίνομαι σίγουρος,Μου είπαν ότι φαίνομαι σίγουρη
3153,8.0,I wasn't afraid - I have always liked danger.,Δεν φοβόμουν - πάντα μου άρεσε ο κίνδυνος,,
3154,2.0,I cooked a dinner and patiently waited for them to come home.,Μαγείρεψα ένα δείπνο και περίμενα υπομονετικά να έρθουν σπίτι,,
3155,1.0,"I couldn't do it, so I wept.","Δεν μπορούσα να το κάνω, οπότε έκλαψα",,
3156,12.0,I bought the watch for you.,Σου αγόρασα το ρολόι,,
3157,12.0,I worked hard and was expected to be the main source of income for the household.,Δούλεψα σκληρά και αναμενόταν να είμαι η κύρια πηγή εισοδήματος για το νοικοκυριό,,
3158,14.0,I wasn't taking my responsibilities seriously.,Δεν έπαιρνα τις ευθύνες μου στα σοβαρά,,
3160,5.0,I didn't want to live in a remote area.,Δεν ήθελα να ζήσω σε μια απομακρυσμένη περιοχή,,
3161,2.0,Last week I went to a restaurant my partner chose.,Την περασμένη εβδομάδα πήγα σε ένα εστιατόριο που διάλεξε ο σύντροφός μου,,
3162,10.0,"It's not a problem, because I have always known how to deal with it.","Δεν είναι πρόβλημα, γιατί πάντα ήξερα πώς να το αντιμετωπίσω",,
3165,2.0,Why would I say something if it only leads to arguments?,Γιατί να πω κάτι αν αυτό οδηγεί μόνο σε λογομαχίες,,
3166,2.0,"I wanted a burger, but the others wanted pizza, so we went for pizza.","Ήθελα ένα μπέργκερ, αλλά οι άλλοι ήθελαν πίτσα, οπότε πήγαμε για πίτσα",,
3167,9.0,I am direct and honest.,,Είμαι άμεσος και ειλικρινής,Είμαι άμεση και ειλικρινής
3168,1.0,I refused to walk under a ladder because I believed it would bring bad luck.,Αρνήθηκα να περπατήσω κάτω από μια σκάλα γιατί πίστευα ότι θα έφερνε κακή τύχη,,
3170,4.0,"I kept a neat and well-organized workspace, with everything in its designated place for easy access and efficiency.","Διατήρησα έναν τακτοποιημένο και καλά οργανωμένο χώρο εργασίας, με τα πάντα στην καθορισμένη θέση για εύκολη πρόσβαση και αποτελεσματικότητα",,
3172,9.0,I have always believed in myself.,Πάντα πίστευα στον εαυτό μου,,
3173,13.0,I was really happy they gave the project to me.,,Ήμουν πολύ χαρούμενος που μου έδωσαν το έργο,Ήμουν πολύ χαρούμενη που μου έδωσαν το έργο
3176,13.0,My confidence boosts when I'm in a leadership position because I can be bossy.,,Η αυτοπεποίθησή μου ενισχύεται όταν βρίσκομαι σε ηγετική θέση επειδή μπορώ να είμαι αυταρχικός,Η αυτοπεποίθησή μου ενισχύεται όταν βρίσκομαι σε ηγετική θέση επειδή μπορώ να είμαι αυταρχική
3177,9.0,I was confident enough to pet the bear.,,Ήμουν αρκετά σίγουρος για να χαϊδέψω την αρκούδα,Ήμουν αρκετά σίγουρη για να χαϊδέψω την αρκούδα
3179,16.0,I was good at football.,,Ήμουν καλός στο ποδόσφαιρο,Ήμουν καλή στο ποδόσφαιρο
3180,10.0,I consistently demonstrated a high level of competence and dedication.,Επέδειξα σταθερά υψηλό επίπεδο ικανότητας και αφοσίωσης,,
3181,9.0,"Other people's opinions are not important to me, I always believe in myself.","Οι απόψεις των άλλων δεν είναι σημαντικές για μένα, πιστεύω πάντα στον εαυτό μου",,
3182,1.0,"At the airport, I'm always scared when I go through security, even if I don't have anything prohibited in my suitcase.","Στο αεροδρόμιο, πάντα φοβάμαι όταν περνάω από την ασφάλεια, ακόμα κι αν δεν έχω τίποτα απαγορευμένο στη βαλίτσα μου",,
3183,9.0,I have never been afraid of criticism.,Ποτέ δεν φοβήθηκα την κριτική,,
3184,1.0,My boss made me so angry I locked myself in the office and cried.,Το αφεντικό μου με θύμωσε τόσο πολύ που κλειδώθηκα στο γραφείο και έκλαψα,,
3185,2.0,I don't like to judge others.,Δεν μου αρέσει να κρίνω τους άλλους,,
3186,10.0,"I am an IT specialist, I used to work for a large corporation but decided to launch my own company last year, it went well and now I make really good money.","Είμαι ειδικός πληροφορικής, εργαζόμουν σε μια μεγάλη εταιρεία, αλλά αποφάσισα να δημιουργήσω τη δική μου εταιρεία πέρυσι, πήγε καλά και τώρα βγάζω πολύ καλά χρήματα",,
3187,12.0,I pushed my partner through the university studies financially.,Έσπρωξα τον σύντροφό μου στις πανεπιστημιακές σπουδές οικονομικά,,
3188,11.0,"I thoroughly researched different vacation destinations, considering factors such as travel costs, weather conditions, and available activities, before making an informed decision on where to go.","Έρευνα διεξοδικά διαφορετικούς προορισμούς διακοπών, λαμβάνοντας υπόψη παράγοντες όπως το κόστος ταξιδιού, τις καιρικές συνθήκες και τις διαθέσιμες δραστηριότητες, προτού πάρω μια τεκμηριωμένη απόφαση για το πού θα πάω",,
3189,1.0,I panicked and made impulsive decisions during a stressful situation.,Πανικοβλήθηκα και πήρα παρορμητικές αποφάσεις κατά τη διάρκεια μιας αγχωτικής κατάστασης,,
3190,2.0,I forgave them quickly and easily.,Τους συγχώρεσα γρήγορα και εύκολα,,
3192,12.0,I paid for their vacation so I could have some alone time at home.,,Πλήρωσα για τις διακοπές τους για να έχω λίγο χρόνο μόνος μου στο σπίτι,Πλήρωσα για τις διακοπές τους για να έχω λίγο χρόνο μόνη μου στο σπίτι
3193,8.0,I like to fight people I don't like.,Μου αρέσει να τσακώνομαι με ανθρώπους που δεν μου αρέσουν,,
3194,14.0,I still like collecting car models.,Μου αρέσει ακόμα να συλλέγω μοντέλα αυτοκινήτων,,
3195,3.0,"If I had to choose between me and my children suffering, I would take it on without a second thought.","Αν έπρεπε να διαλέξω ανάμεσα σε εμένα και τα παιδιά μου που υποφέρουν, θα το αναλάμβανα χωρίς δεύτερη σκέψη",,
3196,4.0,I offered to do this job.,Προτείθηκα να κάνω αυτή τη δουλειά,,
3201,15.0,I was so horny I considered approaching a sex worker.,Ήμουν τόσο καυλιάρης που σκέφτηκα να πλησιάσω μια εργαζόμενη του σεξ,,
3202,2.0,I had to pretend everything is fine.,Έπρεπε να προσποιηθώ ότι όλα είναι καλά,,
3203,13.0,I organized the conference.,Οργάνωσα το συνέδριο,,
3206,12.0,I took a second job.,Πήρα μια δεύτερη δουλειά,,
3207,10.0,I never gave my tasks to somebody else because I felt like I was the best at finishing them.,Ποτέ δεν έδωσα τα καθήκοντά μου σε κάποιον άλλο γιατί ένιωθα ότι ήμουν ο καλύτερος στο να τα τελειώσω,,
3209,1.0,I went to see a therapist to learn to handle my emotions better.,Πήγα να δω έναν θεραπευτή για να μάθω να χειρίζομαι καλύτερα τα συναισθήματά μου,,
3212,7.0,I arranged the whole dining table to fit with my outfit.,Τονοποίησα όλο το τραπέζι για να ταιριάζει με το ντύσιμό μου,,
3213,11.0,I only believed them when I saw it with my own eyes.,Τους πίστεψα μόνο όταν το είδα με τα μάτια μου,,
3215,13.0,I was responsible for the production process.,,Ήμουν υπεύθυνος για τη διαδικασία παραγωγής,Ήμουν υπεύθυνη για τη διαδικασία παραγωγής
3216,9.0,I always believed in myself.,Πάντα πίστευα στον εαυτό μου,,
3217,16.0,"I opened the water bottle for them, because the lid was stuck.","Τους άνοιξα το μπουκάλι με το νερό, γιατί είχε κολλήσει το καπάκι",,
3221,1.0,"They didn't want to go to dinner with me, so I cried and they went.","Δεν ήθελαν να πάνε για δείπνο μαζί μου, έτσι έκλαψα και πήγαν",,
3223,6.0,We were bowling and I had to throw the lightest ball because I couldn't hold the heavier ones.,Κάναμε μπόουλινγκ και έπρεπε να πετάξω την πιο ελαφριά μπάλα γιατί δεν μπορούσα να κρατήσω τη βαρύτερη,,
3224,6.0,I asked my neighbors if they could put a box full of books in the elevator for me.,Ρώτησα τους γείτονές μου αν μπορούσαν να μου βάλουν ένα κουτί γεμάτο βιβλία στο ασανσέρ,,
3227,14.0,I only went to the wedding for the cakes.,Πήγα στον γάμο μόνο για τις τούρτες,,
3228,6.0,I found it challenging to perform simple tasks like opening jars or lifting objects due to my physical weakness.,Μου ήταν δύσκολο να εκτελώ απλές εργασίες όπως το άνοιγμα βάζων ή το σήκωμα αντικειμένων λόγω της σωματικής μου αδυναμίας,,
3230,10.0,"As an architect, I drafted detailed blueprints, collaborated with clients to understand their vision, and oversaw construction projects.","Ως αρχιτέκτονας, συνέταξα λεπτομερή σχέδια, συνεργάστηκα με πελάτες για να κατανοήσω το όραμά τους και επέβλεπα τα κατασκευαστικά έργα",,
3231,12.0,I need to be able to weather any storm and provide stability for my family.,Πρέπει να μπορώ να αντέχω κάθε καταιγίδα και να παρέχω σταθερότητα στην οικογένειά μου,,
3233,7.0,"I like options when it comes to clothes, so I have a lot of them at home.","Μου αρέσουν οι επιλογές όσον αφορά τα ρούχα, οπότε έχω πολλές από αυτές στο σπίτι",,
3236,11.0,I never let myself get so upset that I lose control of the situation.,Ποτέ δεν άφησα τον εαυτό μου να εκνευριστεί τόσο ώστε να χάσω τον έλεγχο της κατάστασης,,
3238,2.0,I relied heavily on their approval before I decided about anything.,Βασίστηκα πολύ στην έγκρισή τους πριν αποφασίσω για οτιδήποτε,,
3239,1.0,"They told me all about the advantages, but I only cared about how I felt in that place.","Μου είπαν τα πάντα για τα πλεονεκτήματα, αλλά με ένοιαζε μόνο πώς ένιωθα σε εκείνο το μέρος",,
3240,5.0,I like small talk.,Μου αρέσει η κουβέντα,,
3243,12.0,"I wanted to make money on my own, not with your help!",,"Ήθελα να βγάλω χρήματα μόνος μου, όχι με τη βοήθειά σου","Ήθελα να βγάλω χρήματα μόνη μου, όχι με τη βοήθειά σου"
3244,7.0,"When meeting new people, I noticed their positive reactions to my good looks.","Όταν γνώρισα νέα άτομα, παρατήρησα τις θετικές αντιδράσεις τους στην καλή μου εμφάνιση",,
3246,2.0,I didn't want to cause any trouble so I kept my mouth shut.,"Δεν ήθελα να προκαλέσω κανένα πρόβλημα, γι' αυτό κράτησα το στόμα μου κλειστό",,
3247,5.0,"I attended a social gathering with friends, engaging in lively conversations and enjoying the company of others.","Παρευρέθηκα σε μια κοινωνική συγκέντρωση με φίλους, συμμετείχα σε ζωηρές συζητήσεις και απολάμβανα τη συντροφιά των άλλων",,
3249,11.0,I decided on a mortgage based on the data from various banks.,Αποφάσισα για ένα στεγαστικό δάνειο με βάση τα στοιχεία από διάφορες τράπεζες,,
3250,12.0,Of course I wanted to buy that bag for you.,,Φυσικά και ήθελα να αγοράσω αυτήν την τσάντα για σένα,Φυσικά και ήθελα να αγοράσω αυτή την τσάντα για σένα
3252,2.0,I never voiced my own opinion.,Ποτέ δεν εξέφρασα τη δική μου γνώμη,,
3253,13.0,I made sure everyone was listening to my commands.,Φροντίστηκα ότι όλοι άκουγαν τις εντολές μου,,
3255,3.0,"My greatest strength is my concern for others, even though I am often seen as weak because of it.",,"Η μεγαλύτερη δύναμή μου είναι η ανησυχία μου για τους άλλους, παρόλο που συχνά με βλέπουν ως αδύναμο εξαιτίας αυτού","Η μεγαλύτερη δύναμή μου είναι η ανησυχία μου για τους άλλους, παρόλο που συχνά με βλέπουν ως αδύναμη εξαιτίας αυτού"
3256,14.0,I really craved some chocolate milk.,Πόθησα πραγματικά λίγο σοκολατούχο γάλα,,
3257,14.0,"I never cared if we had enough food in the kitchen, I just took care there was enough alcohol in the household.","Ποτέ δεν με ένοιαζε αν είχαμε αρκετό φαγητό στην κουζίνα, απλώς φρόντισα ότι υπήρχε αρκετό αλκοόλ στο σπίτι",,
3258,15.0,My partner's lower sex drive created a mismatch in our desires and I had to look elsewhere.,Η χαμηλότερη σεξουαλική ορμή του συντρόφου μου δημιούργησε μια αναντιστοιχία στις επιθυμίες μας και έπρεπε να ψάξω αλλού,,
3259,3.0,I could have taken care of your children when you were on holidays.,Θα μπορούσα να είχα φροντίσει τα παιδιά σου όταν ήσουν διακοπές,,
3260,1.0,"I bought a lucky charm, although my friend told me it's a scam.","Αγόρασα ένα γούρι, αν και ο φίλος μου μου είπε ότι είναι απάτη",,
3262,1.0,I left some money under the tablecloth for better luck.,Άφησα λίγα χρήματα κάτω από το τραπεζομάντιλο για καλύτερη τύχη,,
3263,13.0,I sent out the work schedule to them last week.,Τους έστειλα το πρόγραμμα εργασίας την περασμένη εβδομάδα,,
3265,16.0,I had to pin the drunk patient towards the wall and wait until the doctor gave him a sedative.,Έπρεπε να καρφώσω τον μεθυσμένο ασθενή στον τοίχο και να περιμένω μέχρι ο γιατρός να του δώσει ένα ηρεμιστικό,,
3267,13.0,There's nothing I can't do.,Δεν υπάρχει τίποτα που να μην μπορώ να κάνω,,
3268,13.0,I knew I could be influential and other people would hear what I had to say.,Ήξερα ότι μπορούσα να έχω επιρροή και οι άλλοι άνθρωποι θα άκουγαν τι είχα να πω,,
3269,6.0,"I challenged them to a fight, but they laughed me off.","Τους προκάλεσα να τσακωθούν, αλλά με ξεγέλασαν",,
3270,14.0,I could not set and follow any long-term goals.,Δεν μπορούσα να θέσω και να ακολουθήσω μακροπρόθεσμους στόχους,,
3271,16.0,I felled many trees so that we have wood for winter.,,Έκοψα πολλά δέντρα για να έχουμε ξύλα για το χειμώνα,Έκοψα πολλά δέντρα για να έχουμε ξύλα για τον χειμώνα
3272,9.0,I have always believed that discipline is the foundation of success.,Πάντα πίστευα ότι η πειθαρχία είναι το θεμέλιο της επιτυχίας,,
3273,15.0,I thought cheating was a normal part of a relationship.,Νόμιζα ότι η απάτη ήταν ένα φυσιολογικό μέρος μιας σχέσης,,
3275,1.0,I let fear take over and avoided an important opportunity.,Άφησα τον φόβο να κυριαρχήσει και απέφυγα μια σημαντική ευκαιρία,,
3276,5.0,I was planning the family party for Saturday.,Σχεδίαζα το οικογενειακό πάρτι για το Σάββατο,,
3277,7.0,"As I entered the room, I noticed heads turning and whispers of admiration.","Καθώς μπήκα στο δωμάτιο, παρατήρησα κεφάλια να γυρίζουν και ψίθυρους θαυμασμού",,
3280,16.0,"I never cried, emotions don't solve problems.","Ποτέ δεν έκλαψα, τα συναισθήματα δεν λύνουν προβλήματα",,
3283,13.0,I was happy to be a leader in the project.,,Ήμουν χαρούμενος που ήμουν ηγέτης στο έργο,Ήμουν χαρούμενη που ήμουν ηγέτης στο έργο
3284,13.0,"I'm reliable, maybe that's why I have so many responsibilities.",,"Είμαι αξιόπιστος, ίσως γι' αυτό έχω τόσες πολλές ευθύνες","Είμαι αξιόπιστη, ίσως γι' αυτό έχω τόσες πολλές ευθύνες"
3285,6.0,I was too weak to continue with the exercise.,,Ήμουν πολύ αδύναμος για να συνεχίσω την άσκηση,Ήμουν πολύ αδύναμη για να συνεχίσω την άσκηση
3286,1.0,"When I saw those puppies, I wanted to take them all home.","Όταν είδα αυτά τα κουτάβια, ήθελα να τα πάρω όλα στο σπίτι",,
3287,1.0,I often cry because I am very sensitive.,,Κλαίω συχνά γιατί είμαι πολύ ευαίσθητος,Κλαίω συχνά γιατί είμαι πολύ ευαίσθητη
3288,7.0,I won the beauty contest.,Κέρδισα τον διαγωνισμό ομορφιάς,,
3289,11.0,I would never let my emotions control me at work.,Δεν θα άφηνα ποτέ τα συναισθήματά μου να με ελέγχουν στη δουλειά,,
3290,9.0,I asked the performer on a date.,Ρώτησα τον ερμηνευτή για ραντεβού,,
3291,1.0,I left the debate team after two weeks because I had a hard time coming up with logical arguments.,Έφυγα από την ομάδα συζήτησης μετά από δύο εβδομάδες γιατί δυσκολευόμουν να βρω λογικά επιχειρήματα,,
3293,15.0,I always wanted to try new things in bed.,Πάντα ήθελα να δοκιμάζω νέα πράγματα στο κρεβάτι,,
3294,9.0,"I was not afraid of the exam, I knew I was very good at it and I didn't even have to study much.",,"Δεν φοβόμουν τις εξετάσεις, ήξερα ότι ήμουν πολύ καλός σε αυτό και δεν χρειαζόταν καν να μελετήσω πολύ","Δεν φοβόμουν τις εξετάσεις, ήξερα ότι ήμουν πολύ καλή σε αυτό και δεν χρειαζόταν καν να μελετήσω πολύ"
3295,5.0,"I wanted to buy that house, because all my friends lived close by.","Ήθελα να αγοράσω αυτό το σπίτι, γιατί όλοι οι φίλοι μου έμεναν κοντά",,
3297,10.0,I have always tried to create ideal conditions for my employees.,Πάντα προσπαθούσα να δημιουργήσω ιδανικές συνθήκες για τους υπαλλήλους μου,,
3298,14.0,I did not know how to handle honest feedback from others.,Δεν ήξερα πώς να χειριστώ τα ειλικρινή σχόλια από άλλους,,
3299,7.0,They told me I was pretty and I thanked them.,Μου είπαν ότι ήμουν όμορφη και τους ευχαρίστησα,,
3300,16.0,I could hold my breath for seven minutes.,Μπορούσα να κρατήσω την αναπνοή μου για επτά λεπτά,,
3301,15.0,"If I go a few days without sex, I get grumpy.","Αν μείνω λίγες μέρες χωρίς σεξ, γίνομαι γκρινιάρης",,
3302,13.0,"I don't know how, but my co-worker always inspires me when I feel unmotivated.","Δεν ξέρω πώς, αλλά ο συνάδελφός μου πάντα με εμπνέει όταν αισθάνομαι ότι δεν έχω κίνητρα",,
3303,14.0,I survived the first year of college on frozen pizzas.,Επέζησα το πρώτο έτος του κολεγίου με κατεψυγμένες πίτσες,,
3305,10.0,I fixed it like a pro.,Το διόρθωσα σαν επαγγελματίας,,
3306,1.0,I burst into tears over a minor setback.,Ξέσπασα σε κλάματα για μια μικρή αποτυχία,,
3307,4.0,I was cleaning the windows for three hours.,,καθάριζα τα παράθυρα για τρεις ώρες,Καθάριζα τα παράθυρα για τρεις ώρες
3308,15.0,I found it difficult to focus on work because I think of sex all the time.,Δυσκολεύτηκα να επικεντρωθώ στη δουλειά γιατί σκέφτομαι το σεξ όλη την ώρα,,
3309,7.0,I tried to explain to them that it's important to know what material to wear at what time of year.,Προσπάθησα να τους εξηγήσω ότι είναι σημαντικό να γνωρίζουν τι υλικό να φορούν ποια εποχή του χρόνου,,
3310,2.0,I just wanted to please them.,Ήθελα απλώς να τους ευχαριστήσω,,
3311,3.0,I realized that my career is less important than my family.,Συνειδητοποίησα ότι η καριέρα μου είναι λιγότερο σημαντική από την οικογένειά μου,,
3312,9.0,"I do not care what others think, I am always right.","Δεν με νοιάζει τι σκέφτονται οι άλλοι, έχω πάντα δίκιο",,
3313,11.0,I haven't cried in 20 years.,Δεν έχω κλάψει εδώ και 20 χρόνια,,
3315,7.0,My friend told me I looked nice yesterday.,Ο φίλος μου μου είπε ότι φαίνομαι ωραία χθες,,
3316,7.0,I wouldn't trade my naturally brown hair for the world.,Δεν θα άλλαζα τα φυσικά καστανά μαλλιά μου με τον κόσμο,,
3319,11.0,I calmly handled an unexpected setback at work by analysing the situation.,Διαχείρισα ήρεμα μια απροσδόκητη οπισθοδρόμηση στη δουλειά αναλύοντας την κατάσταση,,
3322,15.0,"No, why would I wait until after another date to become more intimate?",,"Όχι, γιατί να περιμένω μετά από ένα άλλο ραντεβού για να γίνω πιο οικείος","Όχι, γιατί να περιμένω μετά από ένα άλλο ραντεβού για να γίνω πιο οικεία"
3323,7.0,I had to dress extra nicely for the sponsors meeting.,Έπρεπε να ντυθώ πολύ όμορφα για τη συνάντηση των χορηγών,,
3324,2.0,"I didn't raise my hand, because I was afraid to speak aloud.","Δεν σήκωσα το χέρι μου, γιατί φοβόμουν να μιλήσω δυνατά",,
3326,1.0,I was so angry I was shaking.,,Ήμουν τόσο θυμωμένος που έτρεμα,Ήμουν τόσο θυμωμένη που έτρεμα
3327,1.0,"I was desperate, because I was late.",,"Ήμουν απελπισμένος, γιατί άργησα","Ήμουν απελπισμένη, γιατί άργησα"
3328,15.0,"I must admit that every time I saw a woman in a tight dress, I wondered about the type of underwear she was wearing.","Πρέπει να ομολογήσω ότι κάθε φορά που έβλεπα μια γυναίκα με στενό φόρεμα, αναρωτιόμουν για το είδος των εσωρούχων που φορούσε",,
3329,11.0,"I did not take sides when my friends were arguing, I wanted to stay objective.",,"Δεν πήρα μέρος όταν οι φίλοι μου μάλωναν, ήθελα να παραμείνω αντικειμενικός","Δεν πήρα μέρος όταν οι φίλοι μου μάλωναν, ήθελα να παραμείνω αντικειμενική"
3331,5.0,"My partner prefers animals, but I wouldn't be able to live without human company.","Ο σύντροφός μου προτιμά τα ζώα, αλλά δεν θα μπορούσα να ζήσω χωρίς ανθρώπινη παρέα",,
3333,9.0,I walked up to my boss and told him my opinion.,Πήγα στο αφεντικό μου και του είπα τη γνώμη μου,,
3334,8.0,I am determined to protect my loved ones.,,Είμαι αποφασισμένος να προστατεύσω τους αγαπημένους μου,Είμαι αποφασισμένη να προστατεύσω τους αγαπημένους μου
3335,2.0,I would always listen to everything the teacher said.,Πάντα θα άκουγα όλα όσα έλεγε ο δάσκαλος,,
3336,8.0,I told you I'd hurt you.,Σου είπα ότι θα σε πληγώσω,,
3337,14.0,I think my friend will never grow up.,Νομίζω ότι ο φίλος μου δεν θα μεγαλώσει ποτέ,,
3338,8.0,I killed a lion in the jungle.,Σκότωσα ένα λιοντάρι στη ζούγκλα,,
3339,13.0,I had to extend my office hours as there were too many students who wanted to consult their work with me.,"Έπρεπε να παρατείνω τις ώρες του γραφείου μου, καθώς υπήρχαν πάρα πολλοί φοιτητές που ήθελαν να συμβουλευτούν τη δουλειά τους μαζί μου",,
3340,5.0,I enjoy visiting the older neighbours and giving them company.,Μου αρέσει να επισκέπτομαι τους μεγαλύτερους γείτονες και να τους κάνω παρέα,,
3341,6.0,They say I'm very easily influenced.,Λένε ότι επηρεάζομαι πολύ εύκολα,,
3342,7.0,I always wore the latest fashion pieces and people appreciated that I was so fashionable.,Πάντα φορούσα τα πιο πρόσφατα κομμάτια μόδας και ο κόσμος εκτιμούσε ότι ήμουν τόσο μοντέρνα,,
3343,12.0,I paid for all their expenses.,Πληρώσα για όλα τα έξοδά τους,,
3344,10.0,I have always been a hard worker.,,Ήμουν πάντα σκληρά εργαζόμενος,Ήμουν πάντα σκληρά εργαζόμενη
3345,11.0,I'm the last one to believe such lies.,Είμαι ο τελευταίος που πιστεύει τέτοια ψέματα,,
3346,13.0,"I have always found it important to know my employees, their strengths and weaknesses and work with that appropriately.",,"Πάντα θεωρούσα σημαντικό να γνωρίζω τους υπαλλήλους μου, τα δυνατά και τα αδύνατα σημεία τους και να δουλεύω με αυτά κατάλληλα","Πάντα θεωρούσα σημαντικό να γνωρίζω τους υπαλλήλους μου, τα δυνατά και τα αδύνατα σημεία τους και να δουλεύω με αυτό κατάλληλα"
3347,4.0,I dusted the apartment at least three times a week.,Ξέπλυνα το διαμέρισμα τουλάχιστον τρεις φορές την εβδομάδα,,
3348,3.0,I engaged in meaningful conversations and provided companionship to the elderly residents.,Έκανα ουσιαστικές συζητήσεις και παρείχα συντροφιά στους ηλικιωμένους κατοίκους,,
3349,2.0,"I knew I should have been kinder, because kindness is essential in life.",,"Ήξερα ότι έπρεπε να ήμουν πιο ευγενικός, γιατί η καλοσύνη είναι απαραίτητη στη ζωή","Ήξερα ότι έπρεπε να ήμουν πιο ευγενική, γιατί η καλοσύνη είναι απαραίτητη στη ζωή"
3351,3.0,I would never want my kids to fend for themselves.,Δεν θα ήθελα ποτέ τα παιδιά μου να τα βγάλουν πέρα ​​μόνα τους,,
3352,12.0,I gave my old car to my brother who is still in college.,Έδωσα το παλιό μου αυτοκίνητο στον αδερφό μου που είναι ακόμα στο κολέγιο,,
3354,3.0,I was compassionate.,Ήμουν συμπονετικός,,
3355,8.0,I didn't fear any threats.,Δεν φοβήθηκα καμία απειλή,,
3356,11.0,I preferred to deal with it by myself.,,Προτίμησα να το αντιμετωπίσω μόνος μου,Προτίμησα να το αντιμετωπίσω μόνη μου
3357,9.0,I argued with the policeman about the parking ticket.,Μάλωσα με τον αστυνομικό για το εισιτήριο στάθμευσης,,
3358,3.0,"I could see she wasn't feeling well, so I made her some hot chocolate.","Έβλεπα ότι δεν ένιωθε καλά, οπότε της έφτιαξα ζεστή σοκολάτα",,
3359,2.0,I often remained silent in uncomfortable situations not to displease anyone.,Συχνά παρέμενα σιωπηλός σε άβολες καταστάσεις για να μην δυσαρεστήσω κανέναν,,
3362,8.0,I organized the hunting trip.,Οργάνωσα το κυνηγετικό ταξίδι,,
3363,13.0,I gave the order.,Έδωσα την εντολή,,
3365,10.0,"I am a scientist, I specialise in marine biology.","Είμαι επιστήμονας, ειδικεύομαι στη θαλάσσια βιολογία",,
3366,1.0,I like listening to other people's dramas.,Μου αρέσει να ακούω τα δράματα άλλων ανθρώπων,,
3367,6.0,"During a workout session, I struggled to complete the exercises.","Κατά τη διάρκεια μιας προπόνησης, δυσκολεύτηκα να ολοκληρώσω τις ασκήσεις",,
3371,13.0,I wasn't even nervous before my big presentation.,,Δεν ήμουν καν νευρικός πριν από τη μεγάλη μου παρουσίαση,Δεν ήμουν καν νευρική πριν από τη μεγάλη μου παρουσίαση
3372,2.0,I apologized even when I wasn't at fault.,Ζήτησα συγγνώμη ακόμα κι όταν δεν έφταιγα,,
3373,1.0,I gave them money and now I don't know how I'm going to make it to the end of the month.,Τους έδωσα χρήματα και τώρα δεν ξέρω πώς θα τα καταφέρω μέχρι το τέλος του μήνα,,
3374,14.0,I did not listen because I got distracted easily.,Δεν άκουσα γιατί αποσπάθηκα εύκολα,,
3375,2.0,I spent a lot of mental effort to finally speak up.,Έκανα πολλή διανοητική προσπάθεια για να μιλήσω επιτέλους,,
3376,11.0,"When I'm angry, I don't engage in exchanges with anyone.",,"Όταν είμαι θυμωμένος, δεν κάνω ανταλλαγές με κανέναν","Όταν είμαι θυμωμένη, δεν κάνω ανταλλαγές με κανέναν"
3377,16.0,I can see that I've put on muscle mass.,Μπορώ να δω ότι έχω βάλει μυϊκή μάζα,,
3378,13.0,I led the team towards victory.,οδήγησα την ομάδα προς τη νίκη,,
3379,2.0,I apologized all the time not to seem impolite.,Ζήτησα συγγνώμη όλη την ώρα για να μη φανώ αγενής,,
3380,6.0,"I thought I could do the whole workout, but I was wrong.","Νόμιζα ότι μπορούσα να κάνω όλη την προπόνηση, αλλά έκανα λάθος",,
3381,3.0,I took my grandmother to see the flower exhibition.,Πήρα τη γιαγιά μου να δω την έκθεση λουλουδιών,,
3382,14.0,I never worried too much.,Ποτέ δεν ανησυχούσα πολύ,,
3383,13.0,"I knew what the leadership qualities were, I had lots of experience in this area.","Ήξερα ποιες ήταν οι ηγετικές ιδιότητες, είχα μεγάλη εμπειρία σε αυτόν τον τομέα",,
3384,2.0,I felt the situation was totally out of my control.,Ένιωσα ότι η κατάσταση ήταν εντελώς εκτός ελέγχου μου,,
3389,5.0,"I have a sociable nature, and it makes me an excellent host and event organizer.",Έχω κοινωνικό χαρακτήρα και αυτό με κάνει εξαιρετικό οικοδεσπότη και διοργανωτή εκδηλώσεων,,
3390,12.0,I saved up a lot of money for the wedding.,Έχω αποταμιεύσει πολλά χρήματα για το γάμο,,
3392,5.0,I am very proud when people in my community are doing well.,,Είμαι πολύ περήφανος όταν οι άνθρωποι στην κοινότητά μου πάνε καλά,Είμαι πολύ περήφανη όταν οι άνθρωποι στην κοινότητά μου πάνε καλά
3393,14.0,I had a hard time respecting authorities.,Δυσκολεύτηκα να σεβαστώ τις αρχές,,
3395,4.0,I wish I had more time to keep this flat clean.,Μακάρι να είχα περισσότερο χρόνο για να κρατήσω αυτό το διαμέρισμα καθαρό,,
3397,7.0,I like to dress nicely.,Μου αρέσει να ντύνομαι όμορφα,,
3398,14.0,I played with lego and had fun although I was an adult.,Έπαιζα με lego και διασκέδασα αν και ήμουν ενήλικας,,
3401,9.0,I knew that my contributions were valuable for the company.,Ήξερα ότι οι συνεισφορές μου ήταν πολύτιμες για την εταιρεία,,
3402,12.0,It was my duty to provide for them materially.,Ήταν καθήκον μου να τους παρέχω υλικά,,
3404,14.0,I wanted to smash that cake like a child.,Ήθελα να σπάσω αυτό το κέικ σαν παιδί,,
3405,16.0,I pushed the huge rock aside so we could pass.,Έσπρωξα τον τεράστιο βράχο στην άκρη για να μπορέσουμε να περάσουμε,,
3407,9.0,I always knew I was born for this job.,Πάντα ήξερα ότι γεννήθηκα για αυτή τη δουλειά,,
3408,15.0,I had sex at various public places.,Έκανα σεξ σε διάφορους δημόσιους χώρους,,
3409,15.0,I got so angry after they accused me of sexual assault.,Θύμωσα τόσο πολύ αφού με κατηγόρησαν για σεξουαλική επίθεση,,
3410,13.0,I mobilised others to come together for a common cause and make a positive impact on society.,Κινητοποίησα άλλους να ενωθούν για έναν κοινό σκοπό και να έχουν θετικό αντίκτυπο στην κοινωνία,,
3412,2.0,"They have always praised my gentle spirit, and I tried to live up to it.",Πάντα υμνούσαν το ευγενικό μου πνεύμα και προσπάθησα να το ανταποκριθώ,,
3413,7.0,I have often received compliments about my good looks and now I am confident.,Έχω δεχτεί συχνά κομπλιμέντα για την καλή μου εμφάνιση και τώρα έχω αυτοπεποίθηση,,
3414,13.0,I've always been a friend to my employees rather than a boss.,Ήμουν πάντα φίλος με τους υπαλλήλους μου παρά αφεντικό,,
3419,2.0,I did as they asked me to.,Έκανα όπως μου ζήτησαν,,
3420,11.0,I made the best choice based on the available data.,Έκανα την καλύτερη επιλογή με βάση τα διαθέσιμα δεδομένα,,
3421,7.0,I am stunning.,,Είμαι εκπληκτικός,Είμαι εκπληκτική
3422,15.0,I never hid my dirty mind.,Ποτέ δεν έκρυψα το βρώμικο μυαλό μου,,
3423,11.0,I always knew what I wanted and what I had to do to get it.,Πάντα ήξερα τι ήθελα και τι έπρεπε να κάνω για να το αποκτήσω,,
3424,15.0,I enjoyed it when they took their clothes off.,Το απόλαυσα όταν έβγαλαν τα ρούχα τους,,
3425,14.0,"When I retired, I ordered a silly goodbye cake for my colleagues.","Όταν αποσύρθηκα, παρήγγειλα μια ανόητη τούρτα αποχαιρετισμού για τους συναδέλφους μου",,
3426,10.0,"I communicated effectively with the team, displaying professionalism.","Επικοινωνούσα αποτελεσματικά με την ομάδα, επιδεικνύοντας επαγγελματισμό",,
3427,4.0,I like it when I can clean alone and my partner is relaxing at that time.,,Μου αρέσει όταν μπορώ να καθαρίζω μόνος μου και ο σύντροφός μου χαλαρώνει εκείνη την ώρα,Μου αρέσει όταν μπορώ να καθαρίζω μόνη μου και ο σύντροφός μου χαλαρώνει εκείνη την ώρα
3428,4.0,I made sure the guest felt at home here.,Φροντίστηκα ότι ο επισκέπτης αισθάνθηκε σαν στο σπίτι του εδώ,,
3429,3.0,I could immediately sense something was wrong.,Μπορούσα αμέσως να αισθανθώ ότι κάτι δεν πήγαινε καλά,,
3431,12.0,"Why were you paying for the coffee, when I told you I'll pay?","Γιατί πλήρωνες τον καφέ, όταν σου είπα ότι θα πληρώσω",,
3433,14.0,I could not commit.,Δεν μπορούσα να δεσμευτώ,,
3434,5.0,I'm friendly.,,Είμαι φιλικός,Είμαι φιλική
3437,11.0,I calmly confronted a misunderstanding.,Αντιμετώπισα ήρεμα μια παρεξήγηση,,
3438,6.0,If something happened I would have just panicked and run away.,"Αν συνέβαινε κάτι, θα είχα πανικοβληθεί και θα είχα φύγει μακριά",,
3439,3.0,"I don't like to meddle in people's problems, but if someone attacks my loved ones I don't hesitate for a second.","Δεν μου αρέσει να ανακατεύομαι στα προβλήματα των ανθρώπων, αλλά αν κάποιος επιτεθεί στα αγαπημένα μου πρόσωπα, δεν διστάζω ούτε λεπτό",,
3440,14.0,I don't like to talk about commitments.,Δεν μου αρέσει να μιλάω για δεσμεύσεις,,
3442,4.0,I had to get rid of the stain immediately.,Έπρεπε να απαλλαγώ από τον λεκέ αμέσως,,
3443,12.0,I like the feeling of providing for others.,Μου αρέσει η αίσθηση του να παρέχω στους άλλους,,
3444,8.0,"I didn't want to break up, but I didn't want to show my sensitive side either.","Δεν ήθελα να χωρίσουμε, αλλά δεν ήθελα να δείξω ούτε την ευαίσθητη πλευρά μου",,
3445,11.0,I didn't panic and immediately gave them first aid.,Δεν πανικοβλήθηκα και τους έδωσα αμέσως τις πρώτες βοήθειες,,
3446,2.0,I am always empathetic to people close to me.,,Είμαι πάντα συμπονετικός με τους κοντινούς μου ανθρώπους,Είμαι πάντα συμπονετική με τους κοντινούς μου ανθρώπους
3447,3.0,On weekends I worked in a nursing home.,Τα Σαββατοκύριακα δούλευα σε οίκο ευγηρίας,,
3449,10.0,I called a meeting so we could discuss the strategic plan.,Κάλεσα μια συνάντηση για να συζητήσουμε το στρατηγικό σχέδιο,,
3451,12.0,"When I make a lot of money, I feel happy because I know my family will not suffer.",,"Όταν βγάζω πολλά χρήματα, νιώθω ευτυχισμένος γιατί ξέρω ότι η οικογένειά μου δεν θα υποφέρει","Όταν βγάζω πολλά χρήματα, νιώθω ευτυχισμένη γιατί ξέρω ότι η οικογένειά μου δεν θα υποφέρει"
3452,10.0,"I like to have my coffee on the table at 9:00 AM every day, can you do it?","Μου αρέσει να πίνω τον καφέ μου στο τραπέζι στις 9:00 π.μ. κάθε μέρα, μπορείς να το κάνεις",,
3453,12.0,I donated a lot of money to various charities.,Έδωσα πολλά χρήματα σε διάφορες φιλανθρωπικές οργανώσεις,,
3454,4.0,I assumed nobody wanted to help me with chores.,Υπέθεσα ότι κανείς δεν ήθελε να με βοηθήσει στις δουλειές,,
3455,11.0,I feel that I'm good at solving problems.,,Νιώθω ότι είμαι καλός στο να λύνω προβλήματα,Νιώθω ότι είμαι καλή στο να λύνω προβλήματα
3456,1.0,"When I was younger, I was one of the die-hard fans of that band, I would cry when seeing their concert.",,"Όταν ήμουν νεότερος, ήμουν ένας από τους σκληρούς θαυμαστές αυτού του συγκροτήματος, έκλαιγα όταν έβλεπα τη συναυλία τους","Όταν ήμουν νεότερη, ήμουν ένας από τους σκληρούς θαυμαστές αυτού του συγκροτήματος, έκλαιγα όταν έβλεπα τη συναυλία τους"
3457,15.0,I never let anybody be dominant when having sex with me.,Ποτέ δεν αφήνω κανέναν να είναι κυρίαρχος όταν κάνει σεξ μαζί μου,,
3458,8.0,I don't need to carry guns with me because I'm strong enough to defend myself.,,Δεν χρειάζεται να έχω μαζί μου όπλα γιατί είμαι αρκετά δυνατός για να υπερασπιστώ τον εαυτό μου,Δεν χρειάζεται να έχω μαζί μου όπλα γιατί είμαι αρκετά δυνατή για να υπερασπιστώ τον εαυτό μου
3459,11.0,"I chose the car based on the specs, not the looks.","Επέλεξα το αυτοκίνητο με βάση τις προδιαγραφές, όχι την εμφάνιση",,
3462,7.0,"They've been telling me that I'm beautiful, but I'm more than that.","Μου έλεγαν ότι είμαι όμορφη, αλλά είμαι κάτι περισσότερο από αυτό",,
3465,2.0,I baked a cake to make them happy.,Έφτιαξα ένα κέικ για να τους κάνω χαρούμενους,,
3466,1.0,I had a bad feeling about them the second I saw them.,Είχα άσχημα συναισθήματα για αυτούς τη στιγμή που τους είδα,,
3467,10.0,I went to a conference.,Πήγα σε ένα συνέδριο,,
3468,7.0,"As I stepped into the room, everyone was looking at me.","Καθώς μπήκα στο δωμάτιο, όλοι με κοιτούσαν",,
3469,7.0,I liked when my partner complimented my appearance.,Μου άρεσε όταν ο σύντροφός μου έκανε κομπλιμέντα για την εμφάνισή μου,,
3470,13.0,I was elected in the last elections.,Εκλέχθηκα στις τελευταίες εκλογές,,
3471,11.0,I don't like to make rash decisions - they would only harm my reputation.,Δεν μου αρέσει να παίρνω βιαστικές αποφάσεις - θα έβλαπταν μόνο τη φήμη μου,,
3472,7.0,"I received special attention at social events, with many individuals expressing their admiration for my good looks.","Έλαβα ιδιαίτερη προσοχή σε κοινωνικές εκδηλώσεις, με πολλά άτομα να εκφράζουν τον θαυμασμό τους για την καλή μου εμφάνιση",,
3473,2.0,I feel so pretty today.,,Αισθάνομαι τόσο όμορφος σήμερα,Αισθάνομαι τόσο όμορφη σήμερα
3474,2.0,"I didn't like the situation, but I preferred to stay quiet.",,"Δεν μου άρεσε η κατάσταση, αλλά προτίμησα να μείνω ήσυχος","Δεν μου άρεσε η κατάσταση, αλλά προτίμησα να μείνω ήσυχη"
3475,7.0,"I was frequently approached by strangers who wanted to strike up conversations based on my good looks, so I knew I looked good.","Με πλησίαζαν συχνά άγνωστοι που ήθελαν να ξεκινήσουν συζητήσεις με βάση την καλή μου εμφάνιση, οπότε ήξερα ότι φαίνομαι ωραία",,
3476,3.0,"My friend was having a bad day, so I bought some food and went to see her.","Η φίλη μου είχε μια κακή μέρα, οπότε αγόρασα λίγο φαγητό και πήγα να τη δω",,
3477,15.0,I don't like condoms.,Δεν μου αρέσουν τα προφυλακτικά,,
3478,8.0,I protected everyone.,Προστάτεψα τους πάντες,,
3479,9.0,I would be the best president this country has ever seen.,Θα ήμουν ο καλύτερος πρόεδρος που έχει δει ποτέ αυτή η χώρα,,
3480,10.0,I always strived for a promotion.,Πάντα προσπαθούσα για προαγωγή,,
3481,16.0,I'm proud that I inspire others on their fitness journey with my hard work.,,Είμαι περήφανος που εμπνέω άλλους στο ταξίδι τους στη φυσική κατάσταση με τη σκληρή δουλειά μου,Είμαι περήφανη που εμπνέω άλλους στο ταξίδι τους στη φυσική κατάσταση με τη σκληρή δουλειά μου
3482,1.0,"As soon as my paycheck came, I went shopping.","Μόλις ήρθε ο μισθός μου, πήγα για ψώνια",,
3484,15.0,I love bachelor parties.,Λατρεύω τα μπάτσελορ πάρτι,,
3486,6.0,I was forced to sign up for a self-defence course.,Αναγκάστηκα να εγγραφώ για ένα μάθημα αυτοάμυνας,,
3487,9.0,I could easily beat you in tennis.,Θα μπορούσα εύκολα να σε νικήσω στο τένις,,
3488,8.0,I got bitten by a snake but I remained calm.,,"Με δάγκωσε ένα φίδι, αλλά παρέμεινα ήρεμος","Με δάγκωσε ένα φίδι, αλλά παρέμεινα ήρεμη"
3491,16.0,I have paid a personal trainer to help me with my workouts.,Πληρώσα έναν προσωπικό γυμναστή για να με βοηθήσει στις προπονήσεις μου,,
3492,12.0,"I earned a lot more than my partner, and now my partner is a stay-at-home parent.",Κέρδισα πολύ περισσότερα από τον σύντροφό μου και τώρα ο σύντροφός μου είναι γονιός που μένει στο σπίτι,,
3493,4.0,I hated when my partner was washing the dishes because I knew that I could do it better.,Μισούσα όταν ο σύντροφός μου έπλενε τα πιάτα γιατί ήξερα ότι μπορούσα να το κάνω καλύτερα,,
3494,13.0,I like being in charge.,Μου αρέσει να είμαι επικεφαλής,,
3495,9.0,I am dedicated.,,Είμαι αφοσιωμένος,Είμαι αφοσιωμένη
3496,10.0,"As a lawyer, I meticulously researched case precedents and prepared persuasive arguments for the courtroom.","Ως δικηγόρος, ερεύνησα σχολαστικά προηγούμενα υποθέσεων και ετοίμασα πειστικά επιχειρήματα για την αίθουσα του δικαστηρίου",,
3497,3.0,I made coffee for everyone in our team before we started the team meeting.,Έφτιαξα καφέ για όλους στην ομάδα μας πριν ξεκινήσουμε τη συνάντηση της ομάδας,,
3499,7.0,I like it when the hairdresser massages my head.,Μου αρέσει όταν ο κομμωτής μου κάνει μασάζ στο κεφάλι,,
3500,3.0,I called the vet immediately after I noticed that the bird was limping.,Κάλεσα τον κτηνίατρο αμέσως αφού παρατήρησα ότι το πουλί κουτσούσε,,
3501,3.0,Taking care of my children is the least I can do for my family.,Το να φροντίζω τα παιδιά μου είναι το λιγότερο που μπορώ να κάνω για την οικογένειά μου,,
3502,2.0,I was always the one who did most of the work in group assignments.,,Ήμουν πάντα αυτός που έκανα την περισσότερη δουλειά σε ομαδικές εργασίες,Ήμουν πάντα αυτή που έκανα την περισσότερη δουλειά σε ομαδικές εργασίες
3503,5.0,"I know it's important to be alone with yourself, but I just couldn't do it.",,"Ξέρω ότι είναι σημαντικό να είσαι μόνος με τον εαυτό σου, αλλά δεν μπορούσα να το κάνω","Ξέρω ότι είναι σημαντικό να είσαι μόνη με τον εαυτό σου, αλλά δεν μπορούσα να το κάνω"
3504,5.0,I had to cheer others up.,Έπρεπε να εμψυχώσω τους άλλους,,
3505,3.0,I felt helpful because I could host a party.,,Ένιωσα χρήσιμος γιατί μπορούσα να διοργανώσω ένα πάρτι,Ένιωσα χρήσιμη γιατί μπορούσα να διοργανώσω ένα πάρτι
3507,7.0,I put on this new perfume today and everyone is turning around to see me.,Έβαλα αυτό το νέο άρωμα σήμερα και όλοι γυρίζουν να με δουν,,
3508,1.0,"I couldn't look, it made me feel sick.","Δεν μπορούσα να κοιτάξω, με έκανε να νιώθω άρρωστος",,
3509,4.0,I kept the kitchen area clean to prevent a buildup of dirty dishes.,Διατήρησα τον χώρο της κουζίνας καθαρό για να αποτρέψω τη συσσώρευση βρώμικων πιάτων,,
3511,1.0,I was scared because there was a spider in my shower.,Φοβήθηκα γιατί υπήρχε μια αράχνη στο ντους μου,,
3512,8.0,I drank very heavily.,Ήπια πολύ πολύ,,
3513,5.0,I wanted to make more friends.,Ήθελα να κάνω περισσότερους φίλους,,
3514,11.0,I never talked about my feelings with my friends.,Ποτέ δεν μίλησα για τα συναισθήματά μου με τους φίλους μου,,
3516,14.0,My partner never truly listens to what I'm saying and I find it childish.,Ο σύντροφός μου δεν ακούει ποτέ πραγματικά τι λέω και το βρίσκω παιδικό,,
3517,13.0,I was elected as the new mayor of the town.,,Εκλέχθηκα ως νέος δήμαρχος της πόλης,Εκλέχτηκα ως νέος δήμαρχος της πόλης
3518,10.0,"As a software engineer, I consistently demonstrated a strong work ethic and attention to detail.","Ως μηχανικός λογισμικού, επέδειξα σταθερά μια ισχυρή εργασιακή ηθική και προσοχή στη λεπτομέρεια",,
3519,13.0,I like to divide the tasks.,Μου αρέσει να μοιράζω τα καθήκοντα,,
3520,11.0,I invested my money so that I have some passive income.,Επένδυσα τα χρήματά μου για να έχω κάποιο παθητικό εισόδημα,,
3521,15.0,I swam naked.,,Κολύμπησα γυμνός,Κολύμπησα γυμνή
3522,13.0,I led my team to success.,Οδήγησα την ομάδα μου στην επιτυχία,,
3523,1.0,I impulsively quit my job without a backup plan.,Παρορμητικά παράτησα τη δουλειά μου χωρίς εφεδρικό σχέδιο,,
3525,4.0,"I was nervous, because I had no time to clean the bathroom.",,"Ήμουν νευρικός, γιατί δεν είχα χρόνο να καθαρίσω το μπάνιο","Ήμουν νευρική, γιατί δεν είχα χρόνο να καθαρίσω το μπάνιο"
3526,14.0,I always thought that life is a game and you have to enjoy it.,Πάντα πίστευα ότι η ζωή είναι ένα παιχνίδι και πρέπει να το απολαμβάνεις,,
3527,6.0,I was never good at sports.,,Ποτέ δεν ήμουν καλός στον αθλητισμό,Ποτέ δεν ήμουν καλή στον αθλητισμό
3529,7.0,I thought I was the most beautiful at the event.,Νόμιζα ότι ήμουν η πιο όμορφη στο συμβάν,,
3530,9.0,I liked speaking in front of a huge audience.,Μου άρεσε να μιλάω μπροστά σε ένα τεράστιο κοινό,,
3532,12.0,I rented the house for them.,Τους νοίκιασα το σπίτι,,
3533,6.0,I did what they told me to do to fit in.,"Έκανα ό,τι μου είπαν να κάνω για να ταιριάξω",,
3534,9.0,I bought a castle to renovate it.,αγόρασα ένα κάστρο για να το ανακαινίσω,,
3536,1.0,"The last time I had a fight with my parents, I locked myself in the attic for the day.","Την τελευταία φορά που τσακώθηκα με τους γονείς μου, κλείστηκα στη σοφίτα για όλη τη μέρα",,
3540,6.0,"When they called and told me what had happened, I collapsed.","Όταν μου τηλεφώνησαν και μου είπαν τι είχε συμβεί, κατέρρευσα",,
3541,3.0,"It was comforting for me, that I cooked for my family.",Ήταν ανακουφιστικό για μένα που μαγείρευα για την οικογένειά μου,,
3542,14.0,I liked to play computer games and lived in my mom's basement although I was an adult.,Μου άρεσε να παίζω παιχνίδια στον υπολογιστή και ζούσα στο υπόγειο της μαμάς μου αν και ήμουν ενήλικας,,
3543,13.0,I was in charge of the whole project.,,Ήμουν υπεύθυνος για όλο το έργο,Ήμουν υπεύθυνη για όλο το έργο
3544,9.0,I had no doubt.,Δεν είχα καμία αμφιβολία,,
3545,7.0,I spent hours in front of the mirror.,Πέρασα ώρες μπροστά στον καθρέφτη,,
3549,11.0,I evaluated all the costs and benefits before making the decision.,Αξιολόγησα όλα τα κόστη και τα οφέλη πριν πάρω την απόφαση,,
3551,2.0,I have been taught to smile even when I am sad or angry.,Με έχουν μάθει να χαμογελώ ακόμα κι όταν είμαι λυπημένος ή θυμωμένος,,
3552,14.0,"I'd like to trade football cards, but I don't have anyone to trade them with.","Θα ήθελα να ανταλλάξω κάρτες ποδοσφαίρου, αλλά δεν έχω κανέναν να τις ανταλλάξω",,
3556,2.0,"My friend was having a bad day, so I bought some food and went to see her.","Η φίλη μου είχε μια κακή μέρα, οπότε αγόρασα λίγο φαγητό και πήγα να τη δω",,
3558,7.0,I'd like to be pretty like Hollywood stars.,,Θα ήθελα να είμαι όμορφος σαν σταρ του Χόλιγουντ,Θα ήθελα να είμαι όμορφη σαν σταρ του Χόλιγουντ
3559,6.0,I could not keep up with their tempo.,Δεν μπορούσα να συμβαδίσω με τον ρυθμό τους,,
3560,12.0,I established an emergency fund to protect my family from unexpected expenses.,Δημιουργώ ένα ταμείο έκτακτης ανάγκης για να προστατεύσω την οικογένειά μου από απροσδόκητα έξοδα,,
3562,15.0,I liked the way you walked.,Μου άρεσε ο τρόπος που περπατούσες,,
